
        INSERT INTO clients (client_id, employee_id, registration_date, client_type_id, first_name, second_name, first_surname, second_surname, married_name, family_status_id, phone_number, cellphone_number, email, identification_type_id, identification_number, nit_homologation) VALUES (NULL, 1, NOW(), 1, 'Amilcar', 'Balmoris', 'Olivar', 'Aguiñada', , 1, 0, 0, 1, '', 'true');
        INSERT INTO loan_applications (loan_application_id, loan_application_number, application_date, agency_id, client_id, employee_id, destination_id, guarantee_type_id, amount, term, status) VALUES (01000, LPAD(01000, 8, '0'), 'NULL', 1, NULL, 1, NULL, 1, 300.0, 8, 'approved');
        INSERT INTO loans (loan_id, loan_number, loan_application_id, destination_id, approval_date, outlay_date, due_date, last_payment_date, next_payment_date, balance, status) VALUES (01000, LPAD(01000, 9, '0'), 01000, NULL, 'NULL', NULL, NULL, '2024-10-20', NULL, 226.7, 'in_progress');
        INSERT INTO loan_deductions (loan_deduction_id, loan_id, financial_advice, iva_financial_advice, notarial_charges, registration_expenses, balance_cancellation, loan_cancellation_id, other_expenses, total_deductions, other_expenses_description) VALUES (01000, 01000, NULL, 1.17, 0, 0, 0, NULL, 0.0, NULL, '' );
        INSERT INTO outlay_conditions (outlay_condition_id, loan_id, type, date, place, amount, cash_to, check_to, bank, bank_account_number, bank_account_owner, local_account_number, local_account_owner) VALUES (NULL, 01000, 1, 'NULL', 'Agencia Central', NULL, NULL, NULL, NULL, NULL, NULL, NULL, NULL);
        INSERT INTO amortizations (amortization_id, amortizationable_id, amortizationable_type, date, amount, term, interest_rate, include_iva, include_insurance, payment, payment_frequency_id, amortization_method_id, is_payment_variable, interest_payment_frequency_id, last_payment, last_payment_date, comment) VALUES (NULL, 01000, 'loan', 'NULL', 300.0, 8, NULL, 1.17, False, NULL, NULL, NULL, NULL, NULL, '2024-10-20', '');

        INSERT INTO clients (client_id, employee_id, registration_date, client_type_id, first_name, second_name, first_surname, second_surname, married_name, family_status_id, phone_number, cellphone_number, email, identification_type_id, identification_number, nit_homologation) VALUES (NULL, 1, NOW(), 1, 'Liliana', 'Lisseth', 'Osegueda', 'De', Lopez, 1, 0, 0, 1, '', 'true');
        INSERT INTO loan_applications (loan_application_id, loan_application_number, application_date, agency_id, client_id, employee_id, destination_id, guarantee_type_id, amount, term, status) VALUES (01001, LPAD(01001, 8, '0'), 'NULL', 1, NULL, 1, NULL, 1, 1000.0, 20, 'approved');
        INSERT INTO loans (loan_id, loan_number, loan_application_id, destination_id, approval_date, outlay_date, due_date, last_payment_date, next_payment_date, balance, status) VALUES (01001, LPAD(01001, 9, '0'), 01001, NULL, 'NULL', NULL, NULL, '2024-10-21', NULL, 928.25, 'in_progress');
        INSERT INTO loan_deductions (loan_deduction_id, loan_id, financial_advice, iva_financial_advice, notarial_charges, registration_expenses, balance_cancellation, loan_cancellation_id, other_expenses, total_deductions, other_expenses_description) VALUES (01001, 01001, NULL, 3.9, 0, 0, 0, NULL, 0.0, NULL, '' );
        INSERT INTO outlay_conditions (outlay_condition_id, loan_id, type, date, place, amount, cash_to, check_to, bank, bank_account_number, bank_account_owner, local_account_number, local_account_owner) VALUES (NULL, 01001, 1, 'NULL', 'Agencia Central', NULL, NULL, NULL, NULL, NULL, NULL, NULL, NULL);
        INSERT INTO amortizations (amortization_id, amortizationable_id, amortizationable_type, date, amount, term, interest_rate, include_iva, include_insurance, payment, payment_frequency_id, amortization_method_id, is_payment_variable, interest_payment_frequency_id, last_payment, last_payment_date, comment) VALUES (NULL, 01001, 'loan', 'NULL', 1000.0, 20, NULL, 3.9, False, NULL, NULL, NULL, NULL, NULL, '2024-10-21', '');

        INSERT INTO clients (client_id, employee_id, registration_date, client_type_id, first_name, second_name, first_surname, second_surname, married_name, family_status_id, phone_number, cellphone_number, email, identification_type_id, identification_number, nit_homologation) VALUES (NULL, 1, NOW(), 1, 'Rosa', 'Carolina', 'Alfaro', 'Maravilla', , 1, 0, 0, 1, '', 'true');
        INSERT INTO loan_applications (loan_application_id, loan_application_number, application_date, agency_id, client_id, employee_id, destination_id, guarantee_type_id, amount, term, status) VALUES (01002, LPAD(01002, 8, '0'), 'NULL', 1, NULL, 1, NULL, 1, 500.0, 8, 'approved');
        INSERT INTO loans (loan_id, loan_number, loan_application_id, destination_id, approval_date, outlay_date, due_date, last_payment_date, next_payment_date, balance, status) VALUES (01002, LPAD(01002, 9, '0'), 01002, NULL, 'NULL', NULL, NULL, '2024-10-21', NULL, 385.14, 'in_progress');
        INSERT INTO loan_deductions (loan_deduction_id, loan_id, financial_advice, iva_financial_advice, notarial_charges, registration_expenses, balance_cancellation, loan_cancellation_id, other_expenses, total_deductions, other_expenses_description) VALUES (01002, 01002, NULL, 1.95, 0, 0, 0, NULL, 0.0, NULL, '' );
        INSERT INTO outlay_conditions (outlay_condition_id, loan_id, type, date, place, amount, cash_to, check_to, bank, bank_account_number, bank_account_owner, local_account_number, local_account_owner) VALUES (NULL, 01002, 1, 'NULL', 'Agencia Central', NULL, NULL, NULL, NULL, NULL, NULL, NULL, NULL);
        INSERT INTO amortizations (amortization_id, amortizationable_id, amortizationable_type, date, amount, term, interest_rate, include_iva, include_insurance, payment, payment_frequency_id, amortization_method_id, is_payment_variable, interest_payment_frequency_id, last_payment, last_payment_date, comment) VALUES (NULL, 01002, 'loan', 'NULL', 500.0, 8, NULL, 1.95, False, NULL, NULL, NULL, NULL, NULL, '2024-10-21', '');

        INSERT INTO clients (client_id, employee_id, registration_date, client_type_id, first_name, second_name, first_surname, second_surname, married_name, family_status_id, phone_number, cellphone_number, email, identification_type_id, identification_number, nit_homologation) VALUES (NULL, 1, NOW(), 1, 'Edelmira', 'Del', 'Carmen', 'Moran', , 1, 0, 0, 1, '', 'true');
        INSERT INTO loan_applications (loan_application_id, loan_application_number, application_date, agency_id, client_id, employee_id, destination_id, guarantee_type_id, amount, term, status) VALUES (01003, LPAD(01003, 8, '0'), 'NULL', 1, NULL, 1, NULL, 1, 500.0, 14, 'approved');
        INSERT INTO loans (loan_id, loan_number, loan_application_id, destination_id, approval_date, outlay_date, due_date, last_payment_date, next_payment_date, balance, status) VALUES (01003, LPAD(01003, 9, '0'), 01003, NULL, 'NULL', NULL, NULL, '2024-10-28', NULL, 331.47999999999996, 'in_progress');
        INSERT INTO loan_deductions (loan_deduction_id, loan_id, financial_advice, iva_financial_advice, notarial_charges, registration_expenses, balance_cancellation, loan_cancellation_id, other_expenses, total_deductions, other_expenses_description) VALUES (01003, 01003, NULL, 1.95, 0, 0, 0, NULL, 0.0, NULL, '' );
        INSERT INTO outlay_conditions (outlay_condition_id, loan_id, type, date, place, amount, cash_to, check_to, bank, bank_account_number, bank_account_owner, local_account_number, local_account_owner) VALUES (NULL, 01003, 1, 'NULL', 'Agencia Central', NULL, NULL, NULL, NULL, NULL, NULL, NULL, NULL);
        INSERT INTO amortizations (amortization_id, amortizationable_id, amortizationable_type, date, amount, term, interest_rate, include_iva, include_insurance, payment, payment_frequency_id, amortization_method_id, is_payment_variable, interest_payment_frequency_id, last_payment, last_payment_date, comment) VALUES (NULL, 01003, 'loan', 'NULL', 500.0, 14, NULL, 1.95, False, NULL, NULL, NULL, NULL, NULL, '2024-10-28', '');

        INSERT INTO clients (client_id, employee_id, registration_date, client_type_id, first_name, second_name, first_surname, second_surname, married_name, family_status_id, phone_number, cellphone_number, email, identification_type_id, identification_number, nit_homologation) VALUES (NULL, 4, NOW(), 1, 'Rosalba', 'Beatriz', 'Pascacio', 'Lopez', , 1, 0, 0, 1, '', 'true');
        INSERT INTO loan_applications (loan_application_id, loan_application_number, application_date, agency_id, client_id, employee_id, destination_id, guarantee_type_id, amount, term, status) VALUES (01004, LPAD(01004, 8, '0'), 'NULL', 1, NULL, 4, NULL, 1, 259.09, 20, 'approved');
        INSERT INTO loans (loan_id, loan_number, loan_application_id, destination_id, approval_date, outlay_date, due_date, last_payment_date, next_payment_date, balance, status) VALUES (01004, LPAD(01004, 9, '0'), 01004, NULL, 'NULL', NULL, NULL, '2024-10-28', NULL, 221.23999999999998, 'in_progress');
        INSERT INTO loan_deductions (loan_deduction_id, loan_id, financial_advice, iva_financial_advice, notarial_charges, registration_expenses, balance_cancellation, loan_cancellation_id, other_expenses, total_deductions, other_expenses_description) VALUES (01004, 01004, NULL, 0.98, 0, 0, 0, NULL, 0.0, NULL, '' );
        INSERT INTO outlay_conditions (outlay_condition_id, loan_id, type, date, place, amount, cash_to, check_to, bank, bank_account_number, bank_account_owner, local_account_number, local_account_owner) VALUES (NULL, 01004, 1, 'NULL', 'Agencia Central', NULL, NULL, NULL, NULL, NULL, NULL, NULL, NULL);
        INSERT INTO amortizations (amortization_id, amortizationable_id, amortizationable_type, date, amount, term, interest_rate, include_iva, include_insurance, payment, payment_frequency_id, amortization_method_id, is_payment_variable, interest_payment_frequency_id, last_payment, last_payment_date, comment) VALUES (NULL, 01004, 'loan', 'NULL', 259.09, 20, NULL, 0.98, False, NULL, NULL, NULL, NULL, NULL, '2024-10-28', '');

        INSERT INTO clients (client_id, employee_id, registration_date, client_type_id, first_name, second_name, first_surname, second_surname, married_name, family_status_id, phone_number, cellphone_number, email, identification_type_id, identification_number, nit_homologation) VALUES (NULL, 2, NOW(), 1, 'Roxana', 'Elizabeth', 'Morales', 'De', Menjivar, 1, 0, 0, 1, '', 'true');
        INSERT INTO loan_applications (loan_application_id, loan_application_number, application_date, agency_id, client_id, employee_id, destination_id, guarantee_type_id, amount, term, status) VALUES (01005, LPAD(01005, 8, '0'), 'NULL', 1, NULL, 2, NULL, 1, 3000.0, 48, 'approved');
        INSERT INTO loans (loan_id, loan_number, loan_application_id, destination_id, approval_date, outlay_date, due_date, last_payment_date, next_payment_date, balance, status) VALUES (01005, LPAD(01005, 9, '0'), 01005, NULL, 'NULL', NULL, NULL, '2024-10-23', NULL, 2971.0, 'in_progress');
        INSERT INTO loan_deductions (loan_deduction_id, loan_id, financial_advice, iva_financial_advice, notarial_charges, registration_expenses, balance_cancellation, loan_cancellation_id, other_expenses, total_deductions, other_expenses_description) VALUES (01005, 01005, NULL, 7.8, 0, 0, 0, NULL, 0.0, NULL, '' );
        INSERT INTO outlay_conditions (outlay_condition_id, loan_id, type, date, place, amount, cash_to, check_to, bank, bank_account_number, bank_account_owner, local_account_number, local_account_owner) VALUES (NULL, 01005, 1, 'NULL', 'Agencia Central', NULL, NULL, NULL, NULL, NULL, NULL, NULL, NULL);
        INSERT INTO amortizations (amortization_id, amortizationable_id, amortizationable_type, date, amount, term, interest_rate, include_iva, include_insurance, payment, payment_frequency_id, amortization_method_id, is_payment_variable, interest_payment_frequency_id, last_payment, last_payment_date, comment) VALUES (NULL, 01005, 'loan', 'NULL', 3000.0, 48, NULL, 7.8, True, NULL, NULL, NULL, NULL, NULL, '2024-10-23', '');

        INSERT INTO clients (client_id, employee_id, registration_date, client_type_id, first_name, second_name, first_surname, second_surname, married_name, family_status_id, phone_number, cellphone_number, email, identification_type_id, identification_number, nit_homologation) VALUES (NULL, 2, NOW(), 1, 'Maria', 'Margarita', 'Iraheta', '', , 1, 0, 0, 1, '', 'true');
        INSERT INTO loan_applications (loan_application_id, loan_application_number, application_date, agency_id, client_id, employee_id, destination_id, guarantee_type_id, amount, term, status) VALUES (01006, LPAD(01006, 8, '0'), 'NULL', 1, NULL, 2, NULL, 1, 800.0, 12, 'approved');
        INSERT INTO loans (loan_id, loan_number, loan_application_id, destination_id, approval_date, outlay_date, due_date, last_payment_date, next_payment_date, balance, status) VALUES (01006, LPAD(01006, 9, '0'), 01006, NULL, 'NULL', NULL, NULL, '2024-10-24', NULL, 687.54, 'in_progress');
        INSERT INTO loan_deductions (loan_deduction_id, loan_id, financial_advice, iva_financial_advice, notarial_charges, registration_expenses, balance_cancellation, loan_cancellation_id, other_expenses, total_deductions, other_expenses_description) VALUES (01006, 01006, NULL, 3.12, 0, 0, 0, NULL, 0.0, NULL, '' );
        INSERT INTO outlay_conditions (outlay_condition_id, loan_id, type, date, place, amount, cash_to, check_to, bank, bank_account_number, bank_account_owner, local_account_number, local_account_owner) VALUES (NULL, 01006, 1, 'NULL', 'Agencia Central', NULL, NULL, NULL, NULL, NULL, NULL, NULL, NULL);
        INSERT INTO amortizations (amortization_id, amortizationable_id, amortizationable_type, date, amount, term, interest_rate, include_iva, include_insurance, payment, payment_frequency_id, amortization_method_id, is_payment_variable, interest_payment_frequency_id, last_payment, last_payment_date, comment) VALUES (NULL, 01006, 'loan', 'NULL', 800.0, 12, NULL, 3.12, False, NULL, NULL, NULL, NULL, NULL, '2024-10-24', '');

        INSERT INTO clients (client_id, employee_id, registration_date, client_type_id, first_name, second_name, first_surname, second_surname, married_name, family_status_id, phone_number, cellphone_number, email, identification_type_id, identification_number, nit_homologation) VALUES (NULL, 1, NOW(), 1, 'Eva', 'Rivera', 'De', 'Melgar', Melgar, 1, 0, 0, 1, '', 'true');
        INSERT INTO loan_applications (loan_application_id, loan_application_number, application_date, agency_id, client_id, employee_id, destination_id, guarantee_type_id, amount, term, status) VALUES (01007, LPAD(01007, 8, '0'), 'NULL', 1, NULL, 1, NULL, 1, 500.0, 8, 'approved');
        INSERT INTO loans (loan_id, loan_number, loan_application_id, destination_id, approval_date, outlay_date, due_date, last_payment_date, next_payment_date, balance, status) VALUES (01007, LPAD(01007, 9, '0'), 01007, NULL, 'NULL', NULL, NULL, '2024-10-10', NULL, 444.37, 'in_progress');
        INSERT INTO loan_deductions (loan_deduction_id, loan_id, financial_advice, iva_financial_advice, notarial_charges, registration_expenses, balance_cancellation, loan_cancellation_id, other_expenses, total_deductions, other_expenses_description) VALUES (01007, 01007, NULL, 1.95, 0, 0, 0, NULL, 0.0, NULL, '' );
        INSERT INTO outlay_conditions (outlay_condition_id, loan_id, type, date, place, amount, cash_to, check_to, bank, bank_account_number, bank_account_owner, local_account_number, local_account_owner) VALUES (NULL, 01007, 1, 'NULL', 'Agencia Central', NULL, NULL, NULL, NULL, NULL, NULL, NULL, NULL);
        INSERT INTO amortizations (amortization_id, amortizationable_id, amortizationable_type, date, amount, term, interest_rate, include_iva, include_insurance, payment, payment_frequency_id, amortization_method_id, is_payment_variable, interest_payment_frequency_id, last_payment, last_payment_date, comment) VALUES (NULL, 01007, 'loan', 'NULL', 500.0, 8, NULL, 1.95, False, NULL, NULL, NULL, NULL, NULL, '2024-10-10', '');

        INSERT INTO clients (client_id, employee_id, registration_date, client_type_id, first_name, second_name, first_surname, second_surname, married_name, family_status_id, phone_number, cellphone_number, email, identification_type_id, identification_number, nit_homologation) VALUES (NULL, 1, NOW(), 1, 'Vilma', 'De', 'Jesus', 'Rodriguez', Jesus, 1, 0, 0, 1, '', 'true');
        INSERT INTO loan_applications (loan_application_id, loan_application_number, application_date, agency_id, client_id, employee_id, destination_id, guarantee_type_id, amount, term, status) VALUES (01009, LPAD(01009, 8, '0'), 'NULL', 1, NULL, 1, NULL, 1, 800.0, 14, 'approved');
        INSERT INTO loans (loan_id, loan_number, loan_application_id, destination_id, approval_date, outlay_date, due_date, last_payment_date, next_payment_date, balance, status) VALUES (01009, LPAD(01009, 9, '0'), 01009, NULL, 'NULL', NULL, NULL, '2024-10-25', NULL, 586.7800000000001, 'in_progress');
        INSERT INTO loan_deductions (loan_deduction_id, loan_id, financial_advice, iva_financial_advice, notarial_charges, registration_expenses, balance_cancellation, loan_cancellation_id, other_expenses, total_deductions, other_expenses_description) VALUES (01009, 01009, NULL, 3.12, 0, 0, 0, NULL, 0.0, NULL, '' );
        INSERT INTO outlay_conditions (outlay_condition_id, loan_id, type, date, place, amount, cash_to, check_to, bank, bank_account_number, bank_account_owner, local_account_number, local_account_owner) VALUES (NULL, 01009, 1, 'NULL', 'Agencia Central', NULL, NULL, NULL, NULL, NULL, NULL, NULL, NULL);
        INSERT INTO amortizations (amortization_id, amortizationable_id, amortizationable_type, date, amount, term, interest_rate, include_iva, include_insurance, payment, payment_frequency_id, amortization_method_id, is_payment_variable, interest_payment_frequency_id, last_payment, last_payment_date, comment) VALUES (NULL, 01009, 'loan', 'NULL', 800.0, 14, NULL, 3.12, False, NULL, NULL, NULL, NULL, NULL, '2024-10-25', '');

        INSERT INTO clients (client_id, employee_id, registration_date, client_type_id, first_name, second_name, first_surname, second_surname, married_name, family_status_id, phone_number, cellphone_number, email, identification_type_id, identification_number, nit_homologation) VALUES (NULL, 1, NOW(), 1, 'Maria', 'Del', 'Rosario', 'Barrera', Alvarado, 1, 0, 0, 1, '', 'true');
        INSERT INTO loan_applications (loan_application_id, loan_application_number, application_date, agency_id, client_id, employee_id, destination_id, guarantee_type_id, amount, term, status) VALUES (01010, LPAD(01010, 8, '0'), 'NULL', 1, NULL, 1, NULL, 1, 500.0, 14, 'approved');
        INSERT INTO loans (loan_id, loan_number, loan_application_id, destination_id, approval_date, outlay_date, due_date, last_payment_date, next_payment_date, balance, status) VALUES (01010, LPAD(01010, 9, '0'), 01010, NULL, 'NULL', NULL, NULL, '2024-10-31', NULL, 331.88, 'in_progress');
        INSERT INTO loan_deductions (loan_deduction_id, loan_id, financial_advice, iva_financial_advice, notarial_charges, registration_expenses, balance_cancellation, loan_cancellation_id, other_expenses, total_deductions, other_expenses_description) VALUES (01010, 01010, NULL, 1.95, 0, 0, 0, NULL, 0.0, NULL, '' );
        INSERT INTO outlay_conditions (outlay_condition_id, loan_id, type, date, place, amount, cash_to, check_to, bank, bank_account_number, bank_account_owner, local_account_number, local_account_owner) VALUES (NULL, 01010, 1, 'NULL', 'Agencia Central', NULL, NULL, NULL, NULL, NULL, NULL, NULL, NULL);
        INSERT INTO amortizations (amortization_id, amortizationable_id, amortizationable_type, date, amount, term, interest_rate, include_iva, include_insurance, payment, payment_frequency_id, amortization_method_id, is_payment_variable, interest_payment_frequency_id, last_payment, last_payment_date, comment) VALUES (NULL, 01010, 'loan', 'NULL', 500.0, 14, NULL, 1.95, False, NULL, NULL, NULL, NULL, NULL, '2024-10-31', '');

        INSERT INTO clients (client_id, employee_id, registration_date, client_type_id, first_name, second_name, first_surname, second_surname, married_name, family_status_id, phone_number, cellphone_number, email, identification_type_id, identification_number, nit_homologation) VALUES (NULL, 1, NOW(), 1, 'Gloria', 'Esteffany', 'Hernandez', 'Luna', , 1, 0, 0, 1, '', 'true');
        INSERT INTO loan_applications (loan_application_id, loan_application_number, application_date, agency_id, client_id, employee_id, destination_id, guarantee_type_id, amount, term, status) VALUES (01011, LPAD(01011, 8, '0'), 'NULL', 1, NULL, 1, NULL, 1, 500.0, 14, 'approved');
        INSERT INTO loans (loan_id, loan_number, loan_application_id, destination_id, approval_date, outlay_date, due_date, last_payment_date, next_payment_date, balance, status) VALUES (01011, LPAD(01011, 9, '0'), 01011, NULL, 'NULL', NULL, NULL, '2024-10-25', NULL, 366.15, 'in_progress');
        INSERT INTO loan_deductions (loan_deduction_id, loan_id, financial_advice, iva_financial_advice, notarial_charges, registration_expenses, balance_cancellation, loan_cancellation_id, other_expenses, total_deductions, other_expenses_description) VALUES (01011, 01011, NULL, 1.95, 0, 0, 0, NULL, 0.0, NULL, '' );
        INSERT INTO outlay_conditions (outlay_condition_id, loan_id, type, date, place, amount, cash_to, check_to, bank, bank_account_number, bank_account_owner, local_account_number, local_account_owner) VALUES (NULL, 01011, 1, 'NULL', 'Agencia Central', NULL, NULL, NULL, NULL, NULL, NULL, NULL, NULL);
        INSERT INTO amortizations (amortization_id, amortizationable_id, amortizationable_type, date, amount, term, interest_rate, include_iva, include_insurance, payment, payment_frequency_id, amortization_method_id, is_payment_variable, interest_payment_frequency_id, last_payment, last_payment_date, comment) VALUES (NULL, 01011, 'loan', 'NULL', 500.0, 14, NULL, 1.95, False, NULL, NULL, NULL, NULL, NULL, '2024-10-25', '');

        INSERT INTO clients (client_id, employee_id, registration_date, client_type_id, first_name, second_name, first_surname, second_surname, married_name, family_status_id, phone_number, cellphone_number, email, identification_type_id, identification_number, nit_homologation) VALUES (NULL, 2, NOW(), 1, 'Cristian', 'Guillermo', 'Perez', 'Hernandez', , 1, 0, 0, 1, '', 'true');
        INSERT INTO loan_applications (loan_application_id, loan_application_number, application_date, agency_id, client_id, employee_id, destination_id, guarantee_type_id, amount, term, status) VALUES (01012, LPAD(01012, 8, '0'), 'NULL', 1, NULL, 2, NULL, 1, 2800.0, 36, 'approved');
        INSERT INTO loans (loan_id, loan_number, loan_application_id, destination_id, approval_date, outlay_date, due_date, last_payment_date, next_payment_date, balance, status) VALUES (01012, LPAD(01012, 9, '0'), 01012, NULL, 'NULL', NULL, NULL, '2024-10-27', NULL, 2777.48, 'in_progress');
        INSERT INTO loan_deductions (loan_deduction_id, loan_id, financial_advice, iva_financial_advice, notarial_charges, registration_expenses, balance_cancellation, loan_cancellation_id, other_expenses, total_deductions, other_expenses_description) VALUES (01012, 01012, NULL, 10.92, 0, 0, 0, NULL, 0.0, NULL, '' );
        INSERT INTO outlay_conditions (outlay_condition_id, loan_id, type, date, place, amount, cash_to, check_to, bank, bank_account_number, bank_account_owner, local_account_number, local_account_owner) VALUES (NULL, 01012, 1, 'NULL', 'Agencia Central', NULL, NULL, NULL, NULL, NULL, NULL, NULL, NULL);
        INSERT INTO amortizations (amortization_id, amortizationable_id, amortizationable_type, date, amount, term, interest_rate, include_iva, include_insurance, payment, payment_frequency_id, amortization_method_id, is_payment_variable, interest_payment_frequency_id, last_payment, last_payment_date, comment) VALUES (NULL, 01012, 'loan', 'NULL', 2800.0, 36, NULL, 10.92, True, NULL, NULL, NULL, NULL, NULL, '2024-10-27', '');

        INSERT INTO clients (client_id, employee_id, registration_date, client_type_id, first_name, second_name, first_surname, second_surname, married_name, family_status_id, phone_number, cellphone_number, email, identification_type_id, identification_number, nit_homologation) VALUES (NULL, 2, NOW(), 1, 'Yoselin', 'Zuleima', 'Ramos', 'De', Melendez, 1, 0, 0, 1, '', 'true');
        INSERT INTO loan_applications (loan_application_id, loan_application_number, application_date, agency_id, client_id, employee_id, destination_id, guarantee_type_id, amount, term, status) VALUES (01013, LPAD(01013, 8, '0'), 'NULL', 1, NULL, 2, NULL, 1, 500.0, 14, 'approved');
        INSERT INTO loans (loan_id, loan_number, loan_application_id, destination_id, approval_date, outlay_date, due_date, last_payment_date, next_payment_date, balance, status) VALUES (01013, LPAD(01013, 9, '0'), 01013, NULL, 'NULL', NULL, NULL, '2024-10-25', NULL, 367.04999999999995, 'in_progress');
        INSERT INTO loan_deductions (loan_deduction_id, loan_id, financial_advice, iva_financial_advice, notarial_charges, registration_expenses, balance_cancellation, loan_cancellation_id, other_expenses, total_deductions, other_expenses_description) VALUES (01013, 01013, NULL, 1.95, 0, 0, 0, NULL, 0.0, NULL, '' );
        INSERT INTO outlay_conditions (outlay_condition_id, loan_id, type, date, place, amount, cash_to, check_to, bank, bank_account_number, bank_account_owner, local_account_number, local_account_owner) VALUES (NULL, 01013, 1, 'NULL', 'Agencia Central', NULL, NULL, NULL, NULL, NULL, NULL, NULL, NULL);
        INSERT INTO amortizations (amortization_id, amortizationable_id, amortizationable_type, date, amount, term, interest_rate, include_iva, include_insurance, payment, payment_frequency_id, amortization_method_id, is_payment_variable, interest_payment_frequency_id, last_payment, last_payment_date, comment) VALUES (NULL, 01013, 'loan', 'NULL', 500.0, 14, NULL, 1.95, False, NULL, NULL, NULL, NULL, NULL, '2024-10-25', '');

        INSERT INTO clients (client_id, employee_id, registration_date, client_type_id, first_name, second_name, first_surname, second_surname, married_name, family_status_id, phone_number, cellphone_number, email, identification_type_id, identification_number, nit_homologation) VALUES (NULL, 1, NOW(), 1, 'Jose', 'Orlando', 'Escobar', 'Alas', , 1, 0, 0, 1, '', 'true');
        INSERT INTO loan_applications (loan_application_id, loan_application_number, application_date, agency_id, client_id, employee_id, destination_id, guarantee_type_id, amount, term, status) VALUES (01014, LPAD(01014, 8, '0'), 'NULL', 1, NULL, 1, NULL, 1, 600.0, 8, 'approved');
        INSERT INTO loans (loan_id, loan_number, loan_application_id, destination_id, approval_date, outlay_date, due_date, last_payment_date, next_payment_date, balance, status) VALUES (01014, LPAD(01014, 9, '0'), 01014, NULL, 'NULL', NULL, NULL, '2024-10-28', NULL, 452.84000000000003, 'in_progress');
        INSERT INTO loan_deductions (loan_deduction_id, loan_id, financial_advice, iva_financial_advice, notarial_charges, registration_expenses, balance_cancellation, loan_cancellation_id, other_expenses, total_deductions, other_expenses_description) VALUES (01014, 01014, NULL, 2.34, 0, 0, 0, NULL, 0.0, NULL, '' );
        INSERT INTO outlay_conditions (outlay_condition_id, loan_id, type, date, place, amount, cash_to, check_to, bank, bank_account_number, bank_account_owner, local_account_number, local_account_owner) VALUES (NULL, 01014, 1, 'NULL', 'Agencia Central', NULL, NULL, NULL, NULL, NULL, NULL, NULL, NULL);
        INSERT INTO amortizations (amortization_id, amortizationable_id, amortizationable_type, date, amount, term, interest_rate, include_iva, include_insurance, payment, payment_frequency_id, amortization_method_id, is_payment_variable, interest_payment_frequency_id, last_payment, last_payment_date, comment) VALUES (NULL, 01014, 'loan', 'NULL', 600.0, 8, NULL, 2.34, False, NULL, NULL, NULL, NULL, NULL, '2024-10-28', '');

        INSERT INTO clients (client_id, employee_id, registration_date, client_type_id, first_name, second_name, first_surname, second_surname, married_name, family_status_id, phone_number, cellphone_number, email, identification_type_id, identification_number, nit_homologation) VALUES (NULL, NULL, NOW(), 1, 'Jeaneth', 'Marisol', 'Salas', 'De', Polanco, 1, 0, 0, 1, '', 'true');
        INSERT INTO loan_applications (loan_application_id, loan_application_number, application_date, agency_id, client_id, employee_id, destination_id, guarantee_type_id, amount, term, status) VALUES (01015, LPAD(01015, 8, '0'), 'NULL', 1, NULL, NULL, NULL, 1, 700.0, 12, 'approved');
        INSERT INTO loans (loan_id, loan_number, loan_application_id, destination_id, approval_date, outlay_date, due_date, last_payment_date, next_payment_date, balance, status) VALUES (01015, LPAD(01015, 9, '0'), 01015, NULL, 'NULL', NULL, NULL, '2024-10-28', NULL, 602.09, 'in_progress');
        INSERT INTO loan_deductions (loan_deduction_id, loan_id, financial_advice, iva_financial_advice, notarial_charges, registration_expenses, balance_cancellation, loan_cancellation_id, other_expenses, total_deductions, other_expenses_description) VALUES (01015, 01015, NULL, 2.73, 0, 0, 0, NULL, 0.0, NULL, '' );
        INSERT INTO outlay_conditions (outlay_condition_id, loan_id, type, date, place, amount, cash_to, check_to, bank, bank_account_number, bank_account_owner, local_account_number, local_account_owner) VALUES (NULL, 01015, 1, 'NULL', 'Agencia Central', NULL, NULL, NULL, NULL, NULL, NULL, NULL, NULL);
        INSERT INTO amortizations (amortization_id, amortizationable_id, amortizationable_type, date, amount, term, interest_rate, include_iva, include_insurance, payment, payment_frequency_id, amortization_method_id, is_payment_variable, interest_payment_frequency_id, last_payment, last_payment_date, comment) VALUES (NULL, 01015, 'loan', 'NULL', 700.0, 12, NULL, 2.73, False, NULL, NULL, NULL, NULL, NULL, '2024-10-28', '');

        INSERT INTO clients (client_id, employee_id, registration_date, client_type_id, first_name, second_name, first_surname, second_surname, married_name, family_status_id, phone_number, cellphone_number, email, identification_type_id, identification_number, nit_homologation) VALUES (NULL, 1, NOW(), 1, 'Maria', 'Cecilia', 'Ramirez', 'Castillo', , 1, 0, 0, 1, '', 'true');
        INSERT INTO loan_applications (loan_application_id, loan_application_number, application_date, agency_id, client_id, employee_id, destination_id, guarantee_type_id, amount, term, status) VALUES (01016, LPAD(01016, 8, '0'), 'NULL', 1, NULL, 1, NULL, 1, 500.0, 8, 'approved');
        INSERT INTO loans (loan_id, loan_number, loan_application_id, destination_id, approval_date, outlay_date, due_date, last_payment_date, next_payment_date, balance, status) VALUES (01016, LPAD(01016, 9, '0'), 01016, NULL, 'NULL', NULL, NULL, '2024-10-30', NULL, 383.37, 'in_progress');
        INSERT INTO loan_deductions (loan_deduction_id, loan_id, financial_advice, iva_financial_advice, notarial_charges, registration_expenses, balance_cancellation, loan_cancellation_id, other_expenses, total_deductions, other_expenses_description) VALUES (01016, 01016, NULL, 1.95, 0, 0, 0, NULL, 0.0, NULL, '' );
        INSERT INTO outlay_conditions (outlay_condition_id, loan_id, type, date, place, amount, cash_to, check_to, bank, bank_account_number, bank_account_owner, local_account_number, local_account_owner) VALUES (NULL, 01016, 1, 'NULL', 'Agencia Central', NULL, NULL, NULL, NULL, NULL, NULL, NULL, NULL);
        INSERT INTO amortizations (amortization_id, amortizationable_id, amortizationable_type, date, amount, term, interest_rate, include_iva, include_insurance, payment, payment_frequency_id, amortization_method_id, is_payment_variable, interest_payment_frequency_id, last_payment, last_payment_date, comment) VALUES (NULL, 01016, 'loan', 'NULL', 500.0, 8, NULL, 1.95, False, NULL, NULL, NULL, NULL, NULL, '2024-10-30', '');

        INSERT INTO clients (client_id, employee_id, registration_date, client_type_id, first_name, second_name, first_surname, second_surname, married_name, family_status_id, phone_number, cellphone_number, email, identification_type_id, identification_number, nit_homologation) VALUES (NULL, 4, NOW(), 1, 'Cesar', 'Antonio', 'Flores', '', , 1, 0, 0, 1, '', 'true');
        INSERT INTO loan_applications (loan_application_id, loan_application_number, application_date, agency_id, client_id, employee_id, destination_id, guarantee_type_id, amount, term, status) VALUES (01017, LPAD(01017, 8, '0'), 'NULL', 1, NULL, 4, NULL, 1, 836.84, 16, 'approved');
        INSERT INTO loans (loan_id, loan_number, loan_application_id, destination_id, approval_date, outlay_date, due_date, last_payment_date, next_payment_date, balance, status) VALUES (01017, LPAD(01017, 9, '0'), 01017, NULL, 'NULL', NULL, NULL, '2024-10-18', NULL, 792.76, 'in_progress');
        INSERT INTO loan_deductions (loan_deduction_id, loan_id, financial_advice, iva_financial_advice, notarial_charges, registration_expenses, balance_cancellation, loan_cancellation_id, other_expenses, total_deductions, other_expenses_description) VALUES (01017, 01017, NULL, 3.03, 0, 0, 0, NULL, 0.0, NULL, '' );
        INSERT INTO outlay_conditions (outlay_condition_id, loan_id, type, date, place, amount, cash_to, check_to, bank, bank_account_number, bank_account_owner, local_account_number, local_account_owner) VALUES (NULL, 01017, 1, 'NULL', 'Agencia Central', NULL, NULL, NULL, NULL, NULL, NULL, NULL, NULL);
        INSERT INTO amortizations (amortization_id, amortizationable_id, amortizationable_type, date, amount, term, interest_rate, include_iva, include_insurance, payment, payment_frequency_id, amortization_method_id, is_payment_variable, interest_payment_frequency_id, last_payment, last_payment_date, comment) VALUES (NULL, 01017, 'loan', 'NULL', 836.84, 16, NULL, 3.03, False, NULL, NULL, NULL, NULL, NULL, '2024-10-18', '');

        INSERT INTO clients (client_id, employee_id, registration_date, client_type_id, first_name, second_name, first_surname, second_surname, married_name, family_status_id, phone_number, cellphone_number, email, identification_type_id, identification_number, nit_homologation) VALUES (NULL, 2, NOW(), 1, 'Jose', 'Paul', 'Martir', 'Lopez', , 1, 0, 0, 1, '', 'true');
        INSERT INTO loan_applications (loan_application_id, loan_application_number, application_date, agency_id, client_id, employee_id, destination_id, guarantee_type_id, amount, term, status) VALUES (01018, LPAD(01018, 8, '0'), 'NULL', 1, NULL, 2, NULL, 1, 1200.0, 24, 'approved');
        INSERT INTO loans (loan_id, loan_number, loan_application_id, destination_id, approval_date, outlay_date, due_date, last_payment_date, next_payment_date, balance, status) VALUES (01018, LPAD(01018, 9, '0'), 01018, NULL, 'NULL', NULL, NULL, 'NULL', NULL, NULL, 'in_progress');
        INSERT INTO loan_deductions (loan_deduction_id, loan_id, financial_advice, iva_financial_advice, notarial_charges, registration_expenses, balance_cancellation, loan_cancellation_id, other_expenses, total_deductions, other_expenses_description) VALUES (01018, 01018, NULL, 4.68, 0, 0, 0, NULL, 0.0, NULL, '' );
        INSERT INTO outlay_conditions (outlay_condition_id, loan_id, type, date, place, amount, cash_to, check_to, bank, bank_account_number, bank_account_owner, local_account_number, local_account_owner) VALUES (NULL, 01018, 1, 'NULL', 'Agencia Central', NULL, NULL, NULL, NULL, NULL, NULL, NULL, NULL);
        INSERT INTO amortizations (amortization_id, amortizationable_id, amortizationable_type, date, amount, term, interest_rate, include_iva, include_insurance, payment, payment_frequency_id, amortization_method_id, is_payment_variable, interest_payment_frequency_id, last_payment, last_payment_date, comment) VALUES (NULL, 01018, 'loan', 'NULL', 1200.0, 24, NULL, 4.68, True, NULL, NULL, NULL, NULL, NULL, 'NULL', '');

        INSERT INTO clients (client_id, employee_id, registration_date, client_type_id, first_name, second_name, first_surname, second_surname, married_name, family_status_id, phone_number, cellphone_number, email, identification_type_id, identification_number, nit_homologation) VALUES (NULL, 4, NOW(), 1, 'Dinora', 'Concepcion', 'Merino', 'Lopez', , 1, 0, 0, 1, '', 'true');
        INSERT INTO loan_applications (loan_application_id, loan_application_number, application_date, agency_id, client_id, employee_id, destination_id, guarantee_type_id, amount, term, status) VALUES (01019, LPAD(01019, 8, '0'), 'NULL', 1, NULL, 4, NULL, 1, 1000.0, 12, 'approved');
        INSERT INTO loans (loan_id, loan_number, loan_application_id, destination_id, approval_date, outlay_date, due_date, last_payment_date, next_payment_date, balance, status) VALUES (01019, LPAD(01019, 9, '0'), 01019, NULL, 'NULL', NULL, NULL, '2024-10-19', NULL, 930.77, 'in_progress');
        INSERT INTO loan_deductions (loan_deduction_id, loan_id, financial_advice, iva_financial_advice, notarial_charges, registration_expenses, balance_cancellation, loan_cancellation_id, other_expenses, total_deductions, other_expenses_description) VALUES (01019, 01019, NULL, 3.9, 0, 0, 0, NULL, 0.0, NULL, '' );
        INSERT INTO outlay_conditions (outlay_condition_id, loan_id, type, date, place, amount, cash_to, check_to, bank, bank_account_number, bank_account_owner, local_account_number, local_account_owner) VALUES (NULL, 01019, 1, 'NULL', 'Agencia Central', NULL, NULL, NULL, NULL, NULL, NULL, NULL, NULL);
        INSERT INTO amortizations (amortization_id, amortizationable_id, amortizationable_type, date, amount, term, interest_rate, include_iva, include_insurance, payment, payment_frequency_id, amortization_method_id, is_payment_variable, interest_payment_frequency_id, last_payment, last_payment_date, comment) VALUES (NULL, 01019, 'loan', 'NULL', 1000.0, 12, NULL, 3.9, False, NULL, NULL, NULL, NULL, NULL, '2024-10-19', '');

        INSERT INTO clients (client_id, employee_id, registration_date, client_type_id, first_name, second_name, first_surname, second_surname, married_name, family_status_id, phone_number, cellphone_number, email, identification_type_id, identification_number, nit_homologation) VALUES (NULL, 4, NOW(), 1, 'Mayra', 'Elisa', 'Granados', 'Romero', , 1, 0, 0, 1, '', 'true');
        INSERT INTO loan_applications (loan_application_id, loan_application_number, application_date, agency_id, client_id, employee_id, destination_id, guarantee_type_id, amount, term, status) VALUES (01020, LPAD(01020, 8, '0'), 'NULL', 1, NULL, 4, NULL, 1, 300.0, 14, 'approved');
        INSERT INTO loans (loan_id, loan_number, loan_application_id, destination_id, approval_date, outlay_date, due_date, last_payment_date, next_payment_date, balance, status) VALUES (01020, LPAD(01020, 9, '0'), 01020, NULL, 'NULL', NULL, NULL, '2024-10-25', NULL, 237.90000000000003, 'in_progress');
        INSERT INTO loan_deductions (loan_deduction_id, loan_id, financial_advice, iva_financial_advice, notarial_charges, registration_expenses, balance_cancellation, loan_cancellation_id, other_expenses, total_deductions, other_expenses_description) VALUES (01020, 01020, NULL, 1.17, 0, 0, 0, NULL, 0.0, NULL, '' );
        INSERT INTO outlay_conditions (outlay_condition_id, loan_id, type, date, place, amount, cash_to, check_to, bank, bank_account_number, bank_account_owner, local_account_number, local_account_owner) VALUES (NULL, 01020, 1, 'NULL', 'Agencia Central', NULL, NULL, NULL, NULL, NULL, NULL, NULL, NULL);
        INSERT INTO amortizations (amortization_id, amortizationable_id, amortizationable_type, date, amount, term, interest_rate, include_iva, include_insurance, payment, payment_frequency_id, amortization_method_id, is_payment_variable, interest_payment_frequency_id, last_payment, last_payment_date, comment) VALUES (NULL, 01020, 'loan', 'NULL', 300.0, 14, NULL, 1.17, False, NULL, NULL, NULL, NULL, NULL, '2024-10-25', '');

        INSERT INTO clients (client_id, employee_id, registration_date, client_type_id, first_name, second_name, first_surname, second_surname, married_name, family_status_id, phone_number, cellphone_number, email, identification_type_id, identification_number, nit_homologation) VALUES (NULL, 2, NOW(), 1, 'Blanca', 'Arely', 'Cartagena', 'Ramos', , 1, 0, 0, 1, '', 'true');
        INSERT INTO loan_applications (loan_application_id, loan_application_number, application_date, agency_id, client_id, employee_id, destination_id, guarantee_type_id, amount, term, status) VALUES (01021, LPAD(01021, 8, '0'), 'NULL', 1, NULL, 2, NULL, 1, 200.0, 14, 'approved');
        INSERT INTO loans (loan_id, loan_number, loan_application_id, destination_id, approval_date, outlay_date, due_date, last_payment_date, next_payment_date, balance, status) VALUES (01021, LPAD(01021, 9, '0'), 01021, NULL, 'NULL', NULL, NULL, '2024-10-25', NULL, 144.46, 'in_progress');
        INSERT INTO loan_deductions (loan_deduction_id, loan_id, financial_advice, iva_financial_advice, notarial_charges, registration_expenses, balance_cancellation, loan_cancellation_id, other_expenses, total_deductions, other_expenses_description) VALUES (01021, 01021, NULL, 0.78, 0, 0, 0, NULL, 0.0, NULL, '' );
        INSERT INTO outlay_conditions (outlay_condition_id, loan_id, type, date, place, amount, cash_to, check_to, bank, bank_account_number, bank_account_owner, local_account_number, local_account_owner) VALUES (NULL, 01021, 1, 'NULL', 'Agencia Central', NULL, NULL, NULL, NULL, NULL, NULL, NULL, NULL);
        INSERT INTO amortizations (amortization_id, amortizationable_id, amortizationable_type, date, amount, term, interest_rate, include_iva, include_insurance, payment, payment_frequency_id, amortization_method_id, is_payment_variable, interest_payment_frequency_id, last_payment, last_payment_date, comment) VALUES (NULL, 01021, 'loan', 'NULL', 200.0, 14, NULL, 0.78, False, NULL, NULL, NULL, NULL, NULL, '2024-10-25', '');

        INSERT INTO clients (client_id, employee_id, registration_date, client_type_id, first_name, second_name, first_surname, second_surname, married_name, family_status_id, phone_number, cellphone_number, email, identification_type_id, identification_number, nit_homologation) VALUES (NULL, 2, NOW(), 1, 'Delmy', 'Guadalupe', 'Prado', 'De', Montes, 1, 0, 0, 1, '', 'true');
        INSERT INTO loan_applications (loan_application_id, loan_application_number, application_date, agency_id, client_id, employee_id, destination_id, guarantee_type_id, amount, term, status) VALUES (01022, LPAD(01022, 8, '0'), 'NULL', 1, NULL, 2, NULL, 1, 300.0, 14, 'approved');
        INSERT INTO loans (loan_id, loan_number, loan_application_id, destination_id, approval_date, outlay_date, due_date, last_payment_date, next_payment_date, balance, status) VALUES (01022, LPAD(01022, 9, '0'), 01022, NULL, 'NULL', NULL, NULL, '2024-10-28', NULL, 238.62, 'in_progress');
        INSERT INTO loan_deductions (loan_deduction_id, loan_id, financial_advice, iva_financial_advice, notarial_charges, registration_expenses, balance_cancellation, loan_cancellation_id, other_expenses, total_deductions, other_expenses_description) VALUES (01022, 01022, NULL, 1.17, 0, 0, 0, NULL, 0.0, NULL, '' );
        INSERT INTO outlay_conditions (outlay_condition_id, loan_id, type, date, place, amount, cash_to, check_to, bank, bank_account_number, bank_account_owner, local_account_number, local_account_owner) VALUES (NULL, 01022, 1, 'NULL', 'Agencia Central', NULL, NULL, NULL, NULL, NULL, NULL, NULL, NULL);
        INSERT INTO amortizations (amortization_id, amortizationable_id, amortizationable_type, date, amount, term, interest_rate, include_iva, include_insurance, payment, payment_frequency_id, amortization_method_id, is_payment_variable, interest_payment_frequency_id, last_payment, last_payment_date, comment) VALUES (NULL, 01022, 'loan', 'NULL', 300.0, 14, NULL, 1.17, False, NULL, NULL, NULL, NULL, NULL, '2024-10-28', '');

        INSERT INTO clients (client_id, employee_id, registration_date, client_type_id, first_name, second_name, first_surname, second_surname, married_name, family_status_id, phone_number, cellphone_number, email, identification_type_id, identification_number, nit_homologation) VALUES (NULL, 2, NOW(), 1, 'Marina', 'Elsa', 'Martinez', 'De', Badio, 1, 0, 0, 1, '', 'true');
        INSERT INTO loan_applications (loan_application_id, loan_application_number, application_date, agency_id, client_id, employee_id, destination_id, guarantee_type_id, amount, term, status) VALUES (01023, LPAD(01023, 8, '0'), 'NULL', 1, NULL, 2, NULL, 1, 1000.0, 16, 'approved');
        INSERT INTO loans (loan_id, loan_number, loan_application_id, destination_id, approval_date, outlay_date, due_date, last_payment_date, next_payment_date, balance, status) VALUES (01023, LPAD(01023, 9, '0'), 01023, NULL, 'NULL', NULL, NULL, '2024-10-23', NULL, 952.28, 'in_progress');
        INSERT INTO loan_deductions (loan_deduction_id, loan_id, financial_advice, iva_financial_advice, notarial_charges, registration_expenses, balance_cancellation, loan_cancellation_id, other_expenses, total_deductions, other_expenses_description) VALUES (01023, 01023, NULL, 3.9, 0, 0, 0, NULL, 0.0, NULL, '' );
        INSERT INTO outlay_conditions (outlay_condition_id, loan_id, type, date, place, amount, cash_to, check_to, bank, bank_account_number, bank_account_owner, local_account_number, local_account_owner) VALUES (NULL, 01023, 1, 'NULL', 'Agencia Central', NULL, NULL, NULL, NULL, NULL, NULL, NULL, NULL);
        INSERT INTO amortizations (amortization_id, amortizationable_id, amortizationable_type, date, amount, term, interest_rate, include_iva, include_insurance, payment, payment_frequency_id, amortization_method_id, is_payment_variable, interest_payment_frequency_id, last_payment, last_payment_date, comment) VALUES (NULL, 01023, 'loan', 'NULL', 1000.0, 16, NULL, 3.9, False, NULL, NULL, NULL, NULL, NULL, '2024-10-23', '');

        INSERT INTO clients (client_id, employee_id, registration_date, client_type_id, first_name, second_name, first_surname, second_surname, married_name, family_status_id, phone_number, cellphone_number, email, identification_type_id, identification_number, nit_homologation) VALUES (NULL, 2, NOW(), 1, 'Soila', 'Esperanza', 'Cruz', 'De', Rivera, 1, 0, 0, 1, '', 'true');
        INSERT INTO loan_applications (loan_application_id, loan_application_number, application_date, agency_id, client_id, employee_id, destination_id, guarantee_type_id, amount, term, status) VALUES (01024, LPAD(01024, 8, '0'), 'NULL', 1, NULL, 2, NULL, 1, 400.0, 14, 'approved');
        INSERT INTO loans (loan_id, loan_number, loan_application_id, destination_id, approval_date, outlay_date, due_date, last_payment_date, next_payment_date, balance, status) VALUES (01024, LPAD(01024, 9, '0'), 01024, NULL, 'NULL', NULL, NULL, '2024-10-28', NULL, 312.91, 'in_progress');
        INSERT INTO loan_deductions (loan_deduction_id, loan_id, financial_advice, iva_financial_advice, notarial_charges, registration_expenses, balance_cancellation, loan_cancellation_id, other_expenses, total_deductions, other_expenses_description) VALUES (01024, 01024, NULL, 1.56, 0, 0, 0, NULL, 0.0, NULL, '' );
        INSERT INTO outlay_conditions (outlay_condition_id, loan_id, type, date, place, amount, cash_to, check_to, bank, bank_account_number, bank_account_owner, local_account_number, local_account_owner) VALUES (NULL, 01024, 1, 'NULL', 'Agencia Central', NULL, NULL, NULL, NULL, NULL, NULL, NULL, NULL);
        INSERT INTO amortizations (amortization_id, amortizationable_id, amortizationable_type, date, amount, term, interest_rate, include_iva, include_insurance, payment, payment_frequency_id, amortization_method_id, is_payment_variable, interest_payment_frequency_id, last_payment, last_payment_date, comment) VALUES (NULL, 01024, 'loan', 'NULL', 400.0, 14, NULL, 1.56, False, NULL, NULL, NULL, NULL, NULL, '2024-10-28', '');

        INSERT INTO clients (client_id, employee_id, registration_date, client_type_id, first_name, second_name, first_surname, second_surname, married_name, family_status_id, phone_number, cellphone_number, email, identification_type_id, identification_number, nit_homologation) VALUES (NULL, 2, NOW(), 1, 'Carlos', 'Roberto', 'Avalos', '', , 1, 0, 0, 1, '', 'true');
        INSERT INTO loan_applications (loan_application_id, loan_application_number, application_date, agency_id, client_id, employee_id, destination_id, guarantee_type_id, amount, term, status) VALUES (01025, LPAD(01025, 8, '0'), 'NULL', 1, NULL, 2, NULL, 1, 600.0, 14, 'approved');
        INSERT INTO loans (loan_id, loan_number, loan_application_id, destination_id, approval_date, outlay_date, due_date, last_payment_date, next_payment_date, balance, status) VALUES (01025, LPAD(01025, 9, '0'), 01025, NULL, 'NULL', NULL, NULL, '2024-10-31', NULL, 482.65, 'in_progress');
        INSERT INTO loan_deductions (loan_deduction_id, loan_id, financial_advice, iva_financial_advice, notarial_charges, registration_expenses, balance_cancellation, loan_cancellation_id, other_expenses, total_deductions, other_expenses_description) VALUES (01025, 01025, NULL, 2.34, 0, 0, 0, NULL, 0.0, NULL, '' );
        INSERT INTO outlay_conditions (outlay_condition_id, loan_id, type, date, place, amount, cash_to, check_to, bank, bank_account_number, bank_account_owner, local_account_number, local_account_owner) VALUES (NULL, 01025, 1, 'NULL', 'Agencia Central', NULL, NULL, NULL, NULL, NULL, NULL, NULL, NULL);
        INSERT INTO amortizations (amortization_id, amortizationable_id, amortizationable_type, date, amount, term, interest_rate, include_iva, include_insurance, payment, payment_frequency_id, amortization_method_id, is_payment_variable, interest_payment_frequency_id, last_payment, last_payment_date, comment) VALUES (NULL, 01025, 'loan', 'NULL', 600.0, 14, NULL, 2.34, False, NULL, NULL, NULL, NULL, NULL, '2024-10-31', '');

        INSERT INTO clients (client_id, employee_id, registration_date, client_type_id, first_name, second_name, first_surname, second_surname, married_name, family_status_id, phone_number, cellphone_number, email, identification_type_id, identification_number, nit_homologation) VALUES (NULL, 4, NOW(), 1, 'Sandra', 'Lisseth', 'Anaya', '', , 1, 0, 0, 1, '', 'true');
        INSERT INTO loan_applications (loan_application_id, loan_application_number, application_date, agency_id, client_id, employee_id, destination_id, guarantee_type_id, amount, term, status) VALUES (01026, LPAD(01026, 8, '0'), 'NULL', 1, NULL, 4, NULL, 1, 600.0, 14, 'approved');
        INSERT INTO loans (loan_id, loan_number, loan_application_id, destination_id, approval_date, outlay_date, due_date, last_payment_date, next_payment_date, balance, status) VALUES (01026, LPAD(01026, 9, '0'), 01026, NULL, 'NULL', NULL, NULL, '2024-10-31', NULL, 468.24, 'in_progress');
        INSERT INTO loan_deductions (loan_deduction_id, loan_id, financial_advice, iva_financial_advice, notarial_charges, registration_expenses, balance_cancellation, loan_cancellation_id, other_expenses, total_deductions, other_expenses_description) VALUES (01026, 01026, NULL, 2.34, 0, 0, 0, NULL, 0.0, NULL, '' );
        INSERT INTO outlay_conditions (outlay_condition_id, loan_id, type, date, place, amount, cash_to, check_to, bank, bank_account_number, bank_account_owner, local_account_number, local_account_owner) VALUES (NULL, 01026, 1, 'NULL', 'Agencia Central', NULL, NULL, NULL, NULL, NULL, NULL, NULL, NULL);
        INSERT INTO amortizations (amortization_id, amortizationable_id, amortizationable_type, date, amount, term, interest_rate, include_iva, include_insurance, payment, payment_frequency_id, amortization_method_id, is_payment_variable, interest_payment_frequency_id, last_payment, last_payment_date, comment) VALUES (NULL, 01026, 'loan', 'NULL', 600.0, 14, NULL, 2.34, False, NULL, NULL, NULL, NULL, NULL, '2024-10-31', '');

        INSERT INTO clients (client_id, employee_id, registration_date, client_type_id, first_name, second_name, first_surname, second_surname, married_name, family_status_id, phone_number, cellphone_number, email, identification_type_id, identification_number, nit_homologation) VALUES (NULL, 4, NOW(), 1, 'Daniel', 'Eduardo', 'Mendez', 'Huezo', , 1, 0, 0, 1, '', 'true');
        INSERT INTO loan_applications (loan_application_id, loan_application_number, application_date, agency_id, client_id, employee_id, destination_id, guarantee_type_id, amount, term, status) VALUES (01027, LPAD(01027, 8, '0'), 'NULL', 1, NULL, 4, NULL, 1, 900.0, 14, 'approved');
        INSERT INTO loans (loan_id, loan_number, loan_application_id, destination_id, approval_date, outlay_date, due_date, last_payment_date, next_payment_date, balance, status) VALUES (01027, LPAD(01027, 9, '0'), 01027, NULL, 'NULL', NULL, NULL, 'NULL', NULL, NULL, 'in_progress');
        INSERT INTO loan_deductions (loan_deduction_id, loan_id, financial_advice, iva_financial_advice, notarial_charges, registration_expenses, balance_cancellation, loan_cancellation_id, other_expenses, total_deductions, other_expenses_description) VALUES (01027, 01027, NULL, 3.51, 0, 0, 0, NULL, 0.0, NULL, '' );
        INSERT INTO outlay_conditions (outlay_condition_id, loan_id, type, date, place, amount, cash_to, check_to, bank, bank_account_number, bank_account_owner, local_account_number, local_account_owner) VALUES (NULL, 01027, 1, 'NULL', 'Agencia Central', NULL, NULL, NULL, NULL, NULL, NULL, NULL, NULL);
        INSERT INTO amortizations (amortization_id, amortizationable_id, amortizationable_type, date, amount, term, interest_rate, include_iva, include_insurance, payment, payment_frequency_id, amortization_method_id, is_payment_variable, interest_payment_frequency_id, last_payment, last_payment_date, comment) VALUES (NULL, 01027, 'loan', 'NULL', 900.0, 14, NULL, 3.51, False, NULL, NULL, NULL, NULL, NULL, 'NULL', '');

        INSERT INTO clients (client_id, employee_id, registration_date, client_type_id, first_name, second_name, first_surname, second_surname, married_name, family_status_id, phone_number, cellphone_number, email, identification_type_id, identification_number, nit_homologation) VALUES (NULL, 2, NOW(), 1, 'Silvia', 'Noemi', 'Castro', 'De', Orellana, 1, 0, 0, 1, '', 'true');
        INSERT INTO loan_applications (loan_application_id, loan_application_number, application_date, agency_id, client_id, employee_id, destination_id, guarantee_type_id, amount, term, status) VALUES (01028, LPAD(01028, 8, '0'), 'NULL', 1, NULL, 2, NULL, 1, 500.0, 14, 'approved');
        INSERT INTO loans (loan_id, loan_number, loan_application_id, destination_id, approval_date, outlay_date, due_date, last_payment_date, next_payment_date, balance, status) VALUES (01028, LPAD(01028, 9, '0'), 01028, NULL, 'NULL', NULL, NULL, '2024-10-31', NULL, 370.58000000000004, 'in_progress');
        INSERT INTO loan_deductions (loan_deduction_id, loan_id, financial_advice, iva_financial_advice, notarial_charges, registration_expenses, balance_cancellation, loan_cancellation_id, other_expenses, total_deductions, other_expenses_description) VALUES (01028, 01028, NULL, 1.95, 0, 0, 0, NULL, 0.0, NULL, '' );
        INSERT INTO outlay_conditions (outlay_condition_id, loan_id, type, date, place, amount, cash_to, check_to, bank, bank_account_number, bank_account_owner, local_account_number, local_account_owner) VALUES (NULL, 01028, 1, 'NULL', 'Agencia Central', NULL, NULL, NULL, NULL, NULL, NULL, NULL, NULL);
        INSERT INTO amortizations (amortization_id, amortizationable_id, amortizationable_type, date, amount, term, interest_rate, include_iva, include_insurance, payment, payment_frequency_id, amortization_method_id, is_payment_variable, interest_payment_frequency_id, last_payment, last_payment_date, comment) VALUES (NULL, 01028, 'loan', 'NULL', 500.0, 14, NULL, 1.95, False, NULL, NULL, NULL, NULL, NULL, '2024-10-31', '');

        INSERT INTO clients (client_id, employee_id, registration_date, client_type_id, first_name, second_name, first_surname, second_surname, married_name, family_status_id, phone_number, cellphone_number, email, identification_type_id, identification_number, nit_homologation) VALUES (NULL, 4, NOW(), 1, 'Fernando', 'Josue', 'Corpeño', 'Castillo', , 1, 0, 0, 1, '', 'true');
        INSERT INTO loan_applications (loan_application_id, loan_application_number, application_date, agency_id, client_id, employee_id, destination_id, guarantee_type_id, amount, term, status) VALUES (01029, LPAD(01029, 8, '0'), 'NULL', 1, NULL, 4, NULL, 1, 400.0, 14, 'approved');
        INSERT INTO loans (loan_id, loan_number, loan_application_id, destination_id, approval_date, outlay_date, due_date, last_payment_date, next_payment_date, balance, status) VALUES (01029, LPAD(01029, 9, '0'), 01029, NULL, 'NULL', NULL, NULL, '2024-10-25', NULL, 347.61, 'in_progress');
        INSERT INTO loan_deductions (loan_deduction_id, loan_id, financial_advice, iva_financial_advice, notarial_charges, registration_expenses, balance_cancellation, loan_cancellation_id, other_expenses, total_deductions, other_expenses_description) VALUES (01029, 01029, NULL, 1.56, 0, 0, 0, NULL, 0.0, NULL, '' );
        INSERT INTO outlay_conditions (outlay_condition_id, loan_id, type, date, place, amount, cash_to, check_to, bank, bank_account_number, bank_account_owner, local_account_number, local_account_owner) VALUES (NULL, 01029, 1, 'NULL', 'Agencia Central', NULL, NULL, NULL, NULL, NULL, NULL, NULL, NULL);
        INSERT INTO amortizations (amortization_id, amortizationable_id, amortizationable_type, date, amount, term, interest_rate, include_iva, include_insurance, payment, payment_frequency_id, amortization_method_id, is_payment_variable, interest_payment_frequency_id, last_payment, last_payment_date, comment) VALUES (NULL, 01029, 'loan', 'NULL', 400.0, 14, NULL, 1.56, False, NULL, NULL, NULL, NULL, NULL, '2024-10-25', '');

        INSERT INTO clients (client_id, employee_id, registration_date, client_type_id, first_name, second_name, first_surname, second_surname, married_name, family_status_id, phone_number, cellphone_number, email, identification_type_id, identification_number, nit_homologation) VALUES (NULL, 2, NOW(), 1, 'Ylda', 'Esperanza', 'Arevalo', 'Vda.', Mejia, 1, 0, 0, 1, '', 'true');
        INSERT INTO loan_applications (loan_application_id, loan_application_number, application_date, agency_id, client_id, employee_id, destination_id, guarantee_type_id, amount, term, status) VALUES (01030, LPAD(01030, 8, '0'), 'NULL', 1, NULL, 2, NULL, 1, 600.0, 14, 'approved');
        INSERT INTO loans (loan_id, loan_number, loan_application_id, destination_id, approval_date, outlay_date, due_date, last_payment_date, next_payment_date, balance, status) VALUES (01030, LPAD(01030, 9, '0'), 01030, NULL, 'NULL', NULL, NULL, '2024-10-25', NULL, 517.39, 'in_progress');
        INSERT INTO loan_deductions (loan_deduction_id, loan_id, financial_advice, iva_financial_advice, notarial_charges, registration_expenses, balance_cancellation, loan_cancellation_id, other_expenses, total_deductions, other_expenses_description) VALUES (01030, 01030, NULL, 2.34, 0, 0, 0, NULL, 0.0, NULL, '' );
        INSERT INTO outlay_conditions (outlay_condition_id, loan_id, type, date, place, amount, cash_to, check_to, bank, bank_account_number, bank_account_owner, local_account_number, local_account_owner) VALUES (NULL, 01030, 1, 'NULL', 'Agencia Central', NULL, NULL, NULL, NULL, NULL, NULL, NULL, NULL);
        INSERT INTO amortizations (amortization_id, amortizationable_id, amortizationable_type, date, amount, term, interest_rate, include_iva, include_insurance, payment, payment_frequency_id, amortization_method_id, is_payment_variable, interest_payment_frequency_id, last_payment, last_payment_date, comment) VALUES (NULL, 01030, 'loan', 'NULL', 600.0, 14, NULL, 2.34, False, NULL, NULL, NULL, NULL, NULL, '2024-10-25', '');

        INSERT INTO clients (client_id, employee_id, registration_date, client_type_id, first_name, second_name, first_surname, second_surname, married_name, family_status_id, phone_number, cellphone_number, email, identification_type_id, identification_number, nit_homologation) VALUES (NULL, 2, NOW(), 1, 'Nancy', 'Yamileth', 'Navidad', 'Ortiz', , 1, 0, 0, 1, '', 'true');
        INSERT INTO loan_applications (loan_application_id, loan_application_number, application_date, agency_id, client_id, employee_id, destination_id, guarantee_type_id, amount, term, status) VALUES (01031, LPAD(01031, 8, '0'), 'NULL', 1, NULL, 2, NULL, 1, 767.25, 36, 'approved');
        INSERT INTO loans (loan_id, loan_number, loan_application_id, destination_id, approval_date, outlay_date, due_date, last_payment_date, next_payment_date, balance, status) VALUES (01031, LPAD(01031, 9, '0'), 01031, NULL, 'NULL', NULL, NULL, 'NULL', NULL, NULL, 'in_progress');
        INSERT INTO loan_deductions (loan_deduction_id, loan_id, financial_advice, iva_financial_advice, notarial_charges, registration_expenses, balance_cancellation, loan_cancellation_id, other_expenses, total_deductions, other_expenses_description) VALUES (01031, 01031, NULL, 2.76, 0, 0, 0, NULL, 708.25087, NULL, '' );
        INSERT INTO outlay_conditions (outlay_condition_id, loan_id, type, date, place, amount, cash_to, check_to, bank, bank_account_number, bank_account_owner, local_account_number, local_account_owner) VALUES (NULL, 01031, 1, 'NULL', 'Agencia Central', NULL, NULL, NULL, NULL, NULL, NULL, NULL, NULL);
        INSERT INTO amortizations (amortization_id, amortizationable_id, amortizationable_type, date, amount, term, interest_rate, include_iva, include_insurance, payment, payment_frequency_id, amortization_method_id, is_payment_variable, interest_payment_frequency_id, last_payment, last_payment_date, comment) VALUES (NULL, 01031, 'loan', 'NULL', 767.25, 36, NULL, 2.76, False, NULL, NULL, NULL, NULL, NULL, 'NULL', '');

        INSERT INTO clients (client_id, employee_id, registration_date, client_type_id, first_name, second_name, first_surname, second_surname, married_name, family_status_id, phone_number, cellphone_number, email, identification_type_id, identification_number, nit_homologation) VALUES (NULL, 2, NOW(), 1, 'Maria', 'Del', 'Carmen', 'Sosa', , 1, 0, 0, 1, '', 'true');
        INSERT INTO loan_applications (loan_application_id, loan_application_number, application_date, agency_id, client_id, employee_id, destination_id, guarantee_type_id, amount, term, status) VALUES (01032, LPAD(01032, 8, '0'), 'NULL', 1, NULL, 2, NULL, 1, 800.0, 12, 'approved');
        INSERT INTO loans (loan_id, loan_number, loan_application_id, destination_id, approval_date, outlay_date, due_date, last_payment_date, next_payment_date, balance, status) VALUES (01032, LPAD(01032, 9, '0'), 01032, NULL, 'NULL', NULL, NULL, 'NULL', NULL, NULL, 'in_progress');
        INSERT INTO loan_deductions (loan_deduction_id, loan_id, financial_advice, iva_financial_advice, notarial_charges, registration_expenses, balance_cancellation, loan_cancellation_id, other_expenses, total_deductions, other_expenses_description) VALUES (01032, 01032, NULL, 3.12, 0, 0, 0, NULL, 0.0, NULL, '' );
        INSERT INTO outlay_conditions (outlay_condition_id, loan_id, type, date, place, amount, cash_to, check_to, bank, bank_account_number, bank_account_owner, local_account_number, local_account_owner) VALUES (NULL, 01032, 1, 'NULL', 'Agencia Central', NULL, NULL, NULL, NULL, NULL, NULL, NULL, NULL);
        INSERT INTO amortizations (amortization_id, amortizationable_id, amortizationable_type, date, amount, term, interest_rate, include_iva, include_insurance, payment, payment_frequency_id, amortization_method_id, is_payment_variable, interest_payment_frequency_id, last_payment, last_payment_date, comment) VALUES (NULL, 01032, 'loan', 'NULL', 800.0, 12, NULL, 3.12, False, NULL, NULL, NULL, NULL, NULL, 'NULL', '');

        INSERT INTO clients (client_id, employee_id, registration_date, client_type_id, first_name, second_name, first_surname, second_surname, married_name, family_status_id, phone_number, cellphone_number, email, identification_type_id, identification_number, nit_homologation) VALUES (NULL, NULL, NOW(), 1, 'Rachel', 'Nohemy', 'Palacios', 'Reina', , 1, 0, 0, 1, '', 'true');
        INSERT INTO loan_applications (loan_application_id, loan_application_number, application_date, agency_id, client_id, employee_id, destination_id, guarantee_type_id, amount, term, status) VALUES (01033, LPAD(01033, 8, '0'), 'NULL', 1, NULL, NULL, NULL, 1, 1000.0, 12, 'approved');
        INSERT INTO loans (loan_id, loan_number, loan_application_id, destination_id, approval_date, outlay_date, due_date, last_payment_date, next_payment_date, balance, status) VALUES (01033, LPAD(01033, 9, '0'), 01033, NULL, 'NULL', NULL, NULL, 'NULL', NULL, NULL, 'in_progress');
        INSERT INTO loan_deductions (loan_deduction_id, loan_id, financial_advice, iva_financial_advice, notarial_charges, registration_expenses, balance_cancellation, loan_cancellation_id, other_expenses, total_deductions, other_expenses_description) VALUES (01033, 01033, NULL, 3.9, 0, 0, 0, NULL, 0.0, NULL, '' );
        INSERT INTO outlay_conditions (outlay_condition_id, loan_id, type, date, place, amount, cash_to, check_to, bank, bank_account_number, bank_account_owner, local_account_number, local_account_owner) VALUES (NULL, 01033, 1, 'NULL', 'Agencia Central', NULL, NULL, NULL, NULL, NULL, NULL, NULL, NULL);
        INSERT INTO amortizations (amortization_id, amortizationable_id, amortizationable_type, date, amount, term, interest_rate, include_iva, include_insurance, payment, payment_frequency_id, amortization_method_id, is_payment_variable, interest_payment_frequency_id, last_payment, last_payment_date, comment) VALUES (NULL, 01033, 'loan', 'NULL', 1000.0, 12, NULL, 3.9, False, NULL, NULL, NULL, NULL, NULL, 'NULL', '');

        INSERT INTO clients (client_id, employee_id, registration_date, client_type_id, first_name, second_name, first_surname, second_surname, married_name, family_status_id, phone_number, cellphone_number, email, identification_type_id, identification_number, nit_homologation) VALUES (NULL, 4, NOW(), 1, 'Maria', 'Elva', 'Flores', 'Palacios', , 1, 0, 0, 1, '', 'true');
        INSERT INTO loan_applications (loan_application_id, loan_application_number, application_date, agency_id, client_id, employee_id, destination_id, guarantee_type_id, amount, term, status) VALUES (01034, LPAD(01034, 8, '0'), 'NULL', 1, NULL, 4, NULL, 1, 868.31, 22, 'approved');
        INSERT INTO loans (loan_id, loan_number, loan_application_id, destination_id, approval_date, outlay_date, due_date, last_payment_date, next_payment_date, balance, status) VALUES (01034, LPAD(01034, 9, '0'), 01034, NULL, 'NULL', NULL, NULL, '2024-10-30', NULL, 838.02, 'in_progress');
        INSERT INTO loan_deductions (loan_deduction_id, loan_id, financial_advice, iva_financial_advice, notarial_charges, registration_expenses, balance_cancellation, loan_cancellation_id, other_expenses, total_deductions, other_expenses_description) VALUES (01034, 01034, NULL, 3.14, 0, 0, 0, NULL, 0.0, NULL, '' );
        INSERT INTO outlay_conditions (outlay_condition_id, loan_id, type, date, place, amount, cash_to, check_to, bank, bank_account_number, bank_account_owner, local_account_number, local_account_owner) VALUES (NULL, 01034, 1, 'NULL', 'Agencia Central', NULL, NULL, NULL, NULL, NULL, NULL, NULL, NULL);
        INSERT INTO amortizations (amortization_id, amortizationable_id, amortizationable_type, date, amount, term, interest_rate, include_iva, include_insurance, payment, payment_frequency_id, amortization_method_id, is_payment_variable, interest_payment_frequency_id, last_payment, last_payment_date, comment) VALUES (NULL, 01034, 'loan', 'NULL', 868.31, 22, NULL, 3.14, False, NULL, NULL, NULL, NULL, NULL, '2024-10-30', '');

        INSERT INTO clients (client_id, employee_id, registration_date, client_type_id, first_name, second_name, first_surname, second_surname, married_name, family_status_id, phone_number, cellphone_number, email, identification_type_id, identification_number, nit_homologation) VALUES (NULL, 2, NOW(), 1, 'Josefina', 'Del', 'Carmen', 'Aguilar', Jimenez, 1, 0, 0, 1, '', 'true');
        INSERT INTO loan_applications (loan_application_id, loan_application_number, application_date, agency_id, client_id, employee_id, destination_id, guarantee_type_id, amount, term, status) VALUES (01035, LPAD(01035, 8, '0'), 'NULL', 1, NULL, 2, NULL, 1, 1000.0, 14, 'approved');
        INSERT INTO loans (loan_id, loan_number, loan_application_id, destination_id, approval_date, outlay_date, due_date, last_payment_date, next_payment_date, balance, status) VALUES (01035, LPAD(01035, 9, '0'), 01035, NULL, 'NULL', NULL, NULL, '2024-10-30', NULL, 869.03, 'in_progress');
        INSERT INTO loan_deductions (loan_deduction_id, loan_id, financial_advice, iva_financial_advice, notarial_charges, registration_expenses, balance_cancellation, loan_cancellation_id, other_expenses, total_deductions, other_expenses_description) VALUES (01035, 01035, NULL, 3.9, 0, 0, 0, NULL, 0.0, NULL, '' );
        INSERT INTO outlay_conditions (outlay_condition_id, loan_id, type, date, place, amount, cash_to, check_to, bank, bank_account_number, bank_account_owner, local_account_number, local_account_owner) VALUES (NULL, 01035, 1, 'NULL', 'Agencia Central', NULL, NULL, NULL, NULL, NULL, NULL, NULL, NULL);
        INSERT INTO amortizations (amortization_id, amortizationable_id, amortizationable_type, date, amount, term, interest_rate, include_iva, include_insurance, payment, payment_frequency_id, amortization_method_id, is_payment_variable, interest_payment_frequency_id, last_payment, last_payment_date, comment) VALUES (NULL, 01035, 'loan', 'NULL', 1000.0, 14, NULL, 3.9, False, NULL, NULL, NULL, NULL, NULL, '2024-10-30', '');

        INSERT INTO clients (client_id, employee_id, registration_date, client_type_id, first_name, second_name, first_surname, second_surname, married_name, family_status_id, phone_number, cellphone_number, email, identification_type_id, identification_number, nit_homologation) VALUES (NULL, 2, NOW(), 1, 'Javier', 'Valladares', 'Castillo', '', , 1, 0, 0, 1, '', 'true');
        INSERT INTO loan_applications (loan_application_id, loan_application_number, application_date, agency_id, client_id, employee_id, destination_id, guarantee_type_id, amount, term, status) VALUES (01036, LPAD(01036, 8, '0'), 'NULL', 1, NULL, 2, NULL, 1, 400.0, 14, 'approved');
        INSERT INTO loans (loan_id, loan_number, loan_application_id, destination_id, approval_date, outlay_date, due_date, last_payment_date, next_payment_date, balance, status) VALUES (01036, LPAD(01036, 9, '0'), 01036, NULL, 'NULL', NULL, NULL, '2024-10-30', NULL, 347.61, 'in_progress');
        INSERT INTO loan_deductions (loan_deduction_id, loan_id, financial_advice, iva_financial_advice, notarial_charges, registration_expenses, balance_cancellation, loan_cancellation_id, other_expenses, total_deductions, other_expenses_description) VALUES (01036, 01036, NULL, 1.56, 0, 0, 0, NULL, 0.0, NULL, '' );
        INSERT INTO outlay_conditions (outlay_condition_id, loan_id, type, date, place, amount, cash_to, check_to, bank, bank_account_number, bank_account_owner, local_account_number, local_account_owner) VALUES (NULL, 01036, 1, 'NULL', 'Agencia Central', NULL, NULL, NULL, NULL, NULL, NULL, NULL, NULL);
        INSERT INTO amortizations (amortization_id, amortizationable_id, amortizationable_type, date, amount, term, interest_rate, include_iva, include_insurance, payment, payment_frequency_id, amortization_method_id, is_payment_variable, interest_payment_frequency_id, last_payment, last_payment_date, comment) VALUES (NULL, 01036, 'loan', 'NULL', 400.0, 14, NULL, 1.56, False, NULL, NULL, NULL, NULL, NULL, '2024-10-30', '');

        INSERT INTO clients (client_id, employee_id, registration_date, client_type_id, first_name, second_name, first_surname, second_surname, married_name, family_status_id, phone_number, cellphone_number, email, identification_type_id, identification_number, nit_homologation) VALUES (NULL, 4, NOW(), 1, 'Maria', 'Del', 'Carmen', 'Solorzano', , 1, 0, 0, 1, '', 'true');
        INSERT INTO loan_applications (loan_application_id, loan_application_number, application_date, agency_id, client_id, employee_id, destination_id, guarantee_type_id, amount, term, status) VALUES (01037, LPAD(01037, 8, '0'), 'NULL', 1, NULL, 4, NULL, 1, 500.0, 14, 'approved');
        INSERT INTO loans (loan_id, loan_number, loan_application_id, destination_id, approval_date, outlay_date, due_date, last_payment_date, next_payment_date, balance, status) VALUES (01037, LPAD(01037, 9, '0'), 01037, NULL, 'NULL', NULL, NULL, '2024-10-31', NULL, 433.21, 'in_progress');
        INSERT INTO loan_deductions (loan_deduction_id, loan_id, financial_advice, iva_financial_advice, notarial_charges, registration_expenses, balance_cancellation, loan_cancellation_id, other_expenses, total_deductions, other_expenses_description) VALUES (01037, 01037, NULL, 1.95, 0, 0, 0, NULL, 0.0, NULL, '' );
        INSERT INTO outlay_conditions (outlay_condition_id, loan_id, type, date, place, amount, cash_to, check_to, bank, bank_account_number, bank_account_owner, local_account_number, local_account_owner) VALUES (NULL, 01037, 1, 'NULL', 'Agencia Central', NULL, NULL, NULL, NULL, NULL, NULL, NULL, NULL);
        INSERT INTO amortizations (amortization_id, amortizationable_id, amortizationable_type, date, amount, term, interest_rate, include_iva, include_insurance, payment, payment_frequency_id, amortization_method_id, is_payment_variable, interest_payment_frequency_id, last_payment, last_payment_date, comment) VALUES (NULL, 01037, 'loan', 'NULL', 500.0, 14, NULL, 1.95, False, NULL, NULL, NULL, NULL, NULL, '2024-10-31', '');

        INSERT INTO clients (client_id, employee_id, registration_date, client_type_id, first_name, second_name, first_surname, second_surname, married_name, family_status_id, phone_number, cellphone_number, email, identification_type_id, identification_number, nit_homologation) VALUES (NULL, 2, NOW(), 1, 'Yancy', 'Jhoana', 'Contreras', 'Melendez', , 1, 0, 0, 1, '', 'true');
        INSERT INTO loan_applications (loan_application_id, loan_application_number, application_date, agency_id, client_id, employee_id, destination_id, guarantee_type_id, amount, term, status) VALUES (01038, LPAD(01038, 8, '0'), 'NULL', 1, NULL, 2, NULL, 1, 400.0, 14, 'approved');
        INSERT INTO loans (loan_id, loan_number, loan_application_id, destination_id, approval_date, outlay_date, due_date, last_payment_date, next_payment_date, balance, status) VALUES (01038, LPAD(01038, 9, '0'), 01038, NULL, 'NULL', NULL, NULL, '2024-10-31', NULL, 345.61, 'in_progress');
        INSERT INTO loan_deductions (loan_deduction_id, loan_id, financial_advice, iva_financial_advice, notarial_charges, registration_expenses, balance_cancellation, loan_cancellation_id, other_expenses, total_deductions, other_expenses_description) VALUES (01038, 01038, NULL, 1.56, 0, 0, 0, NULL, 0.0, NULL, '' );
        INSERT INTO outlay_conditions (outlay_condition_id, loan_id, type, date, place, amount, cash_to, check_to, bank, bank_account_number, bank_account_owner, local_account_number, local_account_owner) VALUES (NULL, 01038, 1, 'NULL', 'Agencia Central', NULL, NULL, NULL, NULL, NULL, NULL, NULL, NULL);
        INSERT INTO amortizations (amortization_id, amortizationable_id, amortizationable_type, date, amount, term, interest_rate, include_iva, include_insurance, payment, payment_frequency_id, amortization_method_id, is_payment_variable, interest_payment_frequency_id, last_payment, last_payment_date, comment) VALUES (NULL, 01038, 'loan', 'NULL', 400.0, 14, NULL, 1.56, False, NULL, NULL, NULL, NULL, NULL, '2024-10-31', '');

        INSERT INTO clients (client_id, employee_id, registration_date, client_type_id, first_name, second_name, first_surname, second_surname, married_name, family_status_id, phone_number, cellphone_number, email, identification_type_id, identification_number, nit_homologation) VALUES (NULL, 2, NOW(), 1, 'Maria', 'Juana', 'Morales', '', , 1, 0, 0, 1, '', 'true');
        INSERT INTO loan_applications (loan_application_id, loan_application_number, application_date, agency_id, client_id, employee_id, destination_id, guarantee_type_id, amount, term, status) VALUES (01039, LPAD(01039, 8, '0'), 'NULL', 1, NULL, 2, NULL, 1, 300.0, 14, 'approved');
        INSERT INTO loans (loan_id, loan_number, loan_application_id, destination_id, approval_date, outlay_date, due_date, last_payment_date, next_payment_date, balance, status) VALUES (01039, LPAD(01039, 9, '0'), 01039, NULL, 'NULL', NULL, NULL, '2024-10-31', NULL, 259.76, 'in_progress');
        INSERT INTO loan_deductions (loan_deduction_id, loan_id, financial_advice, iva_financial_advice, notarial_charges, registration_expenses, balance_cancellation, loan_cancellation_id, other_expenses, total_deductions, other_expenses_description) VALUES (01039, 01039, NULL, 1.17, 0, 0, 0, NULL, 0.0, NULL, '' );
        INSERT INTO outlay_conditions (outlay_condition_id, loan_id, type, date, place, amount, cash_to, check_to, bank, bank_account_number, bank_account_owner, local_account_number, local_account_owner) VALUES (NULL, 01039, 1, 'NULL', 'Agencia Central', NULL, NULL, NULL, NULL, NULL, NULL, NULL, NULL);
        INSERT INTO amortizations (amortization_id, amortizationable_id, amortizationable_type, date, amount, term, interest_rate, include_iva, include_insurance, payment, payment_frequency_id, amortization_method_id, is_payment_variable, interest_payment_frequency_id, last_payment, last_payment_date, comment) VALUES (NULL, 01039, 'loan', 'NULL', 300.0, 14, NULL, 1.17, False, NULL, NULL, NULL, NULL, NULL, '2024-10-31', '');

        INSERT INTO clients (client_id, employee_id, registration_date, client_type_id, first_name, second_name, first_surname, second_surname, married_name, family_status_id, phone_number, cellphone_number, email, identification_type_id, identification_number, nit_homologation) VALUES (NULL, 4, NOW(), 1, 'Miguel', 'Angel', 'Munoz', 'Castellon', , 1, 0, 0, 1, '', 'true');
        INSERT INTO loan_applications (loan_application_id, loan_application_number, application_date, agency_id, client_id, employee_id, destination_id, guarantee_type_id, amount, term, status) VALUES (01040, LPAD(01040, 8, '0'), 'NULL', 1, NULL, 4, NULL, 1, 300.0, 12, 'approved');
        INSERT INTO loans (loan_id, loan_number, loan_application_id, destination_id, approval_date, outlay_date, due_date, last_payment_date, next_payment_date, balance, status) VALUES (01040, LPAD(01040, 9, '0'), 01040, NULL, 'NULL', NULL, NULL, 'NULL', NULL, NULL, 'in_progress');
        INSERT INTO loan_deductions (loan_deduction_id, loan_id, financial_advice, iva_financial_advice, notarial_charges, registration_expenses, balance_cancellation, loan_cancellation_id, other_expenses, total_deductions, other_expenses_description) VALUES (01040, 01040, NULL, 1.17, 0, 0, 0, NULL, 0.0, NULL, '' );
        INSERT INTO outlay_conditions (outlay_condition_id, loan_id, type, date, place, amount, cash_to, check_to, bank, bank_account_number, bank_account_owner, local_account_number, local_account_owner) VALUES (NULL, 01040, 1, 'NULL', 'Agencia Central', NULL, NULL, NULL, NULL, NULL, NULL, NULL, NULL);
        INSERT INTO amortizations (amortization_id, amortizationable_id, amortizationable_type, date, amount, term, interest_rate, include_iva, include_insurance, payment, payment_frequency_id, amortization_method_id, is_payment_variable, interest_payment_frequency_id, last_payment, last_payment_date, comment) VALUES (NULL, 01040, 'loan', 'NULL', 300.0, 12, NULL, 1.17, False, NULL, NULL, NULL, NULL, NULL, 'NULL', '');

        INSERT INTO clients (client_id, employee_id, registration_date, client_type_id, first_name, second_name, first_surname, second_surname, married_name, family_status_id, phone_number, cellphone_number, email, identification_type_id, identification_number, nit_homologation) VALUES (NULL, 2, NOW(), 1, 'Karla', 'Beatriz', 'Garcia', 'De', Reyes, 1, 0, 0, 1, '', 'true');
        INSERT INTO loan_applications (loan_application_id, loan_application_number, application_date, agency_id, client_id, employee_id, destination_id, guarantee_type_id, amount, term, status) VALUES (01041, LPAD(01041, 8, '0'), 'NULL', 1, NULL, 2, NULL, 1, 1400.0, 24, 'approved');
        INSERT INTO loans (loan_id, loan_number, loan_application_id, destination_id, approval_date, outlay_date, due_date, last_payment_date, next_payment_date, balance, status) VALUES (01041, LPAD(01041, 9, '0'), 01041, NULL, 'NULL', NULL, NULL, 'NULL', NULL, NULL, 'in_progress');
        INSERT INTO loan_deductions (loan_deduction_id, loan_id, financial_advice, iva_financial_advice, notarial_charges, registration_expenses, balance_cancellation, loan_cancellation_id, other_expenses, total_deductions, other_expenses_description) VALUES (01041, 01041, NULL, 5.46, 0, 0, 0, NULL, 0.0, NULL, '' );
        INSERT INTO outlay_conditions (outlay_condition_id, loan_id, type, date, place, amount, cash_to, check_to, bank, bank_account_number, bank_account_owner, local_account_number, local_account_owner) VALUES (NULL, 01041, 1, 'NULL', 'Agencia Central', NULL, NULL, NULL, NULL, NULL, NULL, NULL, NULL);
        INSERT INTO amortizations (amortization_id, amortizationable_id, amortizationable_type, date, amount, term, interest_rate, include_iva, include_insurance, payment, payment_frequency_id, amortization_method_id, is_payment_variable, interest_payment_frequency_id, last_payment, last_payment_date, comment) VALUES (NULL, 01041, 'loan', 'NULL', 1400.0, 24, NULL, 5.46, False, NULL, NULL, NULL, NULL, NULL, 'NULL', '');

        INSERT INTO clients (client_id, employee_id, registration_date, client_type_id, first_name, second_name, first_surname, second_surname, married_name, family_status_id, phone_number, cellphone_number, email, identification_type_id, identification_number, nit_homologation) VALUES (NULL, 4, NOW(), 1, 'Silvia', 'Elizabeth', 'Regalado', 'De', Melara, 1, 0, 0, 1, '', 'true');
        INSERT INTO loan_applications (loan_application_id, loan_application_number, application_date, agency_id, client_id, employee_id, destination_id, guarantee_type_id, amount, term, status) VALUES (01042, LPAD(01042, 8, '0'), 'NULL', 1, NULL, 4, NULL, 1, 400.0, 14, 'approved');
        INSERT INTO loans (loan_id, loan_number, loan_application_id, destination_id, approval_date, outlay_date, due_date, last_payment_date, next_payment_date, balance, status) VALUES (01042, LPAD(01042, 9, '0'), 01042, NULL, 'NULL', NULL, NULL, 'NULL', NULL, NULL, 'in_progress');
        INSERT INTO loan_deductions (loan_deduction_id, loan_id, financial_advice, iva_financial_advice, notarial_charges, registration_expenses, balance_cancellation, loan_cancellation_id, other_expenses, total_deductions, other_expenses_description) VALUES (01042, 01042, NULL, 1.56, 0, 0, 0, NULL, 0.0, NULL, '' );
        INSERT INTO outlay_conditions (outlay_condition_id, loan_id, type, date, place, amount, cash_to, check_to, bank, bank_account_number, bank_account_owner, local_account_number, local_account_owner) VALUES (NULL, 01042, 1, 'NULL', 'Agencia Central', NULL, NULL, NULL, NULL, NULL, NULL, NULL, NULL);
        INSERT INTO amortizations (amortization_id, amortizationable_id, amortizationable_type, date, amount, term, interest_rate, include_iva, include_insurance, payment, payment_frequency_id, amortization_method_id, is_payment_variable, interest_payment_frequency_id, last_payment, last_payment_date, comment) VALUES (NULL, 01042, 'loan', 'NULL', 400.0, 14, NULL, 1.56, False, NULL, NULL, NULL, NULL, NULL, 'NULL', '');

        INSERT INTO clients (client_id, employee_id, registration_date, client_type_id, first_name, second_name, first_surname, second_surname, married_name, family_status_id, phone_number, cellphone_number, email, identification_type_id, identification_number, nit_homologation) VALUES (NULL, 2, NOW(), 1, 'Johana', 'Marcela', 'Molina', 'De', Diaz, 1, 0, 0, 1, '', 'true');
        INSERT INTO loan_applications (loan_application_id, loan_application_number, application_date, agency_id, client_id, employee_id, destination_id, guarantee_type_id, amount, term, status) VALUES (01043, LPAD(01043, 8, '0'), 'NULL', 1, NULL, 2, NULL, 1, 1000.0, 12, 'approved');
        INSERT INTO loans (loan_id, loan_number, loan_application_id, destination_id, approval_date, outlay_date, due_date, last_payment_date, next_payment_date, balance, status) VALUES (01043, LPAD(01043, 9, '0'), 01043, NULL, 'NULL', NULL, NULL, 'NULL', NULL, NULL, 'in_progress');
        INSERT INTO loan_deductions (loan_deduction_id, loan_id, financial_advice, iva_financial_advice, notarial_charges, registration_expenses, balance_cancellation, loan_cancellation_id, other_expenses, total_deductions, other_expenses_description) VALUES (01043, 01043, NULL, 3.9, 0, 0, 0, NULL, 0.0, NULL, '' );
        INSERT INTO outlay_conditions (outlay_condition_id, loan_id, type, date, place, amount, cash_to, check_to, bank, bank_account_number, bank_account_owner, local_account_number, local_account_owner) VALUES (NULL, 01043, 1, 'NULL', 'Agencia Central', NULL, NULL, NULL, NULL, NULL, NULL, NULL, NULL);
        INSERT INTO amortizations (amortization_id, amortizationable_id, amortizationable_type, date, amount, term, interest_rate, include_iva, include_insurance, payment, payment_frequency_id, amortization_method_id, is_payment_variable, interest_payment_frequency_id, last_payment, last_payment_date, comment) VALUES (NULL, 01043, 'loan', 'NULL', 1000.0, 12, NULL, 3.9, False, NULL, NULL, NULL, NULL, NULL, 'NULL', '');

        INSERT INTO clients (client_id, employee_id, registration_date, client_type_id, first_name, second_name, first_surname, second_surname, married_name, family_status_id, phone_number, cellphone_number, email, identification_type_id, identification_number, nit_homologation) VALUES (NULL, 2, NOW(), 1, 'Susana', 'Yamileth', 'Recinos', 'Perez', , 1, 0, 0, 1, '', 'true');
        INSERT INTO loan_applications (loan_application_id, loan_application_number, application_date, agency_id, client_id, employee_id, destination_id, guarantee_type_id, amount, term, status) VALUES (01044, LPAD(01044, 8, '0'), 'NULL', 1, NULL, 2, NULL, 1, 500.0, 14, 'approved');
        INSERT INTO loans (loan_id, loan_number, loan_application_id, destination_id, approval_date, outlay_date, due_date, last_payment_date, next_payment_date, balance, status) VALUES (01044, LPAD(01044, 9, '0'), 01044, NULL, 'NULL', NULL, NULL, '2024-10-28', NULL, 467.5, 'in_progress');
        INSERT INTO loan_deductions (loan_deduction_id, loan_id, financial_advice, iva_financial_advice, notarial_charges, registration_expenses, balance_cancellation, loan_cancellation_id, other_expenses, total_deductions, other_expenses_description) VALUES (01044, 01044, NULL, 1.95, 0, 0, 0, NULL, 0.0, NULL, '' );
        INSERT INTO outlay_conditions (outlay_condition_id, loan_id, type, date, place, amount, cash_to, check_to, bank, bank_account_number, bank_account_owner, local_account_number, local_account_owner) VALUES (NULL, 01044, 1, 'NULL', 'Agencia Central', NULL, NULL, NULL, NULL, NULL, NULL, NULL, NULL);
        INSERT INTO amortizations (amortization_id, amortizationable_id, amortizationable_type, date, amount, term, interest_rate, include_iva, include_insurance, payment, payment_frequency_id, amortization_method_id, is_payment_variable, interest_payment_frequency_id, last_payment, last_payment_date, comment) VALUES (NULL, 01044, 'loan', 'NULL', 500.0, 14, NULL, 1.95, False, NULL, NULL, NULL, NULL, NULL, '2024-10-28', '');

        INSERT INTO clients (client_id, employee_id, registration_date, client_type_id, first_name, second_name, first_surname, second_surname, married_name, family_status_id, phone_number, cellphone_number, email, identification_type_id, identification_number, nit_homologation) VALUES (NULL, NULL, NOW(), 1, 'Roberto', 'Carlos', 'Ramirez', 'Cortez', , 1, 0, 0, 1, '', 'true');
        INSERT INTO loan_applications (loan_application_id, loan_application_number, application_date, agency_id, client_id, employee_id, destination_id, guarantee_type_id, amount, term, status) VALUES (01045, LPAD(01045, 8, '0'), 'NULL', 1, NULL, NULL, NULL, 1, 1300.0, 14, 'approved');
        INSERT INTO loans (loan_id, loan_number, loan_application_id, destination_id, approval_date, outlay_date, due_date, last_payment_date, next_payment_date, balance, status) VALUES (01045, LPAD(01045, 9, '0'), 01045, NULL, 'NULL', NULL, NULL, '2024-10-29', NULL, 1215.5, 'in_progress');
        INSERT INTO loan_deductions (loan_deduction_id, loan_id, financial_advice, iva_financial_advice, notarial_charges, registration_expenses, balance_cancellation, loan_cancellation_id, other_expenses, total_deductions, other_expenses_description) VALUES (01045, 01045, NULL, 5.07, 0, 0, 0, NULL, 0.0, NULL, '' );
        INSERT INTO outlay_conditions (outlay_condition_id, loan_id, type, date, place, amount, cash_to, check_to, bank, bank_account_number, bank_account_owner, local_account_number, local_account_owner) VALUES (NULL, 01045, 1, 'NULL', 'Agencia Central', NULL, NULL, NULL, NULL, NULL, NULL, NULL, NULL);
        INSERT INTO amortizations (amortization_id, amortizationable_id, amortizationable_type, date, amount, term, interest_rate, include_iva, include_insurance, payment, payment_frequency_id, amortization_method_id, is_payment_variable, interest_payment_frequency_id, last_payment, last_payment_date, comment) VALUES (NULL, 01045, 'loan', 'NULL', 1300.0, 14, NULL, 5.07, False, NULL, NULL, NULL, NULL, NULL, '2024-10-29', '');

        INSERT INTO clients (client_id, employee_id, registration_date, client_type_id, first_name, second_name, first_surname, second_surname, married_name, family_status_id, phone_number, cellphone_number, email, identification_type_id, identification_number, nit_homologation) VALUES (NULL, 2, NOW(), 1, 'Adriana', 'Del', 'Carmen', 'Cienfuegos', , 1, 0, 0, 1, '', 'true');
        INSERT INTO loan_applications (loan_application_id, loan_application_number, application_date, agency_id, client_id, employee_id, destination_id, guarantee_type_id, amount, term, status) VALUES (01046, LPAD(01046, 8, '0'), 'NULL', 1, NULL, 2, NULL, 1, 500.0, 14, 'approved');
        INSERT INTO loans (loan_id, loan_number, loan_application_id, destination_id, approval_date, outlay_date, due_date, last_payment_date, next_payment_date, balance, status) VALUES (01046, LPAD(01046, 9, '0'), 01046, NULL, 'NULL', NULL, NULL, '2024-10-29', NULL, 467.5, 'in_progress');
        INSERT INTO loan_deductions (loan_deduction_id, loan_id, financial_advice, iva_financial_advice, notarial_charges, registration_expenses, balance_cancellation, loan_cancellation_id, other_expenses, total_deductions, other_expenses_description) VALUES (01046, 01046, NULL, 1.95, 0, 0, 0, NULL, 0.0, NULL, '' );
        INSERT INTO outlay_conditions (outlay_condition_id, loan_id, type, date, place, amount, cash_to, check_to, bank, bank_account_number, bank_account_owner, local_account_number, local_account_owner) VALUES (NULL, 01046, 1, 'NULL', 'Agencia Central', NULL, NULL, NULL, NULL, NULL, NULL, NULL, NULL);
        INSERT INTO amortizations (amortization_id, amortizationable_id, amortizationable_type, date, amount, term, interest_rate, include_iva, include_insurance, payment, payment_frequency_id, amortization_method_id, is_payment_variable, interest_payment_frequency_id, last_payment, last_payment_date, comment) VALUES (NULL, 01046, 'loan', 'NULL', 500.0, 14, NULL, 1.95, False, NULL, NULL, NULL, NULL, NULL, '2024-10-29', '');

        INSERT INTO clients (client_id, employee_id, registration_date, client_type_id, first_name, second_name, first_surname, second_surname, married_name, family_status_id, phone_number, cellphone_number, email, identification_type_id, identification_number, nit_homologation) VALUES (NULL, 4, NOW(), 1, 'Dora', 'Esmeralda', 'Aguilar', 'Garcia', , 1, 0, 0, 1, '', 'true');
        INSERT INTO loan_applications (loan_application_id, loan_application_number, application_date, agency_id, client_id, employee_id, destination_id, guarantee_type_id, amount, term, status) VALUES (01047, LPAD(01047, 8, '0'), 'NULL', 1, NULL, 4, NULL, 1, 1000.0, 14, 'approved');
        INSERT INTO loans (loan_id, loan_number, loan_application_id, destination_id, approval_date, outlay_date, due_date, last_payment_date, next_payment_date, balance, status) VALUES (01047, LPAD(01047, 9, '0'), 01047, NULL, 'NULL', NULL, NULL, '2024-10-29', NULL, 935.0, 'in_progress');
        INSERT INTO loan_deductions (loan_deduction_id, loan_id, financial_advice, iva_financial_advice, notarial_charges, registration_expenses, balance_cancellation, loan_cancellation_id, other_expenses, total_deductions, other_expenses_description) VALUES (01047, 01047, NULL, 3.9, 0, 0, 0, NULL, 0.0, NULL, '' );
        INSERT INTO outlay_conditions (outlay_condition_id, loan_id, type, date, place, amount, cash_to, check_to, bank, bank_account_number, bank_account_owner, local_account_number, local_account_owner) VALUES (NULL, 01047, 1, 'NULL', 'Agencia Central', NULL, NULL, NULL, NULL, NULL, NULL, NULL, NULL);
        INSERT INTO amortizations (amortization_id, amortizationable_id, amortizationable_type, date, amount, term, interest_rate, include_iva, include_insurance, payment, payment_frequency_id, amortization_method_id, is_payment_variable, interest_payment_frequency_id, last_payment, last_payment_date, comment) VALUES (NULL, 01047, 'loan', 'NULL', 1000.0, 14, NULL, 3.9, False, NULL, NULL, NULL, NULL, NULL, '2024-10-29', '');

        INSERT INTO clients (client_id, employee_id, registration_date, client_type_id, first_name, second_name, first_surname, second_surname, married_name, family_status_id, phone_number, cellphone_number, email, identification_type_id, identification_number, nit_homologation) VALUES (NULL, 4, NOW(), 1, 'Sandra', 'Carolina', 'Rodriguez', 'De', Lue, 1, 0, 0, 1, '', 'true');
        INSERT INTO loan_applications (loan_application_id, loan_application_number, application_date, agency_id, client_id, employee_id, destination_id, guarantee_type_id, amount, term, status) VALUES (01048, LPAD(01048, 8, '0'), 'NULL', 1, NULL, 4, NULL, 1, 1000.0, 14, 'approved');
        INSERT INTO loans (loan_id, loan_number, loan_application_id, destination_id, approval_date, outlay_date, due_date, last_payment_date, next_payment_date, balance, status) VALUES (01048, LPAD(01048, 9, '0'), 01048, NULL, 'NULL', NULL, NULL, '2024-10-30', NULL, 935.0, 'in_progress');
        INSERT INTO loan_deductions (loan_deduction_id, loan_id, financial_advice, iva_financial_advice, notarial_charges, registration_expenses, balance_cancellation, loan_cancellation_id, other_expenses, total_deductions, other_expenses_description) VALUES (01048, 01048, NULL, 3.9, 0, 0, 0, NULL, 0.0, NULL, '' );
        INSERT INTO outlay_conditions (outlay_condition_id, loan_id, type, date, place, amount, cash_to, check_to, bank, bank_account_number, bank_account_owner, local_account_number, local_account_owner) VALUES (NULL, 01048, 1, 'NULL', 'Agencia Central', NULL, NULL, NULL, NULL, NULL, NULL, NULL, NULL);
        INSERT INTO amortizations (amortization_id, amortizationable_id, amortizationable_type, date, amount, term, interest_rate, include_iva, include_insurance, payment, payment_frequency_id, amortization_method_id, is_payment_variable, interest_payment_frequency_id, last_payment, last_payment_date, comment) VALUES (NULL, 01048, 'loan', 'NULL', 1000.0, 14, NULL, 3.9, False, NULL, NULL, NULL, NULL, NULL, '2024-10-30', '');

        INSERT INTO clients (client_id, employee_id, registration_date, client_type_id, first_name, second_name, first_surname, second_surname, married_name, family_status_id, phone_number, cellphone_number, email, identification_type_id, identification_number, nit_homologation) VALUES (NULL, 2, NOW(), 1, 'Jose', 'Luis', 'Luna', 'Gonzalez', , 1, 0, 0, 1, '', 'true');
        INSERT INTO loan_applications (loan_application_id, loan_application_number, application_date, agency_id, client_id, employee_id, destination_id, guarantee_type_id, amount, term, status) VALUES (01049, LPAD(01049, 8, '0'), 'NULL', 1, NULL, 2, NULL, 1, 900.0, 14, 'approved');
        INSERT INTO loans (loan_id, loan_number, loan_application_id, destination_id, approval_date, outlay_date, due_date, last_payment_date, next_payment_date, balance, status) VALUES (01049, LPAD(01049, 9, '0'), 01049, NULL, 'NULL', NULL, NULL, 'NULL', NULL, NULL, 'in_progress');
        INSERT INTO loan_deductions (loan_deduction_id, loan_id, financial_advice, iva_financial_advice, notarial_charges, registration_expenses, balance_cancellation, loan_cancellation_id, other_expenses, total_deductions, other_expenses_description) VALUES (01049, 01049, NULL, 3.51, 0, 0, 0, NULL, 0.0, NULL, '' );
        INSERT INTO outlay_conditions (outlay_condition_id, loan_id, type, date, place, amount, cash_to, check_to, bank, bank_account_number, bank_account_owner, local_account_number, local_account_owner) VALUES (NULL, 01049, 1, 'NULL', 'Agencia Central', NULL, NULL, NULL, NULL, NULL, NULL, NULL, NULL);
        INSERT INTO amortizations (amortization_id, amortizationable_id, amortizationable_type, date, amount, term, interest_rate, include_iva, include_insurance, payment, payment_frequency_id, amortization_method_id, is_payment_variable, interest_payment_frequency_id, last_payment, last_payment_date, comment) VALUES (NULL, 01049, 'loan', 'NULL', 900.0, 14, NULL, 3.51, False, NULL, NULL, NULL, NULL, NULL, 'NULL', '');

        INSERT INTO clients (client_id, employee_id, registration_date, client_type_id, first_name, second_name, first_surname, second_surname, married_name, family_status_id, phone_number, cellphone_number, email, identification_type_id, identification_number, nit_homologation) VALUES (NULL, 2, NOW(), 1, 'Johana', 'Isela', 'Castro', 'De', Alfaro, 1, 0, 0, 1, '', 'true');
        INSERT INTO loan_applications (loan_application_id, loan_application_number, application_date, agency_id, client_id, employee_id, destination_id, guarantee_type_id, amount, term, status) VALUES (01050, LPAD(01050, 8, '0'), 'NULL', 1, NULL, 2, NULL, 1, 300.0, 14, 'approved');
        INSERT INTO loans (loan_id, loan_number, loan_application_id, destination_id, approval_date, outlay_date, due_date, last_payment_date, next_payment_date, balance, status) VALUES (01050, LPAD(01050, 9, '0'), 01050, NULL, 'NULL', NULL, NULL, '2024-10-31', NULL, 280.35, 'in_progress');
        INSERT INTO loan_deductions (loan_deduction_id, loan_id, financial_advice, iva_financial_advice, notarial_charges, registration_expenses, balance_cancellation, loan_cancellation_id, other_expenses, total_deductions, other_expenses_description) VALUES (01050, 01050, NULL, 1.17, 0, 0, 0, NULL, 0.0, NULL, '' );
        INSERT INTO outlay_conditions (outlay_condition_id, loan_id, type, date, place, amount, cash_to, check_to, bank, bank_account_number, bank_account_owner, local_account_number, local_account_owner) VALUES (NULL, 01050, 1, 'NULL', 'Agencia Central', NULL, NULL, NULL, NULL, NULL, NULL, NULL, NULL);
        INSERT INTO amortizations (amortization_id, amortizationable_id, amortizationable_type, date, amount, term, interest_rate, include_iva, include_insurance, payment, payment_frequency_id, amortization_method_id, is_payment_variable, interest_payment_frequency_id, last_payment, last_payment_date, comment) VALUES (NULL, 01050, 'loan', 'NULL', 300.0, 14, NULL, 1.17, False, NULL, NULL, NULL, NULL, NULL, '2024-10-31', '');

        INSERT INTO clients (client_id, employee_id, registration_date, client_type_id, first_name, second_name, first_surname, second_surname, married_name, family_status_id, phone_number, cellphone_number, email, identification_type_id, identification_number, nit_homologation) VALUES (NULL, 2, NOW(), 1, 'Milagro', 'Del', 'Rosario', 'Lira', , 1, 0, 0, 1, '', 'true');
        INSERT INTO loan_applications (loan_application_id, loan_application_number, application_date, agency_id, client_id, employee_id, destination_id, guarantee_type_id, amount, term, status) VALUES (01051, LPAD(01051, 8, '0'), 'NULL', 1, NULL, 2, NULL, 1, 600.0, 14, 'approved');
        INSERT INTO loans (loan_id, loan_number, loan_application_id, destination_id, approval_date, outlay_date, due_date, last_payment_date, next_payment_date, balance, status) VALUES (01051, LPAD(01051, 9, '0'), 01051, NULL, 'NULL', NULL, NULL, '2024-10-31', NULL, 561.0, 'in_progress');
        INSERT INTO loan_deductions (loan_deduction_id, loan_id, financial_advice, iva_financial_advice, notarial_charges, registration_expenses, balance_cancellation, loan_cancellation_id, other_expenses, total_deductions, other_expenses_description) VALUES (01051, 01051, NULL, 2.34, 0, 0, 0, NULL, 0.0, NULL, '' );
        INSERT INTO outlay_conditions (outlay_condition_id, loan_id, type, date, place, amount, cash_to, check_to, bank, bank_account_number, bank_account_owner, local_account_number, local_account_owner) VALUES (NULL, 01051, 1, 'NULL', 'Agencia Central', NULL, NULL, NULL, NULL, NULL, NULL, NULL, NULL);
        INSERT INTO amortizations (amortization_id, amortizationable_id, amortizationable_type, date, amount, term, interest_rate, include_iva, include_insurance, payment, payment_frequency_id, amortization_method_id, is_payment_variable, interest_payment_frequency_id, last_payment, last_payment_date, comment) VALUES (NULL, 01051, 'loan', 'NULL', 600.0, 14, NULL, 2.34, False, NULL, NULL, NULL, NULL, NULL, '2024-10-31', '');

        INSERT INTO clients (client_id, employee_id, registration_date, client_type_id, first_name, second_name, first_surname, second_surname, married_name, family_status_id, phone_number, cellphone_number, email, identification_type_id, identification_number, nit_homologation) VALUES (NULL, 2, NOW(), 1, 'Maria', 'De', 'Los', 'Angeles', Los, 1, 0, 0, 1, '', 'true');
        INSERT INTO loan_applications (loan_application_id, loan_application_number, application_date, agency_id, client_id, employee_id, destination_id, guarantee_type_id, amount, term, status) VALUES (01052, LPAD(01052, 8, '0'), 'NULL', 1, NULL, 2, NULL, 1, 500.0, 14, 'approved');
        INSERT INTO loans (loan_id, loan_number, loan_application_id, destination_id, approval_date, outlay_date, due_date, last_payment_date, next_payment_date, balance, status) VALUES (01052, LPAD(01052, 9, '0'), 01052, NULL, 'NULL', NULL, NULL, '2024-10-31', NULL, 457.5, 'in_progress');
        INSERT INTO loan_deductions (loan_deduction_id, loan_id, financial_advice, iva_financial_advice, notarial_charges, registration_expenses, balance_cancellation, loan_cancellation_id, other_expenses, total_deductions, other_expenses_description) VALUES (01052, 01052, NULL, 1.95, 0, 0, 0, NULL, 0.0, NULL, '' );
        INSERT INTO outlay_conditions (outlay_condition_id, loan_id, type, date, place, amount, cash_to, check_to, bank, bank_account_number, bank_account_owner, local_account_number, local_account_owner) VALUES (NULL, 01052, 1, 'NULL', 'Agencia Central', NULL, NULL, NULL, NULL, NULL, NULL, NULL, NULL);
        INSERT INTO amortizations (amortization_id, amortizationable_id, amortizationable_type, date, amount, term, interest_rate, include_iva, include_insurance, payment, payment_frequency_id, amortization_method_id, is_payment_variable, interest_payment_frequency_id, last_payment, last_payment_date, comment) VALUES (NULL, 01052, 'loan', 'NULL', 500.0, 14, NULL, 1.95, False, NULL, NULL, NULL, NULL, NULL, '2024-10-31', '');

        INSERT INTO clients (client_id, employee_id, registration_date, client_type_id, first_name, second_name, first_surname, second_surname, married_name, family_status_id, phone_number, cellphone_number, email, identification_type_id, identification_number, nit_homologation) VALUES (NULL, 4, NOW(), 1, 'Gabriela', 'Alejandra', 'Melendez', 'Castro', , 1, 0, 0, 1, '', 'true');
        INSERT INTO loan_applications (loan_application_id, loan_application_number, application_date, agency_id, client_id, employee_id, destination_id, guarantee_type_id, amount, term, status) VALUES (01053, LPAD(01053, 8, '0'), 'NULL', 1, NULL, 4, NULL, 1, 1500.0, 12, 'approved');
        INSERT INTO loans (loan_id, loan_number, loan_application_id, destination_id, approval_date, outlay_date, due_date, last_payment_date, next_payment_date, balance, status) VALUES (01053, LPAD(01053, 9, '0'), 01053, NULL, 'NULL', NULL, NULL, 'NULL', NULL, NULL, 'in_progress');
        INSERT INTO loan_deductions (loan_deduction_id, loan_id, financial_advice, iva_financial_advice, notarial_charges, registration_expenses, balance_cancellation, loan_cancellation_id, other_expenses, total_deductions, other_expenses_description) VALUES (01053, 01053, NULL, 5.85, 0, 0, 0, NULL, 0.0, NULL, '' );
        INSERT INTO outlay_conditions (outlay_condition_id, loan_id, type, date, place, amount, cash_to, check_to, bank, bank_account_number, bank_account_owner, local_account_number, local_account_owner) VALUES (NULL, 01053, 1, 'NULL', 'Agencia Central', NULL, NULL, NULL, NULL, NULL, NULL, NULL, NULL);
        INSERT INTO amortizations (amortization_id, amortizationable_id, amortizationable_type, date, amount, term, interest_rate, include_iva, include_insurance, payment, payment_frequency_id, amortization_method_id, is_payment_variable, interest_payment_frequency_id, last_payment, last_payment_date, comment) VALUES (NULL, 01053, 'loan', 'NULL', 1500.0, 12, NULL, 5.85, True, NULL, NULL, NULL, NULL, NULL, 'NULL', '');

        INSERT INTO clients (client_id, employee_id, registration_date, client_type_id, first_name, second_name, first_surname, second_surname, married_name, family_status_id, phone_number, cellphone_number, email, identification_type_id, identification_number, nit_homologation) VALUES (NULL, 4, NOW(), 1, 'Yosceline', 'Iveth', 'Alferez', 'De', Monarca, 1, 0, 0, 1, '', 'true');
        INSERT INTO loan_applications (loan_application_id, loan_application_number, application_date, agency_id, client_id, employee_id, destination_id, guarantee_type_id, amount, term, status) VALUES (01054, LPAD(01054, 8, '0'), 'NULL', 1, NULL, 4, NULL, 1, 1300.0, 15, 'approved');
        INSERT INTO loans (loan_id, loan_number, loan_application_id, destination_id, approval_date, outlay_date, due_date, last_payment_date, next_payment_date, balance, status) VALUES (01054, LPAD(01054, 9, '0'), 01054, NULL, 'NULL', NULL, NULL, 'NULL', NULL, NULL, 'in_progress');
        INSERT INTO loan_deductions (loan_deduction_id, loan_id, financial_advice, iva_financial_advice, notarial_charges, registration_expenses, balance_cancellation, loan_cancellation_id, other_expenses, total_deductions, other_expenses_description) VALUES (01054, 01054, NULL, 5.07, 0, 0, 0, NULL, 0.0, NULL, '' );
        INSERT INTO outlay_conditions (outlay_condition_id, loan_id, type, date, place, amount, cash_to, check_to, bank, bank_account_number, bank_account_owner, local_account_number, local_account_owner) VALUES (NULL, 01054, 1, 'NULL', 'Agencia Central', NULL, NULL, NULL, NULL, NULL, NULL, NULL, NULL);
        INSERT INTO amortizations (amortization_id, amortizationable_id, amortizationable_type, date, amount, term, interest_rate, include_iva, include_insurance, payment, payment_frequency_id, amortization_method_id, is_payment_variable, interest_payment_frequency_id, last_payment, last_payment_date, comment) VALUES (NULL, 01054, 'loan', 'NULL', 1300.0, 15, NULL, 5.07, True, NULL, NULL, NULL, NULL, NULL, 'NULL', '');

        INSERT INTO clients (client_id, employee_id, registration_date, client_type_id, first_name, second_name, first_surname, second_surname, married_name, family_status_id, phone_number, cellphone_number, email, identification_type_id, identification_number, nit_homologation) VALUES (NULL, 2, NOW(), 1, 'Sandra', 'Gricelda', 'Perez', 'De', Vasquez., 1, 0, 0, 1, '', 'true');
        INSERT INTO loan_applications (loan_application_id, loan_application_number, application_date, agency_id, client_id, employee_id, destination_id, guarantee_type_id, amount, term, status) VALUES (01055, LPAD(01055, 8, '0'), 'NULL', 1, NULL, 2, NULL, 1, 500.0, 8, 'approved');
        INSERT INTO loans (loan_id, loan_number, loan_application_id, destination_id, approval_date, outlay_date, due_date, last_payment_date, next_payment_date, balance, status) VALUES (01055, LPAD(01055, 9, '0'), 01055, NULL, 'NULL', NULL, NULL, 'NULL', NULL, NULL, 'in_progress');
        INSERT INTO loan_deductions (loan_deduction_id, loan_id, financial_advice, iva_financial_advice, notarial_charges, registration_expenses, balance_cancellation, loan_cancellation_id, other_expenses, total_deductions, other_expenses_description) VALUES (01055, 01055, NULL, 1.95, 0, 0, 0, NULL, 0.0, NULL, '' );
        INSERT INTO outlay_conditions (outlay_condition_id, loan_id, type, date, place, amount, cash_to, check_to, bank, bank_account_number, bank_account_owner, local_account_number, local_account_owner) VALUES (NULL, 01055, 1, 'NULL', 'Agencia Central', NULL, NULL, NULL, NULL, NULL, NULL, NULL, NULL);
        INSERT INTO amortizations (amortization_id, amortizationable_id, amortizationable_type, date, amount, term, interest_rate, include_iva, include_insurance, payment, payment_frequency_id, amortization_method_id, is_payment_variable, interest_payment_frequency_id, last_payment, last_payment_date, comment) VALUES (NULL, 01055, 'loan', 'NULL', 500.0, 8, NULL, 1.95, False, NULL, NULL, NULL, NULL, NULL, 'NULL', '');

        INSERT INTO clients (client_id, employee_id, registration_date, client_type_id, first_name, second_name, first_surname, second_surname, married_name, family_status_id, phone_number, cellphone_number, email, identification_type_id, identification_number, nit_homologation) VALUES (NULL, 2, NOW(), 1, 'Griselda', 'Flores', 'De', 'Farela', Farela, 1, 0, 0, 1, '', 'true');
        INSERT INTO loan_applications (loan_application_id, loan_application_number, application_date, agency_id, client_id, employee_id, destination_id, guarantee_type_id, amount, term, status) VALUES (01056, LPAD(01056, 8, '0'), 'NULL', 1, NULL, 2, NULL, 1, 500.0, 14, 'approved');
        INSERT INTO loans (loan_id, loan_number, loan_application_id, destination_id, approval_date, outlay_date, due_date, last_payment_date, next_payment_date, balance, status) VALUES (01056, LPAD(01056, 9, '0'), 01056, NULL, 'NULL', NULL, NULL, 'NULL', NULL, NULL, 'in_progress');
        INSERT INTO loan_deductions (loan_deduction_id, loan_id, financial_advice, iva_financial_advice, notarial_charges, registration_expenses, balance_cancellation, loan_cancellation_id, other_expenses, total_deductions, other_expenses_description) VALUES (01056, 01056, NULL, 1.95, 0, 0, 0, NULL, 0.0, NULL, '' );
        INSERT INTO outlay_conditions (outlay_condition_id, loan_id, type, date, place, amount, cash_to, check_to, bank, bank_account_number, bank_account_owner, local_account_number, local_account_owner) VALUES (NULL, 01056, 1, 'NULL', 'Agencia Central', NULL, NULL, NULL, NULL, NULL, NULL, NULL, NULL);
        INSERT INTO amortizations (amortization_id, amortizationable_id, amortizationable_type, date, amount, term, interest_rate, include_iva, include_insurance, payment, payment_frequency_id, amortization_method_id, is_payment_variable, interest_payment_frequency_id, last_payment, last_payment_date, comment) VALUES (NULL, 01056, 'loan', 'NULL', 500.0, 14, NULL, 1.95, False, NULL, NULL, NULL, NULL, NULL, 'NULL', '');

        INSERT INTO clients (client_id, employee_id, registration_date, client_type_id, first_name, second_name, first_surname, second_surname, married_name, family_status_id, phone_number, cellphone_number, email, identification_type_id, identification_number, nit_homologation) VALUES (NULL, 4, NOW(), 1, 'Yolanda', 'Marisol', 'Azucena', '', , 1, 0, 0, 1, '', 'true');
        INSERT INTO loan_applications (loan_application_id, loan_application_number, application_date, agency_id, client_id, employee_id, destination_id, guarantee_type_id, amount, term, status) VALUES (01057, LPAD(01057, 8, '0'), 'NULL', 1, NULL, 4, NULL, 1, 300.0, 14, 'approved');
        INSERT INTO loans (loan_id, loan_number, loan_application_id, destination_id, approval_date, outlay_date, due_date, last_payment_date, next_payment_date, balance, status) VALUES (01057, LPAD(01057, 9, '0'), 01057, NULL, 'NULL', NULL, NULL, 'NULL', NULL, NULL, 'in_progress');
        INSERT INTO loan_deductions (loan_deduction_id, loan_id, financial_advice, iva_financial_advice, notarial_charges, registration_expenses, balance_cancellation, loan_cancellation_id, other_expenses, total_deductions, other_expenses_description) VALUES (01057, 01057, NULL, 1.17, 0, 0, 0, NULL, 0.0, NULL, '' );
        INSERT INTO outlay_conditions (outlay_condition_id, loan_id, type, date, place, amount, cash_to, check_to, bank, bank_account_number, bank_account_owner, local_account_number, local_account_owner) VALUES (NULL, 01057, 1, 'NULL', 'Agencia Central', NULL, NULL, NULL, NULL, NULL, NULL, NULL, NULL);
        INSERT INTO amortizations (amortization_id, amortizationable_id, amortizationable_type, date, amount, term, interest_rate, include_iva, include_insurance, payment, payment_frequency_id, amortization_method_id, is_payment_variable, interest_payment_frequency_id, last_payment, last_payment_date, comment) VALUES (NULL, 01057, 'loan', 'NULL', 300.0, 14, NULL, 1.17, False, NULL, NULL, NULL, NULL, NULL, 'NULL', '');

        INSERT INTO clients (client_id, employee_id, registration_date, client_type_id, first_name, second_name, first_surname, second_surname, married_name, family_status_id, phone_number, cellphone_number, email, identification_type_id, identification_number, nit_homologation) VALUES (NULL, 4, NOW(), 1, 'Deysi', 'Arely', 'Portillo', 'De', Herrera, 1, 0, 0, 1, '', 'true');
        INSERT INTO loan_applications (loan_application_id, loan_application_number, application_date, agency_id, client_id, employee_id, destination_id, guarantee_type_id, amount, term, status) VALUES (01058, LPAD(01058, 8, '0'), 'NULL', 1, NULL, 4, NULL, 1, 500.0, 8, 'approved');
        INSERT INTO loans (loan_id, loan_number, loan_application_id, destination_id, approval_date, outlay_date, due_date, last_payment_date, next_payment_date, balance, status) VALUES (01058, LPAD(01058, 9, '0'), 01058, NULL, 'NULL', NULL, NULL, 'NULL', NULL, NULL, 'in_progress');
        INSERT INTO loan_deductions (loan_deduction_id, loan_id, financial_advice, iva_financial_advice, notarial_charges, registration_expenses, balance_cancellation, loan_cancellation_id, other_expenses, total_deductions, other_expenses_description) VALUES (01058, 01058, NULL, 1.95, 0, 0, 0, NULL, 0.0, NULL, '' );
        INSERT INTO outlay_conditions (outlay_condition_id, loan_id, type, date, place, amount, cash_to, check_to, bank, bank_account_number, bank_account_owner, local_account_number, local_account_owner) VALUES (NULL, 01058, 1, 'NULL', 'Agencia Central', NULL, NULL, NULL, NULL, NULL, NULL, NULL, NULL);
        INSERT INTO amortizations (amortization_id, amortizationable_id, amortizationable_type, date, amount, term, interest_rate, include_iva, include_insurance, payment, payment_frequency_id, amortization_method_id, is_payment_variable, interest_payment_frequency_id, last_payment, last_payment_date, comment) VALUES (NULL, 01058, 'loan', 'NULL', 500.0, 8, NULL, 1.95, False, NULL, NULL, NULL, NULL, NULL, 'NULL', '');

        INSERT INTO clients (client_id, employee_id, registration_date, client_type_id, first_name, second_name, first_surname, second_surname, married_name, family_status_id, phone_number, cellphone_number, email, identification_type_id, identification_number, nit_homologation) VALUES (NULL, 2, NOW(), 1, 'Maria', 'Elena', 'Barrera', 'De', Avalos, 1, 0, 0, 1, '', 'true');
        INSERT INTO loan_applications (loan_application_id, loan_application_number, application_date, agency_id, client_id, employee_id, destination_id, guarantee_type_id, amount, term, status) VALUES (01059, LPAD(01059, 8, '0'), 'NULL', 1, NULL, 2, NULL, 1, 700.0, 14, 'approved');
        INSERT INTO loans (loan_id, loan_number, loan_application_id, destination_id, approval_date, outlay_date, due_date, last_payment_date, next_payment_date, balance, status) VALUES (01059, LPAD(01059, 9, '0'), 01059, NULL, 'NULL', NULL, NULL, 'NULL', NULL, NULL, 'in_progress');
        INSERT INTO loan_deductions (loan_deduction_id, loan_id, financial_advice, iva_financial_advice, notarial_charges, registration_expenses, balance_cancellation, loan_cancellation_id, other_expenses, total_deductions, other_expenses_description) VALUES (01059, 01059, NULL, 2.73, 0, 0, 0, NULL, 0.0, NULL, '' );
        INSERT INTO outlay_conditions (outlay_condition_id, loan_id, type, date, place, amount, cash_to, check_to, bank, bank_account_number, bank_account_owner, local_account_number, local_account_owner) VALUES (NULL, 01059, 1, 'NULL', 'Agencia Central', NULL, NULL, NULL, NULL, NULL, NULL, NULL, NULL);
        INSERT INTO amortizations (amortization_id, amortizationable_id, amortizationable_type, date, amount, term, interest_rate, include_iva, include_insurance, payment, payment_frequency_id, amortization_method_id, is_payment_variable, interest_payment_frequency_id, last_payment, last_payment_date, comment) VALUES (NULL, 01059, 'loan', 'NULL', 700.0, 14, NULL, 2.73, False, NULL, NULL, NULL, NULL, NULL, 'NULL', '');

        INSERT INTO clients (client_id, employee_id, registration_date, client_type_id, first_name, second_name, first_surname, second_surname, married_name, family_status_id, phone_number, cellphone_number, email, identification_type_id, identification_number, nit_homologation) VALUES (NULL, 2, NOW(), 1, 'Cesar', 'Onan', 'Chavez', 'Chevez', , 1, 0, 0, 1, '', 'true');
        INSERT INTO loan_applications (loan_application_id, loan_application_number, application_date, agency_id, client_id, employee_id, destination_id, guarantee_type_id, amount, term, status) VALUES (01060, LPAD(01060, 8, '0'), 'NULL', 1, NULL, 2, NULL, 1, 1200.0, 12, 'approved');
        INSERT INTO loans (loan_id, loan_number, loan_application_id, destination_id, approval_date, outlay_date, due_date, last_payment_date, next_payment_date, balance, status) VALUES (01060, LPAD(01060, 9, '0'), 01060, NULL, 'NULL', NULL, NULL, 'NULL', NULL, NULL, 'in_progress');
        INSERT INTO loan_deductions (loan_deduction_id, loan_id, financial_advice, iva_financial_advice, notarial_charges, registration_expenses, balance_cancellation, loan_cancellation_id, other_expenses, total_deductions, other_expenses_description) VALUES (01060, 01060, NULL, 4.68, 0, 0, 0, NULL, 0.0, NULL, '' );
        INSERT INTO outlay_conditions (outlay_condition_id, loan_id, type, date, place, amount, cash_to, check_to, bank, bank_account_number, bank_account_owner, local_account_number, local_account_owner) VALUES (NULL, 01060, 1, 'NULL', 'Agencia Central', NULL, NULL, NULL, NULL, NULL, NULL, NULL, NULL);
        INSERT INTO amortizations (amortization_id, amortizationable_id, amortizationable_type, date, amount, term, interest_rate, include_iva, include_insurance, payment, payment_frequency_id, amortization_method_id, is_payment_variable, interest_payment_frequency_id, last_payment, last_payment_date, comment) VALUES (NULL, 01060, 'loan', 'NULL', 1200.0, 12, NULL, 4.68, False, NULL, NULL, NULL, NULL, NULL, 'NULL', '');

        INSERT INTO clients (client_id, employee_id, registration_date, client_type_id, first_name, second_name, first_surname, second_surname, married_name, family_status_id, phone_number, cellphone_number, email, identification_type_id, identification_number, nit_homologation) VALUES (NULL, 4, NOW(), 1, 'Trinidad', 'De', 'Jesus', 'Hernandez', Jesus, 1, 0, 0, 1, '', 'true');
        INSERT INTO loan_applications (loan_application_id, loan_application_number, application_date, agency_id, client_id, employee_id, destination_id, guarantee_type_id, amount, term, status) VALUES (01061, LPAD(01061, 8, '0'), 'NULL', 1, NULL, 4, NULL, 1, 500.0, 12, 'approved');
        INSERT INTO loans (loan_id, loan_number, loan_application_id, destination_id, approval_date, outlay_date, due_date, last_payment_date, next_payment_date, balance, status) VALUES (01061, LPAD(01061, 9, '0'), 01061, NULL, 'NULL', NULL, NULL, 'NULL', NULL, NULL, 'in_progress');
        INSERT INTO loan_deductions (loan_deduction_id, loan_id, financial_advice, iva_financial_advice, notarial_charges, registration_expenses, balance_cancellation, loan_cancellation_id, other_expenses, total_deductions, other_expenses_description) VALUES (01061, 01061, NULL, 1.95, 0, 0, 0, NULL, 0.0, NULL, '' );
        INSERT INTO outlay_conditions (outlay_condition_id, loan_id, type, date, place, amount, cash_to, check_to, bank, bank_account_number, bank_account_owner, local_account_number, local_account_owner) VALUES (NULL, 01061, 1, 'NULL', 'Agencia Central', NULL, NULL, NULL, NULL, NULL, NULL, NULL, NULL);
        INSERT INTO amortizations (amortization_id, amortizationable_id, amortizationable_type, date, amount, term, interest_rate, include_iva, include_insurance, payment, payment_frequency_id, amortization_method_id, is_payment_variable, interest_payment_frequency_id, last_payment, last_payment_date, comment) VALUES (NULL, 01061, 'loan', 'NULL', 500.0, 12, NULL, 1.95, False, NULL, NULL, NULL, NULL, NULL, 'NULL', '');

        INSERT INTO clients (client_id, employee_id, registration_date, client_type_id, first_name, second_name, first_surname, second_surname, married_name, family_status_id, phone_number, cellphone_number, email, identification_type_id, identification_number, nit_homologation) VALUES (NULL, 2, NOW(), 1, 'Edgardo', 'Otoniel', 'Ramirez', 'Maeda', , 1, 0, 0, 1, '', 'true');
        INSERT INTO loan_applications (loan_application_id, loan_application_number, application_date, agency_id, client_id, employee_id, destination_id, guarantee_type_id, amount, term, status) VALUES (01062, LPAD(01062, 8, '0'), 'NULL', 1, NULL, 2, NULL, 1, 300.0, 14, 'approved');
        INSERT INTO loans (loan_id, loan_number, loan_application_id, destination_id, approval_date, outlay_date, due_date, last_payment_date, next_payment_date, balance, status) VALUES (01062, LPAD(01062, 9, '0'), 01062, NULL, 'NULL', NULL, NULL, 'NULL', NULL, NULL, 'in_progress');
        INSERT INTO loan_deductions (loan_deduction_id, loan_id, financial_advice, iva_financial_advice, notarial_charges, registration_expenses, balance_cancellation, loan_cancellation_id, other_expenses, total_deductions, other_expenses_description) VALUES (01062, 01062, NULL, 1.17, 0, 0, 0, NULL, 0.0, NULL, '' );
        INSERT INTO outlay_conditions (outlay_condition_id, loan_id, type, date, place, amount, cash_to, check_to, bank, bank_account_number, bank_account_owner, local_account_number, local_account_owner) VALUES (NULL, 01062, 1, 'NULL', 'Agencia Central', NULL, NULL, NULL, NULL, NULL, NULL, NULL, NULL);
        INSERT INTO amortizations (amortization_id, amortizationable_id, amortizationable_type, date, amount, term, interest_rate, include_iva, include_insurance, payment, payment_frequency_id, amortization_method_id, is_payment_variable, interest_payment_frequency_id, last_payment, last_payment_date, comment) VALUES (NULL, 01062, 'loan', 'NULL', 300.0, 14, NULL, 1.17, False, NULL, NULL, NULL, NULL, NULL, 'NULL', '');

        INSERT INTO clients (client_id, employee_id, registration_date, client_type_id, first_name, second_name, first_surname, second_surname, married_name, family_status_id, phone_number, cellphone_number, email, identification_type_id, identification_number, nit_homologation) VALUES (NULL, 4, NOW(), 1, 'Nelson', 'Ernesto', 'Ramirez', 'Hernandez', , 1, 0, 0, 1, '', 'true');
        INSERT INTO loan_applications (loan_application_id, loan_application_number, application_date, agency_id, client_id, employee_id, destination_id, guarantee_type_id, amount, term, status) VALUES (01063, LPAD(01063, 8, '0'), 'NULL', 1, NULL, 4, NULL, 1, 3500.0, 48, 'approved');
        INSERT INTO loans (loan_id, loan_number, loan_application_id, destination_id, approval_date, outlay_date, due_date, last_payment_date, next_payment_date, balance, status) VALUES (01063, LPAD(01063, 9, '0'), 01063, NULL, 'NULL', NULL, NULL, 'NULL', NULL, NULL, 'in_progress');
        INSERT INTO loan_deductions (loan_deduction_id, loan_id, financial_advice, iva_financial_advice, notarial_charges, registration_expenses, balance_cancellation, loan_cancellation_id, other_expenses, total_deductions, other_expenses_description) VALUES (01063, 01063, NULL, 13.65, 0, 0, 0, NULL, 0.0, NULL, '' );
        INSERT INTO outlay_conditions (outlay_condition_id, loan_id, type, date, place, amount, cash_to, check_to, bank, bank_account_number, bank_account_owner, local_account_number, local_account_owner) VALUES (NULL, 01063, 1, 'NULL', 'Agencia Central', NULL, NULL, NULL, NULL, NULL, NULL, NULL, NULL);
        INSERT INTO amortizations (amortization_id, amortizationable_id, amortizationable_type, date, amount, term, interest_rate, include_iva, include_insurance, payment, payment_frequency_id, amortization_method_id, is_payment_variable, interest_payment_frequency_id, last_payment, last_payment_date, comment) VALUES (NULL, 01063, 'loan', 'NULL', 3500.0, 48, NULL, 13.65, False, NULL, NULL, NULL, NULL, NULL, 'NULL', '');

        INSERT INTO clients (client_id, employee_id, registration_date, client_type_id, first_name, second_name, first_surname, second_surname, married_name, family_status_id, phone_number, cellphone_number, email, identification_type_id, identification_number, nit_homologation) VALUES (NULL, 2, NOW(), 1, 'Areli', 'De', 'Los', 'Angeles', Los, 1, 0, 0, 1, '', 'true');
        INSERT INTO loan_applications (loan_application_id, loan_application_number, application_date, agency_id, client_id, employee_id, destination_id, guarantee_type_id, amount, term, status) VALUES (01064, LPAD(01064, 8, '0'), 'NULL', 1, NULL, 2, NULL, 1, 1300.0, 14, 'approved');
        INSERT INTO loans (loan_id, loan_number, loan_application_id, destination_id, approval_date, outlay_date, due_date, last_payment_date, next_payment_date, balance, status) VALUES (01064, LPAD(01064, 9, '0'), 01064, NULL, 'NULL', NULL, NULL, 'NULL', NULL, NULL, 'in_progress');
        INSERT INTO loan_deductions (loan_deduction_id, loan_id, financial_advice, iva_financial_advice, notarial_charges, registration_expenses, balance_cancellation, loan_cancellation_id, other_expenses, total_deductions, other_expenses_description) VALUES (01064, 01064, NULL, 5.07, 0, 0, 0, NULL, 0.0, NULL, '' );
        INSERT INTO outlay_conditions (outlay_condition_id, loan_id, type, date, place, amount, cash_to, check_to, bank, bank_account_number, bank_account_owner, local_account_number, local_account_owner) VALUES (NULL, 01064, 1, 'NULL', 'Agencia Central', NULL, NULL, NULL, NULL, NULL, NULL, NULL, NULL);
        INSERT INTO amortizations (amortization_id, amortizationable_id, amortizationable_type, date, amount, term, interest_rate, include_iva, include_insurance, payment, payment_frequency_id, amortization_method_id, is_payment_variable, interest_payment_frequency_id, last_payment, last_payment_date, comment) VALUES (NULL, 01064, 'loan', 'NULL', 1300.0, 14, NULL, 5.07, False, NULL, NULL, NULL, NULL, NULL, 'NULL', '');

        INSERT INTO clients (client_id, employee_id, registration_date, client_type_id, first_name, second_name, first_surname, second_surname, married_name, family_status_id, phone_number, cellphone_number, email, identification_type_id, identification_number, nit_homologation) VALUES (NULL, 2, NOW(), 1, 'Morena', 'Guadalupe', 'Lopez', 'De', Perez, 1, 0, 0, 1, '', 'true');
        INSERT INTO loan_applications (loan_application_id, loan_application_number, application_date, agency_id, client_id, employee_id, destination_id, guarantee_type_id, amount, term, status) VALUES (01065, LPAD(01065, 8, '0'), 'NULL', 1, NULL, 2, NULL, 1, 200.0, 14, 'approved');
        INSERT INTO loans (loan_id, loan_number, loan_application_id, destination_id, approval_date, outlay_date, due_date, last_payment_date, next_payment_date, balance, status) VALUES (01065, LPAD(01065, 9, '0'), 01065, NULL, 'NULL', NULL, NULL, 'NULL', NULL, NULL, 'in_progress');
        INSERT INTO loan_deductions (loan_deduction_id, loan_id, financial_advice, iva_financial_advice, notarial_charges, registration_expenses, balance_cancellation, loan_cancellation_id, other_expenses, total_deductions, other_expenses_description) VALUES (01065, 01065, NULL, 0.78, 0, 0, 0, NULL, 0.0, NULL, '' );
        INSERT INTO outlay_conditions (outlay_condition_id, loan_id, type, date, place, amount, cash_to, check_to, bank, bank_account_number, bank_account_owner, local_account_number, local_account_owner) VALUES (NULL, 01065, 1, 'NULL', 'Agencia Central', NULL, NULL, NULL, NULL, NULL, NULL, NULL, NULL);
        INSERT INTO amortizations (amortization_id, amortizationable_id, amortizationable_type, date, amount, term, interest_rate, include_iva, include_insurance, payment, payment_frequency_id, amortization_method_id, is_payment_variable, interest_payment_frequency_id, last_payment, last_payment_date, comment) VALUES (NULL, 01065, 'loan', 'NULL', 200.0, 14, NULL, 0.78, False, NULL, NULL, NULL, NULL, NULL, 'NULL', '');

        INSERT INTO clients (client_id, employee_id, registration_date, client_type_id, first_name, second_name, first_surname, second_surname, married_name, family_status_id, phone_number, cellphone_number, email, identification_type_id, identification_number, nit_homologation) VALUES (NULL, 4, NOW(), 1, 'Claudia', 'Carolina', 'Barillas', 'De', Perez, 1, 0, 0, 1, '', 'true');
        INSERT INTO loan_applications (loan_application_id, loan_application_number, application_date, agency_id, client_id, employee_id, destination_id, guarantee_type_id, amount, term, status) VALUES (01066, LPAD(01066, 8, '0'), 'NULL', 1, NULL, 4, NULL, 1, 700.0, 14, 'approved');
        INSERT INTO loans (loan_id, loan_number, loan_application_id, destination_id, approval_date, outlay_date, due_date, last_payment_date, next_payment_date, balance, status) VALUES (01066, LPAD(01066, 9, '0'), 01066, NULL, 'NULL', NULL, NULL, 'NULL', NULL, NULL, 'in_progress');
        INSERT INTO loan_deductions (loan_deduction_id, loan_id, financial_advice, iva_financial_advice, notarial_charges, registration_expenses, balance_cancellation, loan_cancellation_id, other_expenses, total_deductions, other_expenses_description) VALUES (01066, 01066, NULL, 2.73, 0, 0, 0, NULL, 0.0, NULL, '' );
        INSERT INTO outlay_conditions (outlay_condition_id, loan_id, type, date, place, amount, cash_to, check_to, bank, bank_account_number, bank_account_owner, local_account_number, local_account_owner) VALUES (NULL, 01066, 1, 'NULL', 'Agencia Central', NULL, NULL, NULL, NULL, NULL, NULL, NULL, NULL);
        INSERT INTO amortizations (amortization_id, amortizationable_id, amortizationable_type, date, amount, term, interest_rate, include_iva, include_insurance, payment, payment_frequency_id, amortization_method_id, is_payment_variable, interest_payment_frequency_id, last_payment, last_payment_date, comment) VALUES (NULL, 01066, 'loan', 'NULL', 700.0, 14, NULL, 2.73, False, NULL, NULL, NULL, NULL, NULL, 'NULL', '');

        INSERT INTO clients (client_id, employee_id, registration_date, client_type_id, first_name, second_name, first_surname, second_surname, married_name, family_status_id, phone_number, cellphone_number, email, identification_type_id, identification_number, nit_homologation) VALUES (NULL, 4, NOW(), 1, 'Ivania', 'Estefany', 'Rivera', 'Zavaleta', , 1, 0, 0, 1, '', 'true');
        INSERT INTO loan_applications (loan_application_id, loan_application_number, application_date, agency_id, client_id, employee_id, destination_id, guarantee_type_id, amount, term, status) VALUES (01067, LPAD(01067, 8, '0'), 'NULL', 1, NULL, 4, NULL, 1, 442.46, 12, 'approved');
        INSERT INTO loans (loan_id, loan_number, loan_application_id, destination_id, approval_date, outlay_date, due_date, last_payment_date, next_payment_date, balance, status) VALUES (01067, LPAD(01067, 9, '0'), 01067, NULL, 'NULL', NULL, NULL, 'NULL', NULL, NULL, 'in_progress');
        INSERT INTO loan_deductions (loan_deduction_id, loan_id, financial_advice, iva_financial_advice, notarial_charges, registration_expenses, balance_cancellation, loan_cancellation_id, other_expenses, total_deductions, other_expenses_description) VALUES (01067, 01067, NULL, 1.66, 0, 0, 0, NULL, 0.0, NULL, '' );
        INSERT INTO outlay_conditions (outlay_condition_id, loan_id, type, date, place, amount, cash_to, check_to, bank, bank_account_number, bank_account_owner, local_account_number, local_account_owner) VALUES (NULL, 01067, 1, 'NULL', 'Agencia Central', NULL, NULL, NULL, NULL, NULL, NULL, NULL, NULL);
        INSERT INTO amortizations (amortization_id, amortizationable_id, amortizationable_type, date, amount, term, interest_rate, include_iva, include_insurance, payment, payment_frequency_id, amortization_method_id, is_payment_variable, interest_payment_frequency_id, last_payment, last_payment_date, comment) VALUES (NULL, 01067, 'loan', 'NULL', 442.46, 12, NULL, 1.66, False, NULL, NULL, NULL, NULL, NULL, 'NULL', '');

        INSERT INTO clients (client_id, employee_id, registration_date, client_type_id, first_name, second_name, first_surname, second_surname, married_name, family_status_id, phone_number, cellphone_number, email, identification_type_id, identification_number, nit_homologation) VALUES (NULL, 4, NOW(), 1, 'Maria', 'Esther', 'Rivera', 'De', Retana, 1, 0, 0, 1, '', 'true');
        INSERT INTO loan_applications (loan_application_id, loan_application_number, application_date, agency_id, client_id, employee_id, destination_id, guarantee_type_id, amount, term, status) VALUES (01068, LPAD(01068, 8, '0'), 'NULL', 1, NULL, 4, NULL, 1, 400.0, 12, 'approved');
        INSERT INTO loans (loan_id, loan_number, loan_application_id, destination_id, approval_date, outlay_date, due_date, last_payment_date, next_payment_date, balance, status) VALUES (01068, LPAD(01068, 9, '0'), 01068, NULL, 'NULL', NULL, NULL, 'NULL', NULL, NULL, 'in_progress');
        INSERT INTO loan_deductions (loan_deduction_id, loan_id, financial_advice, iva_financial_advice, notarial_charges, registration_expenses, balance_cancellation, loan_cancellation_id, other_expenses, total_deductions, other_expenses_description) VALUES (01068, 01068, NULL, 1.56, 0, 0, 0, NULL, 0.0, NULL, '' );
        INSERT INTO outlay_conditions (outlay_condition_id, loan_id, type, date, place, amount, cash_to, check_to, bank, bank_account_number, bank_account_owner, local_account_number, local_account_owner) VALUES (NULL, 01068, 1, 'NULL', 'Agencia Central', NULL, NULL, NULL, NULL, NULL, NULL, NULL, NULL);
        INSERT INTO amortizations (amortization_id, amortizationable_id, amortizationable_type, date, amount, term, interest_rate, include_iva, include_insurance, payment, payment_frequency_id, amortization_method_id, is_payment_variable, interest_payment_frequency_id, last_payment, last_payment_date, comment) VALUES (NULL, 01068, 'loan', 'NULL', 400.0, 12, NULL, 1.56, False, NULL, NULL, NULL, NULL, NULL, 'NULL', '');

        INSERT INTO clients (client_id, employee_id, registration_date, client_type_id, first_name, second_name, first_surname, second_surname, married_name, family_status_id, phone_number, cellphone_number, email, identification_type_id, identification_number, nit_homologation) VALUES (NULL, 3, NOW(), 1, 'Ana', 'Elizabeth', 'Hernandez', 'Quintanilla', , 1, 0, 0, 1, '', 'true');
        INSERT INTO loan_applications (loan_application_id, loan_application_number, application_date, agency_id, client_id, employee_id, destination_id, guarantee_type_id, amount, term, status) VALUES (0107, LPAD(0107, 8, '0'), 'NULL', 1, NULL, 3, NULL, 1, 400.0, 14, 'approved');
        INSERT INTO loans (loan_id, loan_number, loan_application_id, destination_id, approval_date, outlay_date, due_date, last_payment_date, next_payment_date, balance, status) VALUES (0107, LPAD(0107, 9, '0'), 0107, NULL, 'NULL', NULL, NULL, '2022-12-29', NULL, 259.84, 'in_progress');
        INSERT INTO loan_deductions (loan_deduction_id, loan_id, financial_advice, iva_financial_advice, notarial_charges, registration_expenses, balance_cancellation, loan_cancellation_id, other_expenses, total_deductions, other_expenses_description) VALUES (0107, 0107, NULL, 1.56, 0, 0, 0, NULL, 0.0, NULL, '' );
        INSERT INTO outlay_conditions (outlay_condition_id, loan_id, type, date, place, amount, cash_to, check_to, bank, bank_account_number, bank_account_owner, local_account_number, local_account_owner) VALUES (NULL, 0107, 1, 'NULL', 'Agencia Central', NULL, NULL, NULL, NULL, NULL, NULL, NULL, NULL);
        INSERT INTO amortizations (amortization_id, amortizationable_id, amortizationable_type, date, amount, term, interest_rate, include_iva, include_insurance, payment, payment_frequency_id, amortization_method_id, is_payment_variable, interest_payment_frequency_id, last_payment, last_payment_date, comment) VALUES (NULL, 0107, 'loan', 'NULL', 400.0, 14, NULL, 1.56, False, NULL, NULL, NULL, NULL, NULL, '2022-12-29', '');

        INSERT INTO clients (client_id, employee_id, registration_date, client_type_id, first_name, second_name, first_surname, second_surname, married_name, family_status_id, phone_number, cellphone_number, email, identification_type_id, identification_number, nit_homologation) VALUES (NULL, 3, NOW(), 1, 'Maria', 'Soledad', 'Rivera', 'Hernandez', , 1, 0, 0, 1, '', 'true');
        INSERT INTO loan_applications (loan_application_id, loan_application_number, application_date, agency_id, client_id, employee_id, destination_id, guarantee_type_id, amount, term, status) VALUES (0108, LPAD(0108, 8, '0'), 'NULL', 1, NULL, 3, NULL, 1, 300.0, 12, 'approved');
        INSERT INTO loans (loan_id, loan_number, loan_application_id, destination_id, approval_date, outlay_date, due_date, last_payment_date, next_payment_date, balance, status) VALUES (0108, LPAD(0108, 9, '0'), 0108, NULL, 'NULL', NULL, NULL, '2024-07-05', NULL, 129.02, 'in_progress');
        INSERT INTO loan_deductions (loan_deduction_id, loan_id, financial_advice, iva_financial_advice, notarial_charges, registration_expenses, balance_cancellation, loan_cancellation_id, other_expenses, total_deductions, other_expenses_description) VALUES (0108, 0108, NULL, 1.17, 0, 0, 0, NULL, 0.0, NULL, '' );
        INSERT INTO outlay_conditions (outlay_condition_id, loan_id, type, date, place, amount, cash_to, check_to, bank, bank_account_number, bank_account_owner, local_account_number, local_account_owner) VALUES (NULL, 0108, 1, 'NULL', 'Agencia Central', NULL, NULL, NULL, NULL, NULL, NULL, NULL, NULL);
        INSERT INTO amortizations (amortization_id, amortizationable_id, amortizationable_type, date, amount, term, interest_rate, include_iva, include_insurance, payment, payment_frequency_id, amortization_method_id, is_payment_variable, interest_payment_frequency_id, last_payment, last_payment_date, comment) VALUES (NULL, 0108, 'loan', 'NULL', 300.0, 12, NULL, 1.17, False, NULL, NULL, NULL, NULL, NULL, '2024-07-05', '');

        INSERT INTO clients (client_id, employee_id, registration_date, client_type_id, first_name, second_name, first_surname, second_surname, married_name, family_status_id, phone_number, cellphone_number, email, identification_type_id, identification_number, nit_homologation) VALUES (NULL, 3, NOW(), 1, 'Clara', 'Luz', 'Sanchez', 'Vda.', Contreras, 1, 0, 0, 1, '', 'true');
        INSERT INTO loan_applications (loan_application_id, loan_application_number, application_date, agency_id, client_id, employee_id, destination_id, guarantee_type_id, amount, term, status) VALUES (0139, LPAD(0139, 8, '0'), 'NULL', 1, NULL, 3, NULL, 1, 695.1, NULL, 'approved');
        INSERT INTO loans (loan_id, loan_number, loan_application_id, destination_id, approval_date, outlay_date, due_date, last_payment_date, next_payment_date, balance, status) VALUES (0139, LPAD(0139, 9, '0'), 0139, NULL, 'NULL', NULL, NULL, 'NULL', NULL, NULL, 'in_progress');
        INSERT INTO loan_deductions (loan_deduction_id, loan_id, financial_advice, iva_financial_advice, notarial_charges, registration_expenses, balance_cancellation, loan_cancellation_id, other_expenses, total_deductions, other_expenses_description) VALUES (0139, 0139, NULL, 0.0, 0, 0, 0, NULL, 0.0, NULL, '' );
        INSERT INTO outlay_conditions (outlay_condition_id, loan_id, type, date, place, amount, cash_to, check_to, bank, bank_account_number, bank_account_owner, local_account_number, local_account_owner) VALUES (NULL, 0139, 1, 'NULL', 'Agencia Central', NULL, NULL, NULL, NULL, NULL, NULL, NULL, NULL);
        INSERT INTO amortizations (amortization_id, amortizationable_id, amortizationable_type, date, amount, term, interest_rate, include_iva, include_insurance, payment, payment_frequency_id, amortization_method_id, is_payment_variable, interest_payment_frequency_id, last_payment, last_payment_date, comment) VALUES (NULL, 0139, 'loan', 'NULL', 695.1, NULL, NULL, 0.0, NULL, NULL, NULL, NULL, NULL, NULL, 'NULL', '');

        INSERT INTO clients (client_id, employee_id, registration_date, client_type_id, first_name, second_name, first_surname, second_surname, married_name, family_status_id, phone_number, cellphone_number, email, identification_type_id, identification_number, nit_homologation) VALUES (NULL, 3, NOW(), 1, 'Kenia', 'Carolina', 'Martinez', 'De', Escobar, 1, 0, 0, 1, '', 'true');
        INSERT INTO loan_applications (loan_application_id, loan_application_number, application_date, agency_id, client_id, employee_id, destination_id, guarantee_type_id, amount, term, status) VALUES (0146, LPAD(0146, 8, '0'), 'NULL', 1, NULL, 3, NULL, 1, 528.13, 18, 'approved');
        INSERT INTO loans (loan_id, loan_number, loan_application_id, destination_id, approval_date, outlay_date, due_date, last_payment_date, next_payment_date, balance, status) VALUES (0146, LPAD(0146, 9, '0'), 0146, NULL, 'NULL', NULL, NULL, '2024-10-14', NULL, 357.62, 'in_progress');
        INSERT INTO loan_deductions (loan_deduction_id, loan_id, financial_advice, iva_financial_advice, notarial_charges, registration_expenses, balance_cancellation, loan_cancellation_id, other_expenses, total_deductions, other_expenses_description) VALUES (0146, 0146, NULL, 0.0, 0, 0, 0, NULL, 0.0, NULL, '' );
        INSERT INTO outlay_conditions (outlay_condition_id, loan_id, type, date, place, amount, cash_to, check_to, bank, bank_account_number, bank_account_owner, local_account_number, local_account_owner) VALUES (NULL, 0146, 1, 'NULL', 'Agencia Central', NULL, NULL, NULL, NULL, NULL, NULL, NULL, NULL);
        INSERT INTO amortizations (amortization_id, amortizationable_id, amortizationable_type, date, amount, term, interest_rate, include_iva, include_insurance, payment, payment_frequency_id, amortization_method_id, is_payment_variable, interest_payment_frequency_id, last_payment, last_payment_date, comment) VALUES (NULL, 0146, 'loan', 'NULL', 528.13, 18, NULL, 0.0, False, NULL, NULL, NULL, NULL, NULL, '2024-10-14', '');

        INSERT INTO clients (client_id, employee_id, registration_date, client_type_id, first_name, second_name, first_surname, second_surname, married_name, family_status_id, phone_number, cellphone_number, email, identification_type_id, identification_number, nit_homologation) VALUES (NULL, 4, NOW(), 1, 'Dora', 'Isabel', 'Hernandez', 'Mata', , 1, 0, 0, 1, '', 'true');
        INSERT INTO loan_applications (loan_application_id, loan_application_number, application_date, agency_id, client_id, employee_id, destination_id, guarantee_type_id, amount, term, status) VALUES (0147, LPAD(0147, 8, '0'), 'NULL', 1, NULL, 4, NULL, 1, 416.86, 18, 'approved');
        INSERT INTO loans (loan_id, loan_number, loan_application_id, destination_id, approval_date, outlay_date, due_date, last_payment_date, next_payment_date, balance, status) VALUES (0147, LPAD(0147, 9, '0'), 0147, NULL, 'NULL', NULL, NULL, '2023-08-17', NULL, 244.52999999999997, 'in_progress');
        INSERT INTO loan_deductions (loan_deduction_id, loan_id, financial_advice, iva_financial_advice, notarial_charges, registration_expenses, balance_cancellation, loan_cancellation_id, other_expenses, total_deductions, other_expenses_description) VALUES (0147, 0147, NULL, 0.0, 0, 0, 0, NULL, 0.0, NULL, '' );
        INSERT INTO outlay_conditions (outlay_condition_id, loan_id, type, date, place, amount, cash_to, check_to, bank, bank_account_number, bank_account_owner, local_account_number, local_account_owner) VALUES (NULL, 0147, 1, 'NULL', 'Agencia Central', NULL, NULL, NULL, NULL, NULL, NULL, NULL, NULL);
        INSERT INTO amortizations (amortization_id, amortizationable_id, amortizationable_type, date, amount, term, interest_rate, include_iva, include_insurance, payment, payment_frequency_id, amortization_method_id, is_payment_variable, interest_payment_frequency_id, last_payment, last_payment_date, comment) VALUES (NULL, 0147, 'loan', 'NULL', 416.86, 18, NULL, 0.0, False, NULL, NULL, NULL, NULL, NULL, '2023-08-17', '');

        INSERT INTO clients (client_id, employee_id, registration_date, client_type_id, first_name, second_name, first_surname, second_surname, married_name, family_status_id, phone_number, cellphone_number, email, identification_type_id, identification_number, nit_homologation) VALUES (NULL, 3, NOW(), 1, 'Mirna', 'Elizabeth', 'Garcia', 'Zepeda', , 1, 0, 0, 1, '', 'true');
        INSERT INTO loan_applications (loan_application_id, loan_application_number, application_date, agency_id, client_id, employee_id, destination_id, guarantee_type_id, amount, term, status) VALUES (0152, LPAD(0152, 8, '0'), 'NULL', 1, NULL, 3, NULL, 1, 500.0, 10, 'approved');
        INSERT INTO loans (loan_id, loan_number, loan_application_id, destination_id, approval_date, outlay_date, due_date, last_payment_date, next_payment_date, balance, status) VALUES (0152, LPAD(0152, 9, '0'), 0152, NULL, 'NULL', NULL, NULL, '2024-08-26', NULL, 91.98000000000002, 'in_progress');
        INSERT INTO loan_deductions (loan_deduction_id, loan_id, financial_advice, iva_financial_advice, notarial_charges, registration_expenses, balance_cancellation, loan_cancellation_id, other_expenses, total_deductions, other_expenses_description) VALUES (0152, 0152, NULL, 1.95, 0, 0, 0, NULL, 0.0, NULL, '' );
        INSERT INTO outlay_conditions (outlay_condition_id, loan_id, type, date, place, amount, cash_to, check_to, bank, bank_account_number, bank_account_owner, local_account_number, local_account_owner) VALUES (NULL, 0152, 1, 'NULL', 'Agencia Central', NULL, NULL, NULL, NULL, NULL, NULL, NULL, NULL);
        INSERT INTO amortizations (amortization_id, amortizationable_id, amortizationable_type, date, amount, term, interest_rate, include_iva, include_insurance, payment, payment_frequency_id, amortization_method_id, is_payment_variable, interest_payment_frequency_id, last_payment, last_payment_date, comment) VALUES (NULL, 0152, 'loan', 'NULL', 500.0, 10, NULL, 1.95, False, NULL, NULL, NULL, NULL, NULL, '2024-08-26', '');

        INSERT INTO clients (client_id, employee_id, registration_date, client_type_id, first_name, second_name, first_surname, second_surname, married_name, family_status_id, phone_number, cellphone_number, email, identification_type_id, identification_number, nit_homologation) VALUES (NULL, 4, NOW(), 1, 'Jose', 'Oswaldo', 'Giron', 'Sanabria', , 1, 0, 0, 1, '', 'true');
        INSERT INTO loan_applications (loan_application_id, loan_application_number, application_date, agency_id, client_id, employee_id, destination_id, guarantee_type_id, amount, term, status) VALUES (0239, LPAD(0239, 8, '0'), 'NULL', 1, NULL, 4, NULL, 1, 487.79, 18, 'approved');
        INSERT INTO loans (loan_id, loan_number, loan_application_id, destination_id, approval_date, outlay_date, due_date, last_payment_date, next_payment_date, balance, status) VALUES (0239, LPAD(0239, 9, '0'), 0239, NULL, 'NULL', NULL, NULL, '2024-06-19', NULL, 346.79, 'in_progress');
        INSERT INTO loan_deductions (loan_deduction_id, loan_id, financial_advice, iva_financial_advice, notarial_charges, registration_expenses, balance_cancellation, loan_cancellation_id, other_expenses, total_deductions, other_expenses_description) VALUES (0239, 0239, NULL, 0.0, 0, 0, 0, NULL, 0.0, NULL, '' );
        INSERT INTO outlay_conditions (outlay_condition_id, loan_id, type, date, place, amount, cash_to, check_to, bank, bank_account_number, bank_account_owner, local_account_number, local_account_owner) VALUES (NULL, 0239, 1, 'NULL', 'Agencia Central', NULL, NULL, NULL, NULL, NULL, NULL, NULL, NULL);
        INSERT INTO amortizations (amortization_id, amortizationable_id, amortizationable_type, date, amount, term, interest_rate, include_iva, include_insurance, payment, payment_frequency_id, amortization_method_id, is_payment_variable, interest_payment_frequency_id, last_payment, last_payment_date, comment) VALUES (NULL, 0239, 'loan', 'NULL', 487.79, 18, NULL, 0.0, False, NULL, NULL, NULL, NULL, NULL, '2024-06-19', '');

        INSERT INTO clients (client_id, employee_id, registration_date, client_type_id, first_name, second_name, first_surname, second_surname, married_name, family_status_id, phone_number, cellphone_number, email, identification_type_id, identification_number, nit_homologation) VALUES (NULL, 4, NOW(), 1, 'Emerson', 'Stanley', 'Gaitan', 'Gomez', , 1, 0, 0, 1, '', 'true');
        INSERT INTO loan_applications (loan_application_id, loan_application_number, application_date, agency_id, client_id, employee_id, destination_id, guarantee_type_id, amount, term, status) VALUES (0258, LPAD(0258, 8, '0'), 'NULL', 1, NULL, 4, NULL, 1, 329.42, 15, 'approved');
        INSERT INTO loans (loan_id, loan_number, loan_application_id, destination_id, approval_date, outlay_date, due_date, last_payment_date, next_payment_date, balance, status) VALUES (0258, LPAD(0258, 9, '0'), 0258, NULL, 'NULL', NULL, NULL, '2023-12-14', NULL, 133.36, 'in_progress');
        INSERT INTO loan_deductions (loan_deduction_id, loan_id, financial_advice, iva_financial_advice, notarial_charges, registration_expenses, balance_cancellation, loan_cancellation_id, other_expenses, total_deductions, other_expenses_description) VALUES (0258, 0258, NULL, 0.0, 0, 0, 0, NULL, 0.0, NULL, '' );
        INSERT INTO outlay_conditions (outlay_condition_id, loan_id, type, date, place, amount, cash_to, check_to, bank, bank_account_number, bank_account_owner, local_account_number, local_account_owner) VALUES (NULL, 0258, 1, 'NULL', 'Agencia Central', NULL, NULL, NULL, NULL, NULL, NULL, NULL, NULL);
        INSERT INTO amortizations (amortization_id, amortizationable_id, amortizationable_type, date, amount, term, interest_rate, include_iva, include_insurance, payment, payment_frequency_id, amortization_method_id, is_payment_variable, interest_payment_frequency_id, last_payment, last_payment_date, comment) VALUES (NULL, 0258, 'loan', 'NULL', 329.42, 15, NULL, 0.0, False, NULL, NULL, NULL, NULL, NULL, '2023-12-14', '');

        INSERT INTO clients (client_id, employee_id, registration_date, client_type_id, first_name, second_name, first_surname, second_surname, married_name, family_status_id, phone_number, cellphone_number, email, identification_type_id, identification_number, nit_homologation) VALUES (NULL, 4, NOW(), 1, 'Crescencio', 'Enrique', 'Vasquez', 'Oviedo', , 1, 0, 0, 1, '', 'true');
        INSERT INTO loan_applications (loan_application_id, loan_application_number, application_date, agency_id, client_id, employee_id, destination_id, guarantee_type_id, amount, term, status) VALUES (0286, LPAD(0286, 8, '0'), 'NULL', 1, NULL, 4, NULL, 1, 500.0, 8, 'approved');
        INSERT INTO loans (loan_id, loan_number, loan_application_id, destination_id, approval_date, outlay_date, due_date, last_payment_date, next_payment_date, balance, status) VALUES (0286, LPAD(0286, 9, '0'), 0286, NULL, 'NULL', NULL, NULL, '2023-06-15', NULL, 152.05, 'in_progress');
        INSERT INTO loan_deductions (loan_deduction_id, loan_id, financial_advice, iva_financial_advice, notarial_charges, registration_expenses, balance_cancellation, loan_cancellation_id, other_expenses, total_deductions, other_expenses_description) VALUES (0286, 0286, NULL, 1.95, 0, 0, 0, NULL, 0.0, NULL, '' );
        INSERT INTO outlay_conditions (outlay_condition_id, loan_id, type, date, place, amount, cash_to, check_to, bank, bank_account_number, bank_account_owner, local_account_number, local_account_owner) VALUES (NULL, 0286, 1, 'NULL', 'Agencia Central', NULL, NULL, NULL, NULL, NULL, NULL, NULL, NULL);
        INSERT INTO amortizations (amortization_id, amortizationable_id, amortizationable_type, date, amount, term, interest_rate, include_iva, include_insurance, payment, payment_frequency_id, amortization_method_id, is_payment_variable, interest_payment_frequency_id, last_payment, last_payment_date, comment) VALUES (NULL, 0286, 'loan', 'NULL', 500.0, 8, NULL, 1.95, False, NULL, NULL, NULL, NULL, NULL, '2023-06-15', '');

        INSERT INTO clients (client_id, employee_id, registration_date, client_type_id, first_name, second_name, first_surname, second_surname, married_name, family_status_id, phone_number, cellphone_number, email, identification_type_id, identification_number, nit_homologation) VALUES (NULL, 4, NOW(), 1, 'Giselle', 'Ivonne', 'Garcia', 'Lopez', , 1, 0, 0, 1, '', 'true');
        INSERT INTO loan_applications (loan_application_id, loan_application_number, application_date, agency_id, client_id, employee_id, destination_id, guarantee_type_id, amount, term, status) VALUES (0304, LPAD(0304, 8, '0'), 'NULL', 1, NULL, 4, NULL, 1, 300.0, 10, 'approved');
        INSERT INTO loans (loan_id, loan_number, loan_application_id, destination_id, approval_date, outlay_date, due_date, last_payment_date, next_payment_date, balance, status) VALUES (0304, LPAD(0304, 9, '0'), 0304, NULL, 'NULL', NULL, NULL, '2023-06-03', NULL, 275.93, 'in_progress');
        INSERT INTO loan_deductions (loan_deduction_id, loan_id, financial_advice, iva_financial_advice, notarial_charges, registration_expenses, balance_cancellation, loan_cancellation_id, other_expenses, total_deductions, other_expenses_description) VALUES (0304, 0304, NULL, 1.17, 0, 0, 0, NULL, 0.0, NULL, '' );
        INSERT INTO outlay_conditions (outlay_condition_id, loan_id, type, date, place, amount, cash_to, check_to, bank, bank_account_number, bank_account_owner, local_account_number, local_account_owner) VALUES (NULL, 0304, 1, 'NULL', 'Agencia Central', NULL, NULL, NULL, NULL, NULL, NULL, NULL, NULL);
        INSERT INTO amortizations (amortization_id, amortizationable_id, amortizationable_type, date, amount, term, interest_rate, include_iva, include_insurance, payment, payment_frequency_id, amortization_method_id, is_payment_variable, interest_payment_frequency_id, last_payment, last_payment_date, comment) VALUES (NULL, 0304, 'loan', 'NULL', 300.0, 10, NULL, 1.17, False, NULL, NULL, NULL, NULL, NULL, '2023-06-03', '');

        INSERT INTO clients (client_id, employee_id, registration_date, client_type_id, first_name, second_name, first_surname, second_surname, married_name, family_status_id, phone_number, cellphone_number, email, identification_type_id, identification_number, nit_homologation) VALUES (NULL, 4, NOW(), 1, 'Cristian', 'Alexander', 'Chevez', 'Jimenez', , 1, 0, 0, 1, '', 'true');
        INSERT INTO loan_applications (loan_application_id, loan_application_number, application_date, agency_id, client_id, employee_id, destination_id, guarantee_type_id, amount, term, status) VALUES (0326, LPAD(0326, 8, '0'), 'NULL', 1, NULL, 4, NULL, 1, 1948.03, 24, 'approved');
        INSERT INTO loans (loan_id, loan_number, loan_application_id, destination_id, approval_date, outlay_date, due_date, last_payment_date, next_payment_date, balance, status) VALUES (0326, LPAD(0326, 9, '0'), 0326, NULL, 'NULL', NULL, NULL, '20--', NULL, 1023.55, 'in_progress');
        INSERT INTO loan_deductions (loan_deduction_id, loan_id, financial_advice, iva_financial_advice, notarial_charges, registration_expenses, balance_cancellation, loan_cancellation_id, other_expenses, total_deductions, other_expenses_description) VALUES (0326, 0326, NULL, 7.35, 0, 0, 0, NULL, 0.0, NULL, '' );
        INSERT INTO outlay_conditions (outlay_condition_id, loan_id, type, date, place, amount, cash_to, check_to, bank, bank_account_number, bank_account_owner, local_account_number, local_account_owner) VALUES (NULL, 0326, 1, 'NULL', 'Agencia Central', NULL, NULL, NULL, NULL, NULL, NULL, NULL, NULL);
        INSERT INTO amortizations (amortization_id, amortizationable_id, amortizationable_type, date, amount, term, interest_rate, include_iva, include_insurance, payment, payment_frequency_id, amortization_method_id, is_payment_variable, interest_payment_frequency_id, last_payment, last_payment_date, comment) VALUES (NULL, 0326, 'loan', 'NULL', 1948.03, 24, NULL, 7.35, False, NULL, NULL, NULL, NULL, NULL, '20--', '');

        INSERT INTO clients (client_id, employee_id, registration_date, client_type_id, first_name, second_name, first_surname, second_surname, married_name, family_status_id, phone_number, cellphone_number, email, identification_type_id, identification_number, nit_homologation) VALUES (NULL, NULL, NOW(), 1, 'Jose', 'Mauricio', 'Flores', 'Hernandez', , 1, 0, 0, 1, '', 'true');
        INSERT INTO loan_applications (loan_application_id, loan_application_number, application_date, agency_id, client_id, employee_id, destination_id, guarantee_type_id, amount, term, status) VALUES (0331, LPAD(0331, 8, '0'), 'NULL', 1, NULL, NULL, NULL, 1, NULL, 12, 'approved');
        INSERT INTO loans (loan_id, loan_number, loan_application_id, destination_id, approval_date, outlay_date, due_date, last_payment_date, next_payment_date, balance, status) VALUES (0331, LPAD(0331, 9, '0'), 0331, NULL, 'NULL', NULL, NULL, 'NULL', NULL, NULL, 'in_progress');
        INSERT INTO loan_deductions (loan_deduction_id, loan_id, financial_advice, iva_financial_advice, notarial_charges, registration_expenses, balance_cancellation, loan_cancellation_id, other_expenses, total_deductions, other_expenses_description) VALUES (0331, 0331, NULL, 2.34, 0, 0, 0, NULL, 0.0, NULL, '' );
        INSERT INTO outlay_conditions (outlay_condition_id, loan_id, type, date, place, amount, cash_to, check_to, bank, bank_account_number, bank_account_owner, local_account_number, local_account_owner) VALUES (NULL, 0331, 1, 'NULL', 'Agencia Central', NULL, NULL, NULL, NULL, NULL, NULL, NULL, NULL);
        INSERT INTO amortizations (amortization_id, amortizationable_id, amortizationable_type, date, amount, term, interest_rate, include_iva, include_insurance, payment, payment_frequency_id, amortization_method_id, is_payment_variable, interest_payment_frequency_id, last_payment, last_payment_date, comment) VALUES (NULL, 0331, 'loan', 'NULL', NULL, 12, NULL, 2.34, False, NULL, NULL, NULL, NULL, NULL, 'NULL', '');

        INSERT INTO clients (client_id, employee_id, registration_date, client_type_id, first_name, second_name, first_surname, second_surname, married_name, family_status_id, phone_number, cellphone_number, email, identification_type_id, identification_number, nit_homologation) VALUES (NULL, 1, NOW(), 1, 'Johanna', 'Alejandra', 'De', 'La', La, 1, 0, 0, 1, '', 'true');
        INSERT INTO loan_applications (loan_application_id, loan_application_number, application_date, agency_id, client_id, employee_id, destination_id, guarantee_type_id, amount, term, status) VALUES (0358, LPAD(0358, 8, '0'), 'NULL', 1, NULL, 1, NULL, 1, 316.63, 16, 'approved');
        INSERT INTO loans (loan_id, loan_number, loan_application_id, destination_id, approval_date, outlay_date, due_date, last_payment_date, next_payment_date, balance, status) VALUES (0358, LPAD(0358, 9, '0'), 0358, NULL, 'NULL', NULL, NULL, '2024-10-16', NULL, 204.55, 'in_progress');
        INSERT INTO loan_deductions (loan_deduction_id, loan_id, financial_advice, iva_financial_advice, notarial_charges, registration_expenses, balance_cancellation, loan_cancellation_id, other_expenses, total_deductions, other_expenses_description) VALUES (0358, 0358, NULL, 0.0, 0, 0, 0, NULL, 0.0, NULL, '' );
        INSERT INTO outlay_conditions (outlay_condition_id, loan_id, type, date, place, amount, cash_to, check_to, bank, bank_account_number, bank_account_owner, local_account_number, local_account_owner) VALUES (NULL, 0358, 1, 'NULL', 'Agencia Central', NULL, NULL, NULL, NULL, NULL, NULL, NULL, NULL);
        INSERT INTO amortizations (amortization_id, amortizationable_id, amortizationable_type, date, amount, term, interest_rate, include_iva, include_insurance, payment, payment_frequency_id, amortization_method_id, is_payment_variable, interest_payment_frequency_id, last_payment, last_payment_date, comment) VALUES (NULL, 0358, 'loan', 'NULL', 316.63, 16, NULL, 0.0, False, NULL, NULL, NULL, NULL, NULL, '2024-10-16', '');

        INSERT INTO clients (client_id, employee_id, registration_date, client_type_id, first_name, second_name, first_surname, second_surname, married_name, family_status_id, phone_number, cellphone_number, email, identification_type_id, identification_number, nit_homologation) VALUES (NULL, 1, NOW(), 1, 'Elva', 'Del', 'Carmen', 'Galdamez', Figueroa, 1, 0, 0, 1, '', 'true');
        INSERT INTO loan_applications (loan_application_id, loan_application_number, application_date, agency_id, client_id, employee_id, destination_id, guarantee_type_id, amount, term, status) VALUES (0404, LPAD(0404, 8, '0'), 'NULL', 1, NULL, 1, NULL, 1, 500.0, 14, 'approved');
        INSERT INTO loans (loan_id, loan_number, loan_application_id, destination_id, approval_date, outlay_date, due_date, last_payment_date, next_payment_date, balance, status) VALUES (0404, LPAD(0404, 9, '0'), 0404, NULL, 'NULL', NULL, NULL, '20--', NULL, 184.57999999999996, 'in_progress');
        INSERT INTO loan_deductions (loan_deduction_id, loan_id, financial_advice, iva_financial_advice, notarial_charges, registration_expenses, balance_cancellation, loan_cancellation_id, other_expenses, total_deductions, other_expenses_description) VALUES (0404, 0404, NULL, 1.95, 0, 0, 0, NULL, 0.0, NULL, '' );
        INSERT INTO outlay_conditions (outlay_condition_id, loan_id, type, date, place, amount, cash_to, check_to, bank, bank_account_number, bank_account_owner, local_account_number, local_account_owner) VALUES (NULL, 0404, 1, 'NULL', 'Agencia Central', NULL, NULL, NULL, NULL, NULL, NULL, NULL, NULL);
        INSERT INTO amortizations (amortization_id, amortizationable_id, amortizationable_type, date, amount, term, interest_rate, include_iva, include_insurance, payment, payment_frequency_id, amortization_method_id, is_payment_variable, interest_payment_frequency_id, last_payment, last_payment_date, comment) VALUES (NULL, 0404, 'loan', 'NULL', 500.0, 14, NULL, 1.95, False, NULL, NULL, NULL, NULL, NULL, '20--', '');

        INSERT INTO clients (client_id, employee_id, registration_date, client_type_id, first_name, second_name, first_surname, second_surname, married_name, family_status_id, phone_number, cellphone_number, email, identification_type_id, identification_number, nit_homologation) VALUES (NULL, 2, NOW(), 1, 'Maria', 'Candelaria', 'Abrego', 'De', Reyes, 1, 0, 0, 1, '', 'true');
        INSERT INTO loan_applications (loan_application_id, loan_application_number, application_date, agency_id, client_id, employee_id, destination_id, guarantee_type_id, amount, term, status) VALUES (0426, LPAD(0426, 8, '0'), 'NULL', 1, NULL, 2, NULL, 1, 3000.0, 72, 'approved');
        INSERT INTO loans (loan_id, loan_number, loan_application_id, destination_id, approval_date, outlay_date, due_date, last_payment_date, next_payment_date, balance, status) VALUES (0426, LPAD(0426, 9, '0'), 0426, NULL, 'NULL', NULL, NULL, '2024-10-29', NULL, 2439.9899999999993, 'in_progress');
        INSERT INTO loan_deductions (loan_deduction_id, loan_id, financial_advice, iva_financial_advice, notarial_charges, registration_expenses, balance_cancellation, loan_cancellation_id, other_expenses, total_deductions, other_expenses_description) VALUES (0426, 0426, NULL, 9.36, 0, 0, 0, NULL, 0.0, NULL, '' );
        INSERT INTO outlay_conditions (outlay_condition_id, loan_id, type, date, place, amount, cash_to, check_to, bank, bank_account_number, bank_account_owner, local_account_number, local_account_owner) VALUES (NULL, 0426, 1, 'NULL', 'Agencia Central', NULL, NULL, NULL, NULL, NULL, NULL, NULL, NULL);
        INSERT INTO amortizations (amortization_id, amortizationable_id, amortizationable_type, date, amount, term, interest_rate, include_iva, include_insurance, payment, payment_frequency_id, amortization_method_id, is_payment_variable, interest_payment_frequency_id, last_payment, last_payment_date, comment) VALUES (NULL, 0426, 'loan', 'NULL', 3000.0, 72, NULL, 9.36, True, NULL, NULL, NULL, NULL, NULL, '2024-10-29', '');

        INSERT INTO clients (client_id, employee_id, registration_date, client_type_id, first_name, second_name, first_surname, second_surname, married_name, family_status_id, phone_number, cellphone_number, email, identification_type_id, identification_number, nit_homologation) VALUES (NULL, 2, NOW(), 1, 'Norma', 'Esperanza', 'Herrera', '', , 1, 0, 0, 1, '', 'true');
        INSERT INTO loan_applications (loan_application_id, loan_application_number, application_date, agency_id, client_id, employee_id, destination_id, guarantee_type_id, amount, term, status) VALUES (0477, LPAD(0477, 8, '0'), 'NULL', 1, NULL, 2, NULL, 1, 1733.47, 22, 'approved');
        INSERT INTO loans (loan_id, loan_number, loan_application_id, destination_id, approval_date, outlay_date, due_date, last_payment_date, next_payment_date, balance, status) VALUES (0477, LPAD(0477, 9, '0'), 0477, NULL, 'NULL', NULL, NULL, '2023-12-26', NULL, 1471.75, 'in_progress');
        INSERT INTO loan_deductions (loan_deduction_id, loan_id, financial_advice, iva_financial_advice, notarial_charges, registration_expenses, balance_cancellation, loan_cancellation_id, other_expenses, total_deductions, other_expenses_description) VALUES (0477, 0477, NULL, 1.56, 0, 0, 0, NULL, 1333.47091, NULL, '' );
        INSERT INTO outlay_conditions (outlay_condition_id, loan_id, type, date, place, amount, cash_to, check_to, bank, bank_account_number, bank_account_owner, local_account_number, local_account_owner) VALUES (NULL, 0477, 1, 'NULL', 'Agencia Central', NULL, NULL, NULL, NULL, NULL, NULL, NULL, NULL);
        INSERT INTO amortizations (amortization_id, amortizationable_id, amortizationable_type, date, amount, term, interest_rate, include_iva, include_insurance, payment, payment_frequency_id, amortization_method_id, is_payment_variable, interest_payment_frequency_id, last_payment, last_payment_date, comment) VALUES (NULL, 0477, 'loan', 'NULL', 1733.47, 22, NULL, 1.56, False, NULL, NULL, NULL, NULL, NULL, '2023-12-26', '');

        INSERT INTO clients (client_id, employee_id, registration_date, client_type_id, first_name, second_name, first_surname, second_surname, married_name, family_status_id, phone_number, cellphone_number, email, identification_type_id, identification_number, nit_homologation) VALUES (NULL, 1, NOW(), 1, 'Saul', 'Armando', 'Ramirez', 'Ramirez', , 1, 0, 0, 1, '', 'true');
        INSERT INTO loan_applications (loan_application_id, loan_application_number, application_date, agency_id, client_id, employee_id, destination_id, guarantee_type_id, amount, term, status) VALUES (0485, LPAD(0485, 8, '0'), 'NULL', 1, NULL, 1, NULL, 1, 300.0, 14, 'approved');
        INSERT INTO loans (loan_id, loan_number, loan_application_id, destination_id, approval_date, outlay_date, due_date, last_payment_date, next_payment_date, balance, status) VALUES (0485, LPAD(0485, 9, '0'), 0485, NULL, 'NULL', NULL, NULL, '2024-06-03', NULL, 102.18000000000004, 'in_progress');
        INSERT INTO loan_deductions (loan_deduction_id, loan_id, financial_advice, iva_financial_advice, notarial_charges, registration_expenses, balance_cancellation, loan_cancellation_id, other_expenses, total_deductions, other_expenses_description) VALUES (0485, 0485, NULL, 1.17, 0, 0, 0, NULL, 0.0, NULL, '' );
        INSERT INTO outlay_conditions (outlay_condition_id, loan_id, type, date, place, amount, cash_to, check_to, bank, bank_account_number, bank_account_owner, local_account_number, local_account_owner) VALUES (NULL, 0485, 1, 'NULL', 'Agencia Central', NULL, NULL, NULL, NULL, NULL, NULL, NULL, NULL);
        INSERT INTO amortizations (amortization_id, amortizationable_id, amortizationable_type, date, amount, term, interest_rate, include_iva, include_insurance, payment, payment_frequency_id, amortization_method_id, is_payment_variable, interest_payment_frequency_id, last_payment, last_payment_date, comment) VALUES (NULL, 0485, 'loan', 'NULL', 300.0, 14, NULL, 1.17, False, NULL, NULL, NULL, NULL, NULL, '2024-06-03', '');

        INSERT INTO clients (client_id, employee_id, registration_date, client_type_id, first_name, second_name, first_surname, second_surname, married_name, family_status_id, phone_number, cellphone_number, email, identification_type_id, identification_number, nit_homologation) VALUES (NULL, 1, NOW(), 1, 'Claudia', 'Gabriela', 'Vasquez', 'Nuñez', , 1, 0, 0, 1, '', 'true');
        INSERT INTO loan_applications (loan_application_id, loan_application_number, application_date, agency_id, client_id, employee_id, destination_id, guarantee_type_id, amount, term, status) VALUES (0525, LPAD(0525, 8, '0'), 'NULL', 1, NULL, 1, NULL, 1, 585.0, 27, 'approved');
        INSERT INTO loans (loan_id, loan_number, loan_application_id, destination_id, approval_date, outlay_date, due_date, last_payment_date, next_payment_date, balance, status) VALUES (0525, LPAD(0525, 9, '0'), 0525, NULL, 'NULL', NULL, NULL, '2023-12-29', NULL, 485.40000000000003, 'in_progress');
        INSERT INTO loan_deductions (loan_deduction_id, loan_id, financial_advice, iva_financial_advice, notarial_charges, registration_expenses, balance_cancellation, loan_cancellation_id, other_expenses, total_deductions, other_expenses_description) VALUES (0525, 0525, NULL, 0.0, 0, 0, 0, NULL, 0.0, NULL, '' );
        INSERT INTO outlay_conditions (outlay_condition_id, loan_id, type, date, place, amount, cash_to, check_to, bank, bank_account_number, bank_account_owner, local_account_number, local_account_owner) VALUES (NULL, 0525, 1, 'NULL', 'Agencia Central', NULL, NULL, NULL, NULL, NULL, NULL, NULL, NULL);
        INSERT INTO amortizations (amortization_id, amortizationable_id, amortizationable_type, date, amount, term, interest_rate, include_iva, include_insurance, payment, payment_frequency_id, amortization_method_id, is_payment_variable, interest_payment_frequency_id, last_payment, last_payment_date, comment) VALUES (NULL, 0525, 'loan', 'NULL', 585.0, 27, NULL, 0.0, False, NULL, NULL, NULL, NULL, NULL, '2023-12-29', '');

        INSERT INTO clients (client_id, employee_id, registration_date, client_type_id, first_name, second_name, first_surname, second_surname, married_name, family_status_id, phone_number, cellphone_number, email, identification_type_id, identification_number, nit_homologation) VALUES (NULL, 3, NOW(), 1, 'Deisy', 'Judith', 'Vanegas', 'Cabezas', , 1, 0, 0, 1, '', 'true');
        INSERT INTO loan_applications (loan_application_id, loan_application_number, application_date, agency_id, client_id, employee_id, destination_id, guarantee_type_id, amount, term, status) VALUES (0053, LPAD(0053, 8, '0'), 'NULL', 1, NULL, 3, NULL, 1, 376.32, 24, 'approved');
        INSERT INTO loans (loan_id, loan_number, loan_application_id, destination_id, approval_date, outlay_date, due_date, last_payment_date, next_payment_date, balance, status) VALUES (0053, LPAD(0053, 9, '0'), 0053, NULL, 'NULL', NULL, NULL, '2024-04-12', NULL, 83.49000000000001, 'in_progress');
        INSERT INTO loan_deductions (loan_deduction_id, loan_id, financial_advice, iva_financial_advice, notarial_charges, registration_expenses, balance_cancellation, loan_cancellation_id, other_expenses, total_deductions, other_expenses_description) VALUES (0053, 0053, NULL, 0.0, 0, 0, 0, NULL, 0.0, NULL, '' );
        INSERT INTO outlay_conditions (outlay_condition_id, loan_id, type, date, place, amount, cash_to, check_to, bank, bank_account_number, bank_account_owner, local_account_number, local_account_owner) VALUES (NULL, 0053, 1, 'NULL', 'Agencia Central', NULL, NULL, NULL, NULL, NULL, NULL, NULL, NULL);
        INSERT INTO amortizations (amortization_id, amortizationable_id, amortizationable_type, date, amount, term, interest_rate, include_iva, include_insurance, payment, payment_frequency_id, amortization_method_id, is_payment_variable, interest_payment_frequency_id, last_payment, last_payment_date, comment) VALUES (NULL, 0053, 'loan', 'NULL', 376.32, 24, NULL, 0.0, False, NULL, NULL, NULL, NULL, NULL, '2024-04-12', '');

        INSERT INTO clients (client_id, employee_id, registration_date, client_type_id, first_name, second_name, first_surname, second_surname, married_name, family_status_id, phone_number, cellphone_number, email, identification_type_id, identification_number, nit_homologation) VALUES (NULL, 1, NOW(), 1, 'Luis', 'Alfredo', 'Meza', 'Cruz', , 1, 0, 0, 1, '', 'true');
        INSERT INTO loan_applications (loan_application_id, loan_application_number, application_date, agency_id, client_id, employee_id, destination_id, guarantee_type_id, amount, term, status) VALUES (0531, LPAD(0531, 8, '0'), 'NULL', 1, NULL, 1, NULL, 1, 595.0, 28, 'approved');
        INSERT INTO loans (loan_id, loan_number, loan_application_id, destination_id, approval_date, outlay_date, due_date, last_payment_date, next_payment_date, balance, status) VALUES (0531, LPAD(0531, 9, '0'), 0531, NULL, 'NULL', NULL, NULL, '2024-03-27', NULL, 439.62, 'in_progress');
        INSERT INTO loan_deductions (loan_deduction_id, loan_id, financial_advice, iva_financial_advice, notarial_charges, registration_expenses, balance_cancellation, loan_cancellation_id, other_expenses, total_deductions, other_expenses_description) VALUES (0531, 0531, NULL, 0.0, 0, 0, 0, NULL, 0.0, NULL, '' );
        INSERT INTO outlay_conditions (outlay_condition_id, loan_id, type, date, place, amount, cash_to, check_to, bank, bank_account_number, bank_account_owner, local_account_number, local_account_owner) VALUES (NULL, 0531, 1, 'NULL', 'Agencia Central', NULL, NULL, NULL, NULL, NULL, NULL, NULL, NULL);
        INSERT INTO amortizations (amortization_id, amortizationable_id, amortizationable_type, date, amount, term, interest_rate, include_iva, include_insurance, payment, payment_frequency_id, amortization_method_id, is_payment_variable, interest_payment_frequency_id, last_payment, last_payment_date, comment) VALUES (NULL, 0531, 'loan', 'NULL', 595.0, 28, NULL, 0.0, False, NULL, NULL, NULL, NULL, NULL, '2024-03-27', '');

        INSERT INTO clients (client_id, employee_id, registration_date, client_type_id, first_name, second_name, first_surname, second_surname, married_name, family_status_id, phone_number, cellphone_number, email, identification_type_id, identification_number, nit_homologation) VALUES (NULL, 2, NOW(), 1, 'Claudia', 'Yesenia', 'Ortiz', '', , 1, 0, 0, 1, '', 'true');
        INSERT INTO loan_applications (loan_application_id, loan_application_number, application_date, agency_id, client_id, employee_id, destination_id, guarantee_type_id, amount, term, status) VALUES (0547, LPAD(0547, 8, '0'), 'NULL', 1, NULL, 2, NULL, 1, 373.91, 17, 'approved');
        INSERT INTO loans (loan_id, loan_number, loan_application_id, destination_id, approval_date, outlay_date, due_date, last_payment_date, next_payment_date, balance, status) VALUES (0547, LPAD(0547, 9, '0'), 0547, NULL, 'NULL', NULL, NULL, '2024-10-25', NULL, 208.91000000000003, 'in_progress');
        INSERT INTO loan_deductions (loan_deduction_id, loan_id, financial_advice, iva_financial_advice, notarial_charges, registration_expenses, balance_cancellation, loan_cancellation_id, other_expenses, total_deductions, other_expenses_description) VALUES (0547, 0547, NULL, 0.0, 0, 0, 0, NULL, 0.0, NULL, '' );
        INSERT INTO outlay_conditions (outlay_condition_id, loan_id, type, date, place, amount, cash_to, check_to, bank, bank_account_number, bank_account_owner, local_account_number, local_account_owner) VALUES (NULL, 0547, 1, 'NULL', 'Agencia Central', NULL, NULL, NULL, NULL, NULL, NULL, NULL, NULL);
        INSERT INTO amortizations (amortization_id, amortizationable_id, amortizationable_type, date, amount, term, interest_rate, include_iva, include_insurance, payment, payment_frequency_id, amortization_method_id, is_payment_variable, interest_payment_frequency_id, last_payment, last_payment_date, comment) VALUES (NULL, 0547, 'loan', 'NULL', 373.91, 17, NULL, 0.0, False, NULL, NULL, NULL, NULL, NULL, '2024-10-25', '');

        INSERT INTO clients (client_id, employee_id, registration_date, client_type_id, first_name, second_name, first_surname, second_surname, married_name, family_status_id, phone_number, cellphone_number, email, identification_type_id, identification_number, nit_homologation) VALUES (NULL, 2, NOW(), 1, 'Sandra', 'Gricelda', 'Perez', 'De', Vasquez, 1, 0, 0, 1, '', 'true');
        INSERT INTO loan_applications (loan_application_id, loan_application_number, application_date, agency_id, client_id, employee_id, destination_id, guarantee_type_id, amount, term, status) VALUES (0552, LPAD(0552, 8, '0'), 'NULL', 1, NULL, 2, NULL, 1, 3500.0, 24, 'approved');
        INSERT INTO loans (loan_id, loan_number, loan_application_id, destination_id, approval_date, outlay_date, due_date, last_payment_date, next_payment_date, balance, status) VALUES (0552, LPAD(0552, 9, '0'), 0552, NULL, 'NULL', NULL, NULL, '2024-10-21', NULL, 2551.29, 'in_progress');
        INSERT INTO loan_deductions (loan_deduction_id, loan_id, financial_advice, iva_financial_advice, notarial_charges, registration_expenses, balance_cancellation, loan_cancellation_id, other_expenses, total_deductions, other_expenses_description) VALUES (0552, 0552, NULL, 13.65, 0, 0, 0, NULL, 0.0, NULL, '' );
        INSERT INTO outlay_conditions (outlay_condition_id, loan_id, type, date, place, amount, cash_to, check_to, bank, bank_account_number, bank_account_owner, local_account_number, local_account_owner) VALUES (NULL, 0552, 1, 'NULL', 'Agencia Central', NULL, NULL, NULL, NULL, NULL, NULL, NULL, NULL);
        INSERT INTO amortizations (amortization_id, amortizationable_id, amortizationable_type, date, amount, term, interest_rate, include_iva, include_insurance, payment, payment_frequency_id, amortization_method_id, is_payment_variable, interest_payment_frequency_id, last_payment, last_payment_date, comment) VALUES (NULL, 0552, 'loan', 'NULL', 3500.0, 24, NULL, 13.65, True, NULL, NULL, NULL, NULL, NULL, '2024-10-21', '');

        INSERT INTO clients (client_id, employee_id, registration_date, client_type_id, first_name, second_name, first_surname, second_surname, married_name, family_status_id, phone_number, cellphone_number, email, identification_type_id, identification_number, nit_homologation) VALUES (NULL, 4, NOW(), 1, 'Dina', 'Ester', 'Perez', 'Ruballo', , 1, 0, 0, 1, '', 'true');
        INSERT INTO loan_applications (loan_application_id, loan_application_number, application_date, agency_id, client_id, employee_id, destination_id, guarantee_type_id, amount, term, status) VALUES (0058, LPAD(0058, 8, '0'), 'NULL', 1, NULL, 4, NULL, 1, 851.55, 20, 'approved');
        INSERT INTO loans (loan_id, loan_number, loan_application_id, destination_id, approval_date, outlay_date, due_date, last_payment_date, next_payment_date, balance, status) VALUES (0058, LPAD(0058, 9, '0'), 0058, NULL, 'NULL', NULL, NULL, '2023-12-08', NULL, 321.76, 'in_progress');
        INSERT INTO loan_deductions (loan_deduction_id, loan_id, financial_advice, iva_financial_advice, notarial_charges, registration_expenses, balance_cancellation, loan_cancellation_id, other_expenses, total_deductions, other_expenses_description) VALUES (0058, 0058, NULL, 0.0, 0, 0, 0, NULL, 0.0, NULL, '' );
        INSERT INTO outlay_conditions (outlay_condition_id, loan_id, type, date, place, amount, cash_to, check_to, bank, bank_account_number, bank_account_owner, local_account_number, local_account_owner) VALUES (NULL, 0058, 1, 'NULL', 'Agencia Central', NULL, NULL, NULL, NULL, NULL, NULL, NULL, NULL);
        INSERT INTO amortizations (amortization_id, amortizationable_id, amortizationable_type, date, amount, term, interest_rate, include_iva, include_insurance, payment, payment_frequency_id, amortization_method_id, is_payment_variable, interest_payment_frequency_id, last_payment, last_payment_date, comment) VALUES (NULL, 0058, 'loan', 'NULL', 851.55, 20, NULL, 0.0, False, NULL, NULL, NULL, NULL, NULL, '2023-12-08', '');

        INSERT INTO clients (client_id, employee_id, registration_date, client_type_id, first_name, second_name, first_surname, second_surname, married_name, family_status_id, phone_number, cellphone_number, email, identification_type_id, identification_number, nit_homologation) VALUES (NULL, 1, NOW(), 1, 'Sandra', 'Jeannette', 'Navarro', 'Cortez', , 1, 0, 0, 1, '', 'true');
        INSERT INTO loan_applications (loan_application_id, loan_application_number, application_date, agency_id, client_id, employee_id, destination_id, guarantee_type_id, amount, term, status) VALUES (0590, LPAD(0590, 8, '0'), 'NULL', 1, NULL, 1, NULL, 1, 601.0, 22, 'approved');
        INSERT INTO loans (loan_id, loan_number, loan_application_id, destination_id, approval_date, outlay_date, due_date, last_payment_date, next_payment_date, balance, status) VALUES (0590, LPAD(0590, 9, '0'), 0590, NULL, 'NULL', NULL, NULL, '2024-09-09', NULL, 198.29999999999993, 'in_progress');
        INSERT INTO loan_deductions (loan_deduction_id, loan_id, financial_advice, iva_financial_advice, notarial_charges, registration_expenses, balance_cancellation, loan_cancellation_id, other_expenses, total_deductions, other_expenses_description) VALUES (0590, 0590, NULL, 0.0, 0, 0, 0, NULL, 0.0, NULL, '' );
        INSERT INTO outlay_conditions (outlay_condition_id, loan_id, type, date, place, amount, cash_to, check_to, bank, bank_account_number, bank_account_owner, local_account_number, local_account_owner) VALUES (NULL, 0590, 1, 'NULL', 'Agencia Central', NULL, NULL, NULL, NULL, NULL, NULL, NULL, NULL);
        INSERT INTO amortizations (amortization_id, amortizationable_id, amortizationable_type, date, amount, term, interest_rate, include_iva, include_insurance, payment, payment_frequency_id, amortization_method_id, is_payment_variable, interest_payment_frequency_id, last_payment, last_payment_date, comment) VALUES (NULL, 0590, 'loan', 'NULL', 601.0, 22, NULL, 0.0, False, NULL, NULL, NULL, NULL, NULL, '2024-09-09', '');

        INSERT INTO clients (client_id, employee_id, registration_date, client_type_id, first_name, second_name, first_surname, second_surname, married_name, family_status_id, phone_number, cellphone_number, email, identification_type_id, identification_number, nit_homologation) VALUES (NULL, 1, NOW(), 1, 'Saul', 'Alberto', 'Hernandez', 'Figueroa', , 1, 0, 0, 1, '', 'true');
        INSERT INTO loan_applications (loan_application_id, loan_application_number, application_date, agency_id, client_id, employee_id, destination_id, guarantee_type_id, amount, term, status) VALUES (0627, LPAD(0627, 8, '0'), 'NULL', 1, NULL, 1, NULL, 1, 500.0, 24, 'approved');
        INSERT INTO loans (loan_id, loan_number, loan_application_id, destination_id, approval_date, outlay_date, due_date, last_payment_date, next_payment_date, balance, status) VALUES (0627, LPAD(0627, 9, '0'), 0627, NULL, 'NULL', NULL, NULL, '2024-10-31', NULL, 153.4, 'in_progress');
        INSERT INTO loan_deductions (loan_deduction_id, loan_id, financial_advice, iva_financial_advice, notarial_charges, registration_expenses, balance_cancellation, loan_cancellation_id, other_expenses, total_deductions, other_expenses_description) VALUES (0627, 0627, NULL, 1.95, 0, 0, 0, NULL, 0.0, NULL, '' );
        INSERT INTO outlay_conditions (outlay_condition_id, loan_id, type, date, place, amount, cash_to, check_to, bank, bank_account_number, bank_account_owner, local_account_number, local_account_owner) VALUES (NULL, 0627, 1, 'NULL', 'Agencia Central', NULL, NULL, NULL, NULL, NULL, NULL, NULL, NULL);
        INSERT INTO amortizations (amortization_id, amortizationable_id, amortizationable_type, date, amount, term, interest_rate, include_iva, include_insurance, payment, payment_frequency_id, amortization_method_id, is_payment_variable, interest_payment_frequency_id, last_payment, last_payment_date, comment) VALUES (NULL, 0627, 'loan', 'NULL', 500.0, 24, NULL, 1.95, False, NULL, NULL, NULL, NULL, NULL, '2024-10-31', '');

        INSERT INTO clients (client_id, employee_id, registration_date, client_type_id, first_name, second_name, first_surname, second_surname, married_name, family_status_id, phone_number, cellphone_number, email, identification_type_id, identification_number, nit_homologation) VALUES (NULL, 2, NOW(), 1, 'Patricia', 'Elizabeth', 'Madrid', 'Soto', , 1, 0, 0, 1, '', 'true');
        INSERT INTO loan_applications (loan_application_id, loan_application_number, application_date, agency_id, client_id, employee_id, destination_id, guarantee_type_id, amount, term, status) VALUES (0707, LPAD(0707, 8, '0'), 'NULL', 1, NULL, 2, NULL, 1, 3000.0, 48, 'approved');
        INSERT INTO loans (loan_id, loan_number, loan_application_id, destination_id, approval_date, outlay_date, due_date, last_payment_date, next_payment_date, balance, status) VALUES (0707, LPAD(0707, 9, '0'), 0707, NULL, 'NULL', NULL, NULL, '2024-10-31', NULL, 2557.74, 'in_progress');
        INSERT INTO loan_deductions (loan_deduction_id, loan_id, financial_advice, iva_financial_advice, notarial_charges, registration_expenses, balance_cancellation, loan_cancellation_id, other_expenses, total_deductions, other_expenses_description) VALUES (0707, 0707, NULL, 11.7, 0, 0, 0, NULL, 0.0, NULL, '' );
        INSERT INTO outlay_conditions (outlay_condition_id, loan_id, type, date, place, amount, cash_to, check_to, bank, bank_account_number, bank_account_owner, local_account_number, local_account_owner) VALUES (NULL, 0707, 1, 'NULL', 'Agencia Central', NULL, NULL, NULL, NULL, NULL, NULL, NULL, NULL);
        INSERT INTO amortizations (amortization_id, amortizationable_id, amortizationable_type, date, amount, term, interest_rate, include_iva, include_insurance, payment, payment_frequency_id, amortization_method_id, is_payment_variable, interest_payment_frequency_id, last_payment, last_payment_date, comment) VALUES (NULL, 0707, 'loan', 'NULL', 3000.0, 48, NULL, 11.7, True, NULL, NULL, NULL, NULL, NULL, '2024-10-31', '');

        INSERT INTO clients (client_id, employee_id, registration_date, client_type_id, first_name, second_name, first_surname, second_surname, married_name, family_status_id, phone_number, cellphone_number, email, identification_type_id, identification_number, nit_homologation) VALUES (NULL, 4, NOW(), 1, 'Ester', 'Fuentes', 'De', 'Vasquez', Vasquez, 1, 0, 0, 1, '', 'true');
        INSERT INTO loan_applications (loan_application_id, loan_application_number, application_date, agency_id, client_id, employee_id, destination_id, guarantee_type_id, amount, term, status) VALUES (0713, LPAD(0713, 8, '0'), 'NULL', 1, NULL, 4, NULL, 1, 797.08, 24, 'approved');
        INSERT INTO loans (loan_id, loan_number, loan_application_id, destination_id, approval_date, outlay_date, due_date, last_payment_date, next_payment_date, balance, status) VALUES (0713, LPAD(0713, 9, '0'), 0713, NULL, 'NULL', NULL, NULL, '2024-10-08', NULL, 685.26, 'in_progress');
        INSERT INTO loan_deductions (loan_deduction_id, loan_id, financial_advice, iva_financial_advice, notarial_charges, registration_expenses, balance_cancellation, loan_cancellation_id, other_expenses, total_deductions, other_expenses_description) VALUES (0713, 0713, NULL, 3.0, 0, 0, 0, NULL, 0.0, NULL, '' );
        INSERT INTO outlay_conditions (outlay_condition_id, loan_id, type, date, place, amount, cash_to, check_to, bank, bank_account_number, bank_account_owner, local_account_number, local_account_owner) VALUES (NULL, 0713, 1, 'NULL', 'Agencia Central', NULL, NULL, NULL, NULL, NULL, NULL, NULL, NULL);
        INSERT INTO amortizations (amortization_id, amortizationable_id, amortizationable_type, date, amount, term, interest_rate, include_iva, include_insurance, payment, payment_frequency_id, amortization_method_id, is_payment_variable, interest_payment_frequency_id, last_payment, last_payment_date, comment) VALUES (NULL, 0713, 'loan', 'NULL', 797.08, 24, NULL, 3.0, False, NULL, NULL, NULL, NULL, NULL, '2024-10-08', '');

        INSERT INTO clients (client_id, employee_id, registration_date, client_type_id, first_name, second_name, first_surname, second_surname, married_name, family_status_id, phone_number, cellphone_number, email, identification_type_id, identification_number, nit_homologation) VALUES (NULL, 3, NOW(), 1, 'Irma', 'Zelidon', '', '', , 1, 0, 0, 1, '', 'true');
        INSERT INTO loan_applications (loan_application_id, loan_application_number, application_date, agency_id, client_id, employee_id, destination_id, guarantee_type_id, amount, term, status) VALUES (0072, LPAD(0072, 8, '0'), 'NULL', 1, NULL, 3, NULL, 1, 200.0, NULL, 'approved');
        INSERT INTO loans (loan_id, loan_number, loan_application_id, destination_id, approval_date, outlay_date, due_date, last_payment_date, next_payment_date, balance, status) VALUES (0072, LPAD(0072, 9, '0'), 0072, NULL, 'NULL', NULL, NULL, 'NULL', NULL, NULL, 'in_progress');
        INSERT INTO loan_deductions (loan_deduction_id, loan_id, financial_advice, iva_financial_advice, notarial_charges, registration_expenses, balance_cancellation, loan_cancellation_id, other_expenses, total_deductions, other_expenses_description) VALUES (0072, 0072, NULL, 0.78, 0, 0, 0, NULL, 0.0, NULL, '' );
        INSERT INTO outlay_conditions (outlay_condition_id, loan_id, type, date, place, amount, cash_to, check_to, bank, bank_account_number, bank_account_owner, local_account_number, local_account_owner) VALUES (NULL, 0072, 1, 'NULL', 'Agencia Central', NULL, NULL, NULL, NULL, NULL, NULL, NULL, NULL);
        INSERT INTO amortizations (amortization_id, amortizationable_id, amortizationable_type, date, amount, term, interest_rate, include_iva, include_insurance, payment, payment_frequency_id, amortization_method_id, is_payment_variable, interest_payment_frequency_id, last_payment, last_payment_date, comment) VALUES (NULL, 0072, 'loan', 'NULL', 200.0, NULL, NULL, 0.78, NULL, NULL, NULL, NULL, NULL, NULL, 'NULL', '');

        INSERT INTO clients (client_id, employee_id, registration_date, client_type_id, first_name, second_name, first_surname, second_surname, married_name, family_status_id, phone_number, cellphone_number, email, identification_type_id, identification_number, nit_homologation) VALUES (NULL, 3, NOW(), 1, 'Zoila', 'Rivera', 'De', 'Perez', Perez, 1, 0, 0, 1, '', 'true');
        INSERT INTO loan_applications (loan_application_id, loan_application_number, application_date, agency_id, client_id, employee_id, destination_id, guarantee_type_id, amount, term, status) VALUES (0073, LPAD(0073, 8, '0'), 'NULL', 1, NULL, 3, NULL, 1, 300.0, 12, 'approved');
        INSERT INTO loans (loan_id, loan_number, loan_application_id, destination_id, approval_date, outlay_date, due_date, last_payment_date, next_payment_date, balance, status) VALUES (0073, LPAD(0073, 9, '0'), 0073, NULL, 'NULL', NULL, NULL, '2024-10-22', NULL, 131.8, 'in_progress');
        INSERT INTO loan_deductions (loan_deduction_id, loan_id, financial_advice, iva_financial_advice, notarial_charges, registration_expenses, balance_cancellation, loan_cancellation_id, other_expenses, total_deductions, other_expenses_description) VALUES (0073, 0073, NULL, 1.17, 0, 0, 0, NULL, 0.0, NULL, '' );
        INSERT INTO outlay_conditions (outlay_condition_id, loan_id, type, date, place, amount, cash_to, check_to, bank, bank_account_number, bank_account_owner, local_account_number, local_account_owner) VALUES (NULL, 0073, 1, 'NULL', 'Agencia Central', NULL, NULL, NULL, NULL, NULL, NULL, NULL, NULL);
        INSERT INTO amortizations (amortization_id, amortizationable_id, amortizationable_type, date, amount, term, interest_rate, include_iva, include_insurance, payment, payment_frequency_id, amortization_method_id, is_payment_variable, interest_payment_frequency_id, last_payment, last_payment_date, comment) VALUES (NULL, 0073, 'loan', 'NULL', 300.0, 12, NULL, 1.17, False, NULL, NULL, NULL, NULL, NULL, '2024-10-22', '');

        INSERT INTO clients (client_id, employee_id, registration_date, client_type_id, first_name, second_name, first_surname, second_surname, married_name, family_status_id, phone_number, cellphone_number, email, identification_type_id, identification_number, nit_homologation) VALUES (NULL, 1, NOW(), 1, 'Giselle', 'Ivonne', 'Garcia', 'Lopez', , 1, 0, 0, 1, '', 'true');
        INSERT INTO loan_applications (loan_application_id, loan_application_number, application_date, agency_id, client_id, employee_id, destination_id, guarantee_type_id, amount, term, status) VALUES (0734, LPAD(0734, 8, '0'), 'NULL', 1, NULL, 1, NULL, 1, 359.47, 16, 'approved');
        INSERT INTO loans (loan_id, loan_number, loan_application_id, destination_id, approval_date, outlay_date, due_date, last_payment_date, next_payment_date, balance, status) VALUES (0734, LPAD(0734, 9, '0'), 0734, NULL, 'NULL', NULL, NULL, '2024-05-06', NULL, 302.18000000000006, 'in_progress');
        INSERT INTO loan_deductions (loan_deduction_id, loan_id, financial_advice, iva_financial_advice, notarial_charges, registration_expenses, balance_cancellation, loan_cancellation_id, other_expenses, total_deductions, other_expenses_description) VALUES (0734, 0734, NULL, 0.0, 0, 0, 0, NULL, 0.0, NULL, '' );
        INSERT INTO outlay_conditions (outlay_condition_id, loan_id, type, date, place, amount, cash_to, check_to, bank, bank_account_number, bank_account_owner, local_account_number, local_account_owner) VALUES (NULL, 0734, 1, 'NULL', 'Agencia Central', NULL, NULL, NULL, NULL, NULL, NULL, NULL, NULL);
        INSERT INTO amortizations (amortization_id, amortizationable_id, amortizationable_type, date, amount, term, interest_rate, include_iva, include_insurance, payment, payment_frequency_id, amortization_method_id, is_payment_variable, interest_payment_frequency_id, last_payment, last_payment_date, comment) VALUES (NULL, 0734, 'loan', 'NULL', 359.47, 16, NULL, 0.0, False, NULL, NULL, NULL, NULL, NULL, '2024-05-06', '');

        INSERT INTO clients (client_id, employee_id, registration_date, client_type_id, first_name, second_name, first_surname, second_surname, married_name, family_status_id, phone_number, cellphone_number, email, identification_type_id, identification_number, nit_homologation) VALUES (NULL, 2, NOW(), 1, 'Ester', 'Abarca', 'Ayala', '', , 1, 0, 0, 1, '', 'true');
        INSERT INTO loan_applications (loan_application_id, loan_application_number, application_date, agency_id, client_id, employee_id, destination_id, guarantee_type_id, amount, term, status) VALUES (0736, LPAD(0736, 8, '0'), 'NULL', 1, NULL, 2, NULL, 1, 1000.0, 12, 'approved');
        INSERT INTO loans (loan_id, loan_number, loan_application_id, destination_id, approval_date, outlay_date, due_date, last_payment_date, next_payment_date, balance, status) VALUES (0736, LPAD(0736, 9, '0'), 0736, NULL, 'NULL', NULL, NULL, '2024-10-16', NULL, 599.44, 'in_progress');
        INSERT INTO loan_deductions (loan_deduction_id, loan_id, financial_advice, iva_financial_advice, notarial_charges, registration_expenses, balance_cancellation, loan_cancellation_id, other_expenses, total_deductions, other_expenses_description) VALUES (0736, 0736, NULL, 3.9, 0, 0, 0, NULL, 0.0, NULL, '' );
        INSERT INTO outlay_conditions (outlay_condition_id, loan_id, type, date, place, amount, cash_to, check_to, bank, bank_account_number, bank_account_owner, local_account_number, local_account_owner) VALUES (NULL, 0736, 1, 'NULL', 'Agencia Central', NULL, NULL, NULL, NULL, NULL, NULL, NULL, NULL);
        INSERT INTO amortizations (amortization_id, amortizationable_id, amortizationable_type, date, amount, term, interest_rate, include_iva, include_insurance, payment, payment_frequency_id, amortization_method_id, is_payment_variable, interest_payment_frequency_id, last_payment, last_payment_date, comment) VALUES (NULL, 0736, 'loan', 'NULL', 1000.0, 12, NULL, 3.9, True, NULL, NULL, NULL, NULL, NULL, '2024-10-16', '');

        INSERT INTO clients (client_id, employee_id, registration_date, client_type_id, first_name, second_name, first_surname, second_surname, married_name, family_status_id, phone_number, cellphone_number, email, identification_type_id, identification_number, nit_homologation) VALUES (NULL, 3, NOW(), 1, 'Veronica', 'Blanco', 'Campos', '', , 1, 0, 0, 1, '', 'true');
        INSERT INTO loan_applications (loan_application_id, loan_application_number, application_date, agency_id, client_id, employee_id, destination_id, guarantee_type_id, amount, term, status) VALUES (0074, LPAD(0074, 8, '0'), 'NULL', 1, NULL, 3, NULL, 1, 300.0, 12, 'approved');
        INSERT INTO loans (loan_id, loan_number, loan_application_id, destination_id, approval_date, outlay_date, due_date, last_payment_date, next_payment_date, balance, status) VALUES (0074, LPAD(0074, 9, '0'), 0074, NULL, 'NULL', NULL, NULL, '2024-10-22', NULL, 177.82, 'in_progress');
        INSERT INTO loan_deductions (loan_deduction_id, loan_id, financial_advice, iva_financial_advice, notarial_charges, registration_expenses, balance_cancellation, loan_cancellation_id, other_expenses, total_deductions, other_expenses_description) VALUES (0074, 0074, NULL, 1.17, 0, 0, 0, NULL, 0.0, NULL, '' );
        INSERT INTO outlay_conditions (outlay_condition_id, loan_id, type, date, place, amount, cash_to, check_to, bank, bank_account_number, bank_account_owner, local_account_number, local_account_owner) VALUES (NULL, 0074, 1, 'NULL', 'Agencia Central', NULL, NULL, NULL, NULL, NULL, NULL, NULL, NULL);
        INSERT INTO amortizations (amortization_id, amortizationable_id, amortizationable_type, date, amount, term, interest_rate, include_iva, include_insurance, payment, payment_frequency_id, amortization_method_id, is_payment_variable, interest_payment_frequency_id, last_payment, last_payment_date, comment) VALUES (NULL, 0074, 'loan', 'NULL', 300.0, 12, NULL, 1.17, False, NULL, NULL, NULL, NULL, NULL, '2024-10-22', '');

        INSERT INTO clients (client_id, employee_id, registration_date, client_type_id, first_name, second_name, first_surname, second_surname, married_name, family_status_id, phone_number, cellphone_number, email, identification_type_id, identification_number, nit_homologation) VALUES (NULL, 2, NOW(), 1, 'Jennifer', 'Julissa', 'Ramirez', 'Rodriguez', , 1, 0, 0, 1, '', 'true');
        INSERT INTO loan_applications (loan_application_id, loan_application_number, application_date, agency_id, client_id, employee_id, destination_id, guarantee_type_id, amount, term, status) VALUES (0767, LPAD(0767, 8, '0'), 'NULL', 1, NULL, 2, NULL, 1, 1000.0, 24, 'approved');
        INSERT INTO loans (loan_id, loan_number, loan_application_id, destination_id, approval_date, outlay_date, due_date, last_payment_date, next_payment_date, balance, status) VALUES (0767, LPAD(0767, 9, '0'), 0767, NULL, 'NULL', NULL, NULL, '2024-10-30', NULL, 600.23, 'in_progress');
        INSERT INTO loan_deductions (loan_deduction_id, loan_id, financial_advice, iva_financial_advice, notarial_charges, registration_expenses, balance_cancellation, loan_cancellation_id, other_expenses, total_deductions, other_expenses_description) VALUES (0767, 0767, NULL, 3.9, 0, 0, 0, NULL, 0.0, NULL, '' );
        INSERT INTO outlay_conditions (outlay_condition_id, loan_id, type, date, place, amount, cash_to, check_to, bank, bank_account_number, bank_account_owner, local_account_number, local_account_owner) VALUES (NULL, 0767, 1, 'NULL', 'Agencia Central', NULL, NULL, NULL, NULL, NULL, NULL, NULL, NULL);
        INSERT INTO amortizations (amortization_id, amortizationable_id, amortizationable_type, date, amount, term, interest_rate, include_iva, include_insurance, payment, payment_frequency_id, amortization_method_id, is_payment_variable, interest_payment_frequency_id, last_payment, last_payment_date, comment) VALUES (NULL, 0767, 'loan', 'NULL', 1000.0, 24, NULL, 3.9, False, NULL, NULL, NULL, NULL, NULL, '2024-10-30', '');

        INSERT INTO clients (client_id, employee_id, registration_date, client_type_id, first_name, second_name, first_surname, second_surname, married_name, family_status_id, phone_number, cellphone_number, email, identification_type_id, identification_number, nit_homologation) VALUES (NULL, 1, NOW(), 1, 'Ciria', 'Elizabeth', 'Galan', 'Flores', , 1, 0, 0, 1, '', 'true');
        INSERT INTO loan_applications (loan_application_id, loan_application_number, application_date, agency_id, client_id, employee_id, destination_id, guarantee_type_id, amount, term, status) VALUES (0792, LPAD(0792, 8, '0'), 'NULL', 1, NULL, 1, NULL, 1, 800.0, 12, 'approved');
        INSERT INTO loans (loan_id, loan_number, loan_application_id, destination_id, approval_date, outlay_date, due_date, last_payment_date, next_payment_date, balance, status) VALUES (0792, LPAD(0792, 9, '0'), 0792, NULL, 'NULL', NULL, NULL, '2024-10-07', NULL, 352.40000000000003, 'in_progress');
        INSERT INTO loan_deductions (loan_deduction_id, loan_id, financial_advice, iva_financial_advice, notarial_charges, registration_expenses, balance_cancellation, loan_cancellation_id, other_expenses, total_deductions, other_expenses_description) VALUES (0792, 0792, NULL, 3.12, 0, 0, 0, NULL, 0.0, NULL, '' );
        INSERT INTO outlay_conditions (outlay_condition_id, loan_id, type, date, place, amount, cash_to, check_to, bank, bank_account_number, bank_account_owner, local_account_number, local_account_owner) VALUES (NULL, 0792, 1, 'NULL', 'Agencia Central', NULL, NULL, NULL, NULL, NULL, NULL, NULL, NULL);
        INSERT INTO amortizations (amortization_id, amortizationable_id, amortizationable_type, date, amount, term, interest_rate, include_iva, include_insurance, payment, payment_frequency_id, amortization_method_id, is_payment_variable, interest_payment_frequency_id, last_payment, last_payment_date, comment) VALUES (NULL, 0792, 'loan', 'NULL', 800.0, 12, NULL, 3.12, False, NULL, NULL, NULL, NULL, NULL, '2024-10-07', '');

        INSERT INTO clients (client_id, employee_id, registration_date, client_type_id, first_name, second_name, first_surname, second_surname, married_name, family_status_id, phone_number, cellphone_number, email, identification_type_id, identification_number, nit_homologation) VALUES (NULL, 1, NOW(), 1, 'Karla', 'Beatriz', 'Pineda', 'Ordoñez', , 1, 0, 0, 1, '', 'true');
        INSERT INTO loan_applications (loan_application_id, loan_application_number, application_date, agency_id, client_id, employee_id, destination_id, guarantee_type_id, amount, term, status) VALUES (0795, LPAD(0795, 8, '0'), 'NULL', 1, NULL, 1, NULL, 1, 2000.0, 24, 'approved');
        INSERT INTO loans (loan_id, loan_number, loan_application_id, destination_id, approval_date, outlay_date, due_date, last_payment_date, next_payment_date, balance, status) VALUES (0795, LPAD(0795, 9, '0'), 0795, NULL, 'NULL', NULL, NULL, '2024-10-21', NULL, 1340.5499999999997, 'in_progress');
        INSERT INTO loan_deductions (loan_deduction_id, loan_id, financial_advice, iva_financial_advice, notarial_charges, registration_expenses, balance_cancellation, loan_cancellation_id, other_expenses, total_deductions, other_expenses_description) VALUES (0795, 0795, NULL, 7.8, 0, 0, 0, NULL, 0.0, NULL, '' );
        INSERT INTO outlay_conditions (outlay_condition_id, loan_id, type, date, place, amount, cash_to, check_to, bank, bank_account_number, bank_account_owner, local_account_number, local_account_owner) VALUES (NULL, 0795, 1, 'NULL', 'Agencia Central', NULL, NULL, NULL, NULL, NULL, NULL, NULL, NULL);
        INSERT INTO amortizations (amortization_id, amortizationable_id, amortizationable_type, date, amount, term, interest_rate, include_iva, include_insurance, payment, payment_frequency_id, amortization_method_id, is_payment_variable, interest_payment_frequency_id, last_payment, last_payment_date, comment) VALUES (NULL, 0795, 'loan', 'NULL', 2000.0, 24, NULL, 7.8, True, NULL, NULL, NULL, NULL, NULL, '2024-10-21', '');

        INSERT INTO clients (client_id, employee_id, registration_date, client_type_id, first_name, second_name, first_surname, second_surname, married_name, family_status_id, phone_number, cellphone_number, email, identification_type_id, identification_number, nit_homologation) VALUES (NULL, 1, NOW(), 1, 'Leydi', 'Cristina', 'Pleitez', 'De', Monterrosa, 1, 0, 0, 1, '', 'true');
        INSERT INTO loan_applications (loan_application_id, loan_application_number, application_date, agency_id, client_id, employee_id, destination_id, guarantee_type_id, amount, term, status) VALUES (0803, LPAD(0803, 8, '0'), 'NULL', 1, NULL, 1, NULL, 1, 1000.0, 12, 'approved');
        INSERT INTO loans (loan_id, loan_number, loan_application_id, destination_id, approval_date, outlay_date, due_date, last_payment_date, next_payment_date, balance, status) VALUES (0803, LPAD(0803, 9, '0'), 0803, NULL, 'NULL', NULL, NULL, '2024-10-21', NULL, 667.9100000000001, 'in_progress');
        INSERT INTO loan_deductions (loan_deduction_id, loan_id, financial_advice, iva_financial_advice, notarial_charges, registration_expenses, balance_cancellation, loan_cancellation_id, other_expenses, total_deductions, other_expenses_description) VALUES (0803, 0803, NULL, 3.9, 0, 0, 0, NULL, 0.0, NULL, '' );
        INSERT INTO outlay_conditions (outlay_condition_id, loan_id, type, date, place, amount, cash_to, check_to, bank, bank_account_number, bank_account_owner, local_account_number, local_account_owner) VALUES (NULL, 0803, 1, 'NULL', 'Agencia Central', NULL, NULL, NULL, NULL, NULL, NULL, NULL, NULL);
        INSERT INTO amortizations (amortization_id, amortizationable_id, amortizationable_type, date, amount, term, interest_rate, include_iva, include_insurance, payment, payment_frequency_id, amortization_method_id, is_payment_variable, interest_payment_frequency_id, last_payment, last_payment_date, comment) VALUES (NULL, 0803, 'loan', 'NULL', 1000.0, 12, NULL, 3.9, False, NULL, NULL, NULL, NULL, NULL, '2024-10-21', '');

        INSERT INTO clients (client_id, employee_id, registration_date, client_type_id, first_name, second_name, first_surname, second_surname, married_name, family_status_id, phone_number, cellphone_number, email, identification_type_id, identification_number, nit_homologation) VALUES (NULL, 2, NOW(), 1, 'Johana', 'Sarai', 'Rauda', 'Erazo', , 1, 0, 0, 1, '', 'true');
        INSERT INTO loan_applications (loan_application_id, loan_application_number, application_date, agency_id, client_id, employee_id, destination_id, guarantee_type_id, amount, term, status) VALUES (0810, LPAD(0810, 8, '0'), 'NULL', 1, NULL, 2, NULL, 1, 1500.0, 36, 'approved');
        INSERT INTO loans (loan_id, loan_number, loan_application_id, destination_id, approval_date, outlay_date, due_date, last_payment_date, next_payment_date, balance, status) VALUES (0810, LPAD(0810, 9, '0'), 0810, NULL, 'NULL', NULL, NULL, '2024-10-28', NULL, 1247.8100000000002, 'in_progress');
        INSERT INTO loan_deductions (loan_deduction_id, loan_id, financial_advice, iva_financial_advice, notarial_charges, registration_expenses, balance_cancellation, loan_cancellation_id, other_expenses, total_deductions, other_expenses_description) VALUES (0810, 0810, NULL, 5.85, 0, 0, 0, NULL, 0.0, NULL, '' );
        INSERT INTO outlay_conditions (outlay_condition_id, loan_id, type, date, place, amount, cash_to, check_to, bank, bank_account_number, bank_account_owner, local_account_number, local_account_owner) VALUES (NULL, 0810, 1, 'NULL', 'Agencia Central', NULL, NULL, NULL, NULL, NULL, NULL, NULL, NULL);
        INSERT INTO amortizations (amortization_id, amortizationable_id, amortizationable_type, date, amount, term, interest_rate, include_iva, include_insurance, payment, payment_frequency_id, amortization_method_id, is_payment_variable, interest_payment_frequency_id, last_payment, last_payment_date, comment) VALUES (NULL, 0810, 'loan', 'NULL', 1500.0, 36, NULL, 5.85, False, NULL, NULL, NULL, NULL, NULL, '2024-10-28', '');

        INSERT INTO clients (client_id, employee_id, registration_date, client_type_id, first_name, second_name, first_surname, second_surname, married_name, family_status_id, phone_number, cellphone_number, email, identification_type_id, identification_number, nit_homologation) VALUES (NULL, 1, NOW(), 1, 'Oscar', 'Mauricio', 'Flores', 'Barrientos', , 1, 0, 0, 1, '', 'true');
        INSERT INTO loan_applications (loan_application_id, loan_application_number, application_date, agency_id, client_id, employee_id, destination_id, guarantee_type_id, amount, term, status) VALUES (0822, LPAD(0822, 8, '0'), 'NULL', 1, NULL, 1, NULL, 1, 400.0, 14, 'approved');
        INSERT INTO loans (loan_id, loan_number, loan_application_id, destination_id, approval_date, outlay_date, due_date, last_payment_date, next_payment_date, balance, status) VALUES (0822, LPAD(0822, 9, '0'), 0822, NULL, 'NULL', NULL, NULL, '2024-10-17', NULL, 52.14000000000004, 'in_progress');
        INSERT INTO loan_deductions (loan_deduction_id, loan_id, financial_advice, iva_financial_advice, notarial_charges, registration_expenses, balance_cancellation, loan_cancellation_id, other_expenses, total_deductions, other_expenses_description) VALUES (0822, 0822, NULL, 1.56, 0, 0, 0, NULL, 0.0, NULL, '' );
        INSERT INTO outlay_conditions (outlay_condition_id, loan_id, type, date, place, amount, cash_to, check_to, bank, bank_account_number, bank_account_owner, local_account_number, local_account_owner) VALUES (NULL, 0822, 1, 'NULL', 'Agencia Central', NULL, NULL, NULL, NULL, NULL, NULL, NULL, NULL);
        INSERT INTO amortizations (amortization_id, amortizationable_id, amortizationable_type, date, amount, term, interest_rate, include_iva, include_insurance, payment, payment_frequency_id, amortization_method_id, is_payment_variable, interest_payment_frequency_id, last_payment, last_payment_date, comment) VALUES (NULL, 0822, 'loan', 'NULL', 400.0, 14, NULL, 1.56, False, NULL, NULL, NULL, NULL, NULL, '2024-10-17', '');

        INSERT INTO clients (client_id, employee_id, registration_date, client_type_id, first_name, second_name, first_surname, second_surname, married_name, family_status_id, phone_number, cellphone_number, email, identification_type_id, identification_number, nit_homologation) VALUES (NULL, 2, NOW(), 1, 'Iris', 'Yaneth', 'Rodas', 'De', Guzman, 1, 0, 0, 1, '', 'true');
        INSERT INTO loan_applications (loan_application_id, loan_application_number, application_date, agency_id, client_id, employee_id, destination_id, guarantee_type_id, amount, term, status) VALUES (0832, LPAD(0832, 8, '0'), 'NULL', 1, NULL, 2, NULL, 1, 1000.0, 24, 'approved');
        INSERT INTO loans (loan_id, loan_number, loan_application_id, destination_id, approval_date, outlay_date, due_date, last_payment_date, next_payment_date, balance, status) VALUES (0832, LPAD(0832, 9, '0'), 0832, NULL, 'NULL', NULL, NULL, '2024-10-25', NULL, 712.8800000000001, 'in_progress');
        INSERT INTO loan_deductions (loan_deduction_id, loan_id, financial_advice, iva_financial_advice, notarial_charges, registration_expenses, balance_cancellation, loan_cancellation_id, other_expenses, total_deductions, other_expenses_description) VALUES (0832, 0832, NULL, 3.9, 0, 0, 0, NULL, 0.0, NULL, '' );
        INSERT INTO outlay_conditions (outlay_condition_id, loan_id, type, date, place, amount, cash_to, check_to, bank, bank_account_number, bank_account_owner, local_account_number, local_account_owner) VALUES (NULL, 0832, 1, 'NULL', 'Agencia Central', NULL, NULL, NULL, NULL, NULL, NULL, NULL, NULL);
        INSERT INTO amortizations (amortization_id, amortizationable_id, amortizationable_type, date, amount, term, interest_rate, include_iva, include_insurance, payment, payment_frequency_id, amortization_method_id, is_payment_variable, interest_payment_frequency_id, last_payment, last_payment_date, comment) VALUES (NULL, 0832, 'loan', 'NULL', 1000.0, 24, NULL, 3.9, False, NULL, NULL, NULL, NULL, NULL, '2024-10-25', '');

        INSERT INTO clients (client_id, employee_id, registration_date, client_type_id, first_name, second_name, first_surname, second_surname, married_name, family_status_id, phone_number, cellphone_number, email, identification_type_id, identification_number, nit_homologation) VALUES (NULL, 2, NOW(), 1, 'Jorge', 'Enrique', 'Zeledon', 'Garcia', , 1, 0, 0, 1, '', 'true');
        INSERT INTO loan_applications (loan_application_id, loan_application_number, application_date, agency_id, client_id, employee_id, destination_id, guarantee_type_id, amount, term, status) VALUES (0838, LPAD(0838, 8, '0'), 'NULL', 1, NULL, 2, NULL, 1, 1000.0, 12, 'approved');
        INSERT INTO loans (loan_id, loan_number, loan_application_id, destination_id, approval_date, outlay_date, due_date, last_payment_date, next_payment_date, balance, status) VALUES (0838, LPAD(0838, 9, '0'), 0838, NULL, 'NULL', NULL, NULL, '2024-10-13', NULL, 751.0699999999999, 'in_progress');
        INSERT INTO loan_deductions (loan_deduction_id, loan_id, financial_advice, iva_financial_advice, notarial_charges, registration_expenses, balance_cancellation, loan_cancellation_id, other_expenses, total_deductions, other_expenses_description) VALUES (0838, 0838, NULL, 3.9, 0, 0, 0, NULL, 0.0, NULL, '' );
        INSERT INTO outlay_conditions (outlay_condition_id, loan_id, type, date, place, amount, cash_to, check_to, bank, bank_account_number, bank_account_owner, local_account_number, local_account_owner) VALUES (NULL, 0838, 1, 'NULL', 'Agencia Central', NULL, NULL, NULL, NULL, NULL, NULL, NULL, NULL);
        INSERT INTO amortizations (amortization_id, amortizationable_id, amortizationable_type, date, amount, term, interest_rate, include_iva, include_insurance, payment, payment_frequency_id, amortization_method_id, is_payment_variable, interest_payment_frequency_id, last_payment, last_payment_date, comment) VALUES (NULL, 0838, 'loan', 'NULL', 1000.0, 12, NULL, 3.9, False, NULL, NULL, NULL, NULL, NULL, '2024-10-13', '');

        INSERT INTO clients (client_id, employee_id, registration_date, client_type_id, first_name, second_name, first_surname, second_surname, married_name, family_status_id, phone_number, cellphone_number, email, identification_type_id, identification_number, nit_homologation) VALUES (NULL, 2, NOW(), 1, 'Veronica', 'Del', 'Carmen', 'Diaz', Navarro, 1, 0, 0, 1, '', 'true');
        INSERT INTO loan_applications (loan_application_id, loan_application_number, application_date, agency_id, client_id, employee_id, destination_id, guarantee_type_id, amount, term, status) VALUES (0839, LPAD(0839, 8, '0'), 'NULL', 1, NULL, 2, NULL, 1, 1600.0, NULL, 'approved');
        INSERT INTO loans (loan_id, loan_number, loan_application_id, destination_id, approval_date, outlay_date, due_date, last_payment_date, next_payment_date, balance, status) VALUES (0839, LPAD(0839, 9, '0'), 0839, NULL, 'NULL', NULL, NULL, 'NULL', NULL, NULL, 'in_progress');
        INSERT INTO loan_deductions (loan_deduction_id, loan_id, financial_advice, iva_financial_advice, notarial_charges, registration_expenses, balance_cancellation, loan_cancellation_id, other_expenses, total_deductions, other_expenses_description) VALUES (0839, 0839, NULL, 6.24, 0, 0, 0, NULL, 0.0, NULL, '' );
        INSERT INTO outlay_conditions (outlay_condition_id, loan_id, type, date, place, amount, cash_to, check_to, bank, bank_account_number, bank_account_owner, local_account_number, local_account_owner) VALUES (NULL, 0839, 1, 'NULL', 'Agencia Central', NULL, NULL, NULL, NULL, NULL, NULL, NULL, NULL);
        INSERT INTO amortizations (amortization_id, amortizationable_id, amortizationable_type, date, amount, term, interest_rate, include_iva, include_insurance, payment, payment_frequency_id, amortization_method_id, is_payment_variable, interest_payment_frequency_id, last_payment, last_payment_date, comment) VALUES (NULL, 0839, 'loan', 'NULL', 1600.0, NULL, NULL, 6.24, NULL, NULL, NULL, NULL, NULL, NULL, 'NULL', '');

        INSERT INTO clients (client_id, employee_id, registration_date, client_type_id, first_name, second_name, first_surname, second_surname, married_name, family_status_id, phone_number, cellphone_number, email, identification_type_id, identification_number, nit_homologation) VALUES (NULL, 3, NOW(), 1, 'Brenda', 'Yamileth', 'Cortez', 'Hernandez', , 1, 0, 0, 1, '', 'true');
        INSERT INTO loan_applications (loan_application_id, loan_application_number, application_date, agency_id, client_id, employee_id, destination_id, guarantee_type_id, amount, term, status) VALUES (0084, LPAD(0084, 8, '0'), 'NULL', 1, NULL, 3, NULL, 1, 500.0, 14, 'approved');
        INSERT INTO loans (loan_id, loan_number, loan_application_id, destination_id, approval_date, outlay_date, due_date, last_payment_date, next_payment_date, balance, status) VALUES (0084, LPAD(0084, 9, '0'), 0084, NULL, 'NULL', NULL, NULL, '2022-12-22', NULL, 54.850446000000005, 'in_progress');
        INSERT INTO loan_deductions (loan_deduction_id, loan_id, financial_advice, iva_financial_advice, notarial_charges, registration_expenses, balance_cancellation, loan_cancellation_id, other_expenses, total_deductions, other_expenses_description) VALUES (0084, 0084, NULL, 1.95, 0, 0, 0, NULL, 0.0, NULL, '' );
        INSERT INTO outlay_conditions (outlay_condition_id, loan_id, type, date, place, amount, cash_to, check_to, bank, bank_account_number, bank_account_owner, local_account_number, local_account_owner) VALUES (NULL, 0084, 1, 'NULL', 'Agencia Central', NULL, NULL, NULL, NULL, NULL, NULL, NULL, NULL);
        INSERT INTO amortizations (amortization_id, amortizationable_id, amortizationable_type, date, amount, term, interest_rate, include_iva, include_insurance, payment, payment_frequency_id, amortization_method_id, is_payment_variable, interest_payment_frequency_id, last_payment, last_payment_date, comment) VALUES (NULL, 0084, 'loan', 'NULL', 500.0, 14, NULL, 1.95, False, NULL, NULL, NULL, NULL, NULL, '2022-12-22', '');

        INSERT INTO clients (client_id, employee_id, registration_date, client_type_id, first_name, second_name, first_surname, second_surname, married_name, family_status_id, phone_number, cellphone_number, email, identification_type_id, identification_number, nit_homologation) VALUES (NULL, 2, NOW(), 1, 'Reyna', 'Yanira', 'Cortez', 'Vda.', Sibrian, 1, 0, 0, 1, '', 'true');
        INSERT INTO loan_applications (loan_application_id, loan_application_number, application_date, agency_id, client_id, employee_id, destination_id, guarantee_type_id, amount, term, status) VALUES (0851, LPAD(0851, 8, '0'), 'NULL', 1, NULL, 2, NULL, 1, 420.0, 27, 'approved');
        INSERT INTO loans (loan_id, loan_number, loan_application_id, destination_id, approval_date, outlay_date, due_date, last_payment_date, next_payment_date, balance, status) VALUES (0851, LPAD(0851, 9, '0'), 0851, NULL, 'NULL', NULL, NULL, '2024-09-08', NULL, 358.16, 'in_progress');
        INSERT INTO loan_deductions (loan_deduction_id, loan_id, financial_advice, iva_financial_advice, notarial_charges, registration_expenses, balance_cancellation, loan_cancellation_id, other_expenses, total_deductions, other_expenses_description) VALUES (0851, 0851, NULL, 1.42, 0, 0, 0, NULL, 0.0, NULL, '' );
        INSERT INTO outlay_conditions (outlay_condition_id, loan_id, type, date, place, amount, cash_to, check_to, bank, bank_account_number, bank_account_owner, local_account_number, local_account_owner) VALUES (NULL, 0851, 1, 'NULL', 'Agencia Central', NULL, NULL, NULL, NULL, NULL, NULL, NULL, NULL);
        INSERT INTO amortizations (amortization_id, amortizationable_id, amortizationable_type, date, amount, term, interest_rate, include_iva, include_insurance, payment, payment_frequency_id, amortization_method_id, is_payment_variable, interest_payment_frequency_id, last_payment, last_payment_date, comment) VALUES (NULL, 0851, 'loan', 'NULL', 420.0, 27, NULL, 1.42, False, NULL, NULL, NULL, NULL, NULL, '2024-09-08', '');

        INSERT INTO clients (client_id, employee_id, registration_date, client_type_id, first_name, second_name, first_surname, second_surname, married_name, family_status_id, phone_number, cellphone_number, email, identification_type_id, identification_number, nit_homologation) VALUES (NULL, 2, NOW(), 1, 'Joselin', 'Abigail', 'Alfaro', 'Alvarenga', , 1, 0, 0, 1, '', 'true');
        INSERT INTO loan_applications (loan_application_id, loan_application_number, application_date, agency_id, client_id, employee_id, destination_id, guarantee_type_id, amount, term, status) VALUES (0857, LPAD(0857, 8, '0'), 'NULL', 1, NULL, 2, NULL, 1, 1200.0, 12, 'approved');
        INSERT INTO loans (loan_id, loan_number, loan_application_id, destination_id, approval_date, outlay_date, due_date, last_payment_date, next_payment_date, balance, status) VALUES (0857, LPAD(0857, 9, '0'), 0857, NULL, 'NULL', NULL, NULL, '2024-12-29', NULL, 901.39, 'in_progress');
        INSERT INTO loan_deductions (loan_deduction_id, loan_id, financial_advice, iva_financial_advice, notarial_charges, registration_expenses, balance_cancellation, loan_cancellation_id, other_expenses, total_deductions, other_expenses_description) VALUES (0857, 0857, NULL, 4.68, 0, 0, 0, NULL, 0.0, NULL, '' );
        INSERT INTO outlay_conditions (outlay_condition_id, loan_id, type, date, place, amount, cash_to, check_to, bank, bank_account_number, bank_account_owner, local_account_number, local_account_owner) VALUES (NULL, 0857, 1, 'NULL', 'Agencia Central', NULL, NULL, NULL, NULL, NULL, NULL, NULL, NULL);
        INSERT INTO amortizations (amortization_id, amortizationable_id, amortizationable_type, date, amount, term, interest_rate, include_iva, include_insurance, payment, payment_frequency_id, amortization_method_id, is_payment_variable, interest_payment_frequency_id, last_payment, last_payment_date, comment) VALUES (NULL, 0857, 'loan', 'NULL', 1200.0, 12, NULL, 4.68, False, NULL, NULL, NULL, NULL, NULL, '2024-12-29', '');

        INSERT INTO clients (client_id, employee_id, registration_date, client_type_id, first_name, second_name, first_surname, second_surname, married_name, family_status_id, phone_number, cellphone_number, email, identification_type_id, identification_number, nit_homologation) VALUES (NULL, 1, NOW(), 1, 'Guadalupe', 'Anaya', 'De', 'Sixco', Sixco, 1, 0, 0, 1, '', 'true');
        INSERT INTO loan_applications (loan_application_id, loan_application_number, application_date, agency_id, client_id, employee_id, destination_id, guarantee_type_id, amount, term, status) VALUES (0860, LPAD(0860, 8, '0'), 'NULL', 1, NULL, 1, NULL, 1, 500.0, 12, 'approved');
        INSERT INTO loans (loan_id, loan_number, loan_application_id, destination_id, approval_date, outlay_date, due_date, last_payment_date, next_payment_date, balance, status) VALUES (0860, LPAD(0860, 9, '0'), 0860, NULL, 'NULL', NULL, NULL, '2024-10-28', NULL, 186.25000000000006, 'in_progress');
        INSERT INTO loan_deductions (loan_deduction_id, loan_id, financial_advice, iva_financial_advice, notarial_charges, registration_expenses, balance_cancellation, loan_cancellation_id, other_expenses, total_deductions, other_expenses_description) VALUES (0860, 0860, NULL, 1.95, 0, 0, 0, NULL, 0.0, NULL, '' );
        INSERT INTO outlay_conditions (outlay_condition_id, loan_id, type, date, place, amount, cash_to, check_to, bank, bank_account_number, bank_account_owner, local_account_number, local_account_owner) VALUES (NULL, 0860, 1, 'NULL', 'Agencia Central', NULL, NULL, NULL, NULL, NULL, NULL, NULL, NULL);
        INSERT INTO amortizations (amortization_id, amortizationable_id, amortizationable_type, date, amount, term, interest_rate, include_iva, include_insurance, payment, payment_frequency_id, amortization_method_id, is_payment_variable, interest_payment_frequency_id, last_payment, last_payment_date, comment) VALUES (NULL, 0860, 'loan', 'NULL', 500.0, 12, NULL, 1.95, False, NULL, NULL, NULL, NULL, NULL, '2024-10-28', '');

        INSERT INTO clients (client_id, employee_id, registration_date, client_type_id, first_name, second_name, first_surname, second_surname, married_name, family_status_id, phone_number, cellphone_number, email, identification_type_id, identification_number, nit_homologation) VALUES (NULL, 2, NOW(), 1, 'Vilma', 'Yaneth', 'Moran', 'De', Ortiz, 1, 0, 0, 1, '', 'true');
        INSERT INTO loan_applications (loan_application_id, loan_application_number, application_date, agency_id, client_id, employee_id, destination_id, guarantee_type_id, amount, term, status) VALUES (0861, LPAD(0861, 8, '0'), 'NULL', 1, NULL, 2, NULL, 1, 520.54, 24, 'approved');
        INSERT INTO loans (loan_id, loan_number, loan_application_id, destination_id, approval_date, outlay_date, due_date, last_payment_date, next_payment_date, balance, status) VALUES (0861, LPAD(0861, 9, '0'), 0861, NULL, 'NULL', NULL, NULL, '2024-08-10', NULL, 403.84, 'in_progress');
        INSERT INTO loan_deductions (loan_deduction_id, loan_id, financial_advice, iva_financial_advice, notarial_charges, registration_expenses, balance_cancellation, loan_cancellation_id, other_expenses, total_deductions, other_expenses_description) VALUES (0861, 0861, NULL, 1.96, 0, 0, 0, NULL, 0.0, NULL, '' );
        INSERT INTO outlay_conditions (outlay_condition_id, loan_id, type, date, place, amount, cash_to, check_to, bank, bank_account_number, bank_account_owner, local_account_number, local_account_owner) VALUES (NULL, 0861, 1, 'NULL', 'Agencia Central', NULL, NULL, NULL, NULL, NULL, NULL, NULL, NULL);
        INSERT INTO amortizations (amortization_id, amortizationable_id, amortizationable_type, date, amount, term, interest_rate, include_iva, include_insurance, payment, payment_frequency_id, amortization_method_id, is_payment_variable, interest_payment_frequency_id, last_payment, last_payment_date, comment) VALUES (NULL, 0861, 'loan', 'NULL', 520.54, 24, NULL, 1.96, False, NULL, NULL, NULL, NULL, NULL, '2024-08-10', '');

        INSERT INTO clients (client_id, employee_id, registration_date, client_type_id, first_name, second_name, first_surname, second_surname, married_name, family_status_id, phone_number, cellphone_number, email, identification_type_id, identification_number, nit_homologation) VALUES (NULL, 1, NOW(), 1, 'Kimberly', 'Fransheska', 'Ramirez', 'Santillana', , 1, 0, 0, 1, '', 'true');
        INSERT INTO loan_applications (loan_application_id, loan_application_number, application_date, agency_id, client_id, employee_id, destination_id, guarantee_type_id, amount, term, status) VALUES (0864, LPAD(0864, 8, '0'), 'NULL', 1, NULL, 1, NULL, 1, 700.0, 12, 'approved');
        INSERT INTO loans (loan_id, loan_number, loan_application_id, destination_id, approval_date, outlay_date, due_date, last_payment_date, next_payment_date, balance, status) VALUES (0864, LPAD(0864, 9, '0'), 0864, NULL, 'NULL', NULL, NULL, '2024-09-30', NULL, 492.23999999999995, 'in_progress');
        INSERT INTO loan_deductions (loan_deduction_id, loan_id, financial_advice, iva_financial_advice, notarial_charges, registration_expenses, balance_cancellation, loan_cancellation_id, other_expenses, total_deductions, other_expenses_description) VALUES (0864, 0864, NULL, 2.73, 0, 0, 0, NULL, 0.0, NULL, '' );
        INSERT INTO outlay_conditions (outlay_condition_id, loan_id, type, date, place, amount, cash_to, check_to, bank, bank_account_number, bank_account_owner, local_account_number, local_account_owner) VALUES (NULL, 0864, 1, 'NULL', 'Agencia Central', NULL, NULL, NULL, NULL, NULL, NULL, NULL, NULL);
        INSERT INTO amortizations (amortization_id, amortizationable_id, amortizationable_type, date, amount, term, interest_rate, include_iva, include_insurance, payment, payment_frequency_id, amortization_method_id, is_payment_variable, interest_payment_frequency_id, last_payment, last_payment_date, comment) VALUES (NULL, 0864, 'loan', 'NULL', 700.0, 12, NULL, 2.73, False, NULL, NULL, NULL, NULL, NULL, '2024-09-30', '');

        INSERT INTO clients (client_id, employee_id, registration_date, client_type_id, first_name, second_name, first_surname, second_surname, married_name, family_status_id, phone_number, cellphone_number, email, identification_type_id, identification_number, nit_homologation) VALUES (NULL, 1, NOW(), 1, 'Luis', 'Ernesto', 'Benito', 'Gomez', , 1, 0, 0, 1, '', 'true');
        INSERT INTO loan_applications (loan_application_id, loan_application_number, application_date, agency_id, client_id, employee_id, destination_id, guarantee_type_id, amount, term, status) VALUES (0865, LPAD(0865, 8, '0'), 'NULL', 1, NULL, 1, NULL, 1, 1000.0, 12, 'approved');
        INSERT INTO loans (loan_id, loan_number, loan_application_id, destination_id, approval_date, outlay_date, due_date, last_payment_date, next_payment_date, balance, status) VALUES (0865, LPAD(0865, 9, '0'), 0865, NULL, 'NULL', NULL, NULL, '202405-10-24-10-11', NULL, 809.36, 'in_progress');
        INSERT INTO loan_deductions (loan_deduction_id, loan_id, financial_advice, iva_financial_advice, notarial_charges, registration_expenses, balance_cancellation, loan_cancellation_id, other_expenses, total_deductions, other_expenses_description) VALUES (0865, 0865, NULL, 3.9, 0, 0, 0, NULL, 0.0, NULL, '' );
        INSERT INTO outlay_conditions (outlay_condition_id, loan_id, type, date, place, amount, cash_to, check_to, bank, bank_account_number, bank_account_owner, local_account_number, local_account_owner) VALUES (NULL, 0865, 1, 'NULL', 'Agencia Central', NULL, NULL, NULL, NULL, NULL, NULL, NULL, NULL);
        INSERT INTO amortizations (amortization_id, amortizationable_id, amortizationable_type, date, amount, term, interest_rate, include_iva, include_insurance, payment, payment_frequency_id, amortization_method_id, is_payment_variable, interest_payment_frequency_id, last_payment, last_payment_date, comment) VALUES (NULL, 0865, 'loan', 'NULL', 1000.0, 12, NULL, 3.9, False, NULL, NULL, NULL, NULL, NULL, '202405-10-24-10-11', '');

        INSERT INTO clients (client_id, employee_id, registration_date, client_type_id, first_name, second_name, first_surname, second_surname, married_name, family_status_id, phone_number, cellphone_number, email, identification_type_id, identification_number, nit_homologation) VALUES (NULL, 2, NOW(), 1, 'Maria', 'Magdalena', 'Cañas', '', , 1, 0, 0, 1, '', 'true');
        INSERT INTO loan_applications (loan_application_id, loan_application_number, application_date, agency_id, client_id, employee_id, destination_id, guarantee_type_id, amount, term, status) VALUES (0871, LPAD(0871, 8, '0'), 'NULL', 1, NULL, 2, NULL, 1, 1200.0, 12, 'approved');
        INSERT INTO loans (loan_id, loan_number, loan_application_id, destination_id, approval_date, outlay_date, due_date, last_payment_date, next_payment_date, balance, status) VALUES (0871, LPAD(0871, 9, '0'), 0871, NULL, 'NULL', NULL, NULL, '2024-10-21', NULL, 556.1200000000001, 'in_progress');
        INSERT INTO loan_deductions (loan_deduction_id, loan_id, financial_advice, iva_financial_advice, notarial_charges, registration_expenses, balance_cancellation, loan_cancellation_id, other_expenses, total_deductions, other_expenses_description) VALUES (0871, 0871, NULL, 4.68, 0, 0, 0, NULL, 0.0, NULL, '' );
        INSERT INTO outlay_conditions (outlay_condition_id, loan_id, type, date, place, amount, cash_to, check_to, bank, bank_account_number, bank_account_owner, local_account_number, local_account_owner) VALUES (NULL, 0871, 1, 'NULL', 'Agencia Central', NULL, NULL, NULL, NULL, NULL, NULL, NULL, NULL);
        INSERT INTO amortizations (amortization_id, amortizationable_id, amortizationable_type, date, amount, term, interest_rate, include_iva, include_insurance, payment, payment_frequency_id, amortization_method_id, is_payment_variable, interest_payment_frequency_id, last_payment, last_payment_date, comment) VALUES (NULL, 0871, 'loan', 'NULL', 1200.0, 12, NULL, 4.68, True, NULL, NULL, NULL, NULL, NULL, '2024-10-21', '');

        INSERT INTO clients (client_id, employee_id, registration_date, client_type_id, first_name, second_name, first_surname, second_surname, married_name, family_status_id, phone_number, cellphone_number, email, identification_type_id, identification_number, nit_homologation) VALUES (NULL, NULL, NOW(), 1, 'Idalma', 'Lorena', 'Hernandez', 'De', Garcia, 1, 0, 0, 1, '', 'true');
        INSERT INTO loan_applications (loan_application_id, loan_application_number, application_date, agency_id, client_id, employee_id, destination_id, guarantee_type_id, amount, term, status) VALUES (0881, LPAD(0881, 8, '0'), 'NULL', 1, NULL, NULL, NULL, 1, 700.0, 12, 'approved');
        INSERT INTO loans (loan_id, loan_number, loan_application_id, destination_id, approval_date, outlay_date, due_date, last_payment_date, next_payment_date, balance, status) VALUES (0881, LPAD(0881, 9, '0'), 0881, NULL, 'NULL', NULL, NULL, '2024-10-31', NULL, 327.03, 'in_progress');
        INSERT INTO loan_deductions (loan_deduction_id, loan_id, financial_advice, iva_financial_advice, notarial_charges, registration_expenses, balance_cancellation, loan_cancellation_id, other_expenses, total_deductions, other_expenses_description) VALUES (0881, 0881, NULL, 2.73, 0, 0, 0, NULL, 0.0, NULL, '' );
        INSERT INTO outlay_conditions (outlay_condition_id, loan_id, type, date, place, amount, cash_to, check_to, bank, bank_account_number, bank_account_owner, local_account_number, local_account_owner) VALUES (NULL, 0881, 1, 'NULL', 'Agencia Central', NULL, NULL, NULL, NULL, NULL, NULL, NULL, NULL);
        INSERT INTO amortizations (amortization_id, amortizationable_id, amortizationable_type, date, amount, term, interest_rate, include_iva, include_insurance, payment, payment_frequency_id, amortization_method_id, is_payment_variable, interest_payment_frequency_id, last_payment, last_payment_date, comment) VALUES (NULL, 0881, 'loan', 'NULL', 700.0, 12, NULL, 2.73, False, NULL, NULL, NULL, NULL, NULL, '2024-10-31', '');

        INSERT INTO clients (client_id, employee_id, registration_date, client_type_id, first_name, second_name, first_surname, second_surname, married_name, family_status_id, phone_number, cellphone_number, email, identification_type_id, identification_number, nit_homologation) VALUES (NULL, 1, NOW(), 1, 'Maria', 'Del', 'Socorro', 'Vasquez', , 1, 0, 0, 1, '', 'true');
        INSERT INTO loan_applications (loan_application_id, loan_application_number, application_date, agency_id, client_id, employee_id, destination_id, guarantee_type_id, amount, term, status) VALUES (0883, LPAD(0883, 8, '0'), 'NULL', 1, NULL, 1, NULL, 1, 500.0, 14, 'approved');
        INSERT INTO loans (loan_id, loan_number, loan_application_id, destination_id, approval_date, outlay_date, due_date, last_payment_date, next_payment_date, balance, status) VALUES (0883, LPAD(0883, 9, '0'), 0883, NULL, 'NULL', NULL, NULL, '2024-09-03', NULL, 382.91, 'in_progress');
        INSERT INTO loan_deductions (loan_deduction_id, loan_id, financial_advice, iva_financial_advice, notarial_charges, registration_expenses, balance_cancellation, loan_cancellation_id, other_expenses, total_deductions, other_expenses_description) VALUES (0883, 0883, NULL, 1.95, 0, 0, 0, NULL, 0.0, NULL, '' );
        INSERT INTO outlay_conditions (outlay_condition_id, loan_id, type, date, place, amount, cash_to, check_to, bank, bank_account_number, bank_account_owner, local_account_number, local_account_owner) VALUES (NULL, 0883, 1, 'NULL', 'Agencia Central', NULL, NULL, NULL, NULL, NULL, NULL, NULL, NULL);
        INSERT INTO amortizations (amortization_id, amortizationable_id, amortizationable_type, date, amount, term, interest_rate, include_iva, include_insurance, payment, payment_frequency_id, amortization_method_id, is_payment_variable, interest_payment_frequency_id, last_payment, last_payment_date, comment) VALUES (NULL, 0883, 'loan', 'NULL', 500.0, 14, NULL, 1.95, False, NULL, NULL, NULL, NULL, NULL, '2024-09-03', '');

        INSERT INTO clients (client_id, employee_id, registration_date, client_type_id, first_name, second_name, first_surname, second_surname, married_name, family_status_id, phone_number, cellphone_number, email, identification_type_id, identification_number, nit_homologation) VALUES (NULL, 1, NOW(), 1, 'Gabriela', 'Rubi', 'Machado', 'Reyes', , 1, 0, 0, 1, '', 'true');
        INSERT INTO loan_applications (loan_application_id, loan_application_number, application_date, agency_id, client_id, employee_id, destination_id, guarantee_type_id, amount, term, status) VALUES (0885, LPAD(0885, 8, '0'), 'NULL', 1, NULL, 1, NULL, 1, 500.0, 8, 'approved');
        INSERT INTO loans (loan_id, loan_number, loan_application_id, destination_id, approval_date, outlay_date, due_date, last_payment_date, next_payment_date, balance, status) VALUES (0885, LPAD(0885, 9, '0'), 0885, NULL, 'NULL', NULL, NULL, '2024-10-01', NULL, 141.98, 'in_progress');
        INSERT INTO loan_deductions (loan_deduction_id, loan_id, financial_advice, iva_financial_advice, notarial_charges, registration_expenses, balance_cancellation, loan_cancellation_id, other_expenses, total_deductions, other_expenses_description) VALUES (0885, 0885, NULL, 1.95, 0, 0, 0, NULL, 0.0, NULL, '' );
        INSERT INTO outlay_conditions (outlay_condition_id, loan_id, type, date, place, amount, cash_to, check_to, bank, bank_account_number, bank_account_owner, local_account_number, local_account_owner) VALUES (NULL, 0885, 1, 'NULL', 'Agencia Central', NULL, NULL, NULL, NULL, NULL, NULL, NULL, NULL);
        INSERT INTO amortizations (amortization_id, amortizationable_id, amortizationable_type, date, amount, term, interest_rate, include_iva, include_insurance, payment, payment_frequency_id, amortization_method_id, is_payment_variable, interest_payment_frequency_id, last_payment, last_payment_date, comment) VALUES (NULL, 0885, 'loan', 'NULL', 500.0, 8, NULL, 1.95, False, NULL, NULL, NULL, NULL, NULL, '2024-10-01', '');

        INSERT INTO clients (client_id, employee_id, registration_date, client_type_id, first_name, second_name, first_surname, second_surname, married_name, family_status_id, phone_number, cellphone_number, email, identification_type_id, identification_number, nit_homologation) VALUES (NULL, 2, NOW(), 1, 'Maria', 'Jose', 'Escobar', 'Mejia', , 1, 0, 0, 1, '', 'true');
        INSERT INTO loan_applications (loan_application_id, loan_application_number, application_date, agency_id, client_id, employee_id, destination_id, guarantee_type_id, amount, term, status) VALUES (0892, LPAD(0892, 8, '0'), 'NULL', 1, NULL, 2, NULL, 1, 3000.0, 48, 'approved');
        INSERT INTO loans (loan_id, loan_number, loan_application_id, destination_id, approval_date, outlay_date, due_date, last_payment_date, next_payment_date, balance, status) VALUES (0892, LPAD(0892, 9, '0'), 0892, NULL, 'NULL', NULL, NULL, '2024-10-21', NULL, 2839.3500000000004, 'in_progress');
        INSERT INTO loan_deductions (loan_deduction_id, loan_id, financial_advice, iva_financial_advice, notarial_charges, registration_expenses, balance_cancellation, loan_cancellation_id, other_expenses, total_deductions, other_expenses_description) VALUES (0892, 0892, NULL, 11.7, 0, 0, 0, NULL, 0.0, NULL, '' );
        INSERT INTO outlay_conditions (outlay_condition_id, loan_id, type, date, place, amount, cash_to, check_to, bank, bank_account_number, bank_account_owner, local_account_number, local_account_owner) VALUES (NULL, 0892, 1, 'NULL', 'Agencia Central', NULL, NULL, NULL, NULL, NULL, NULL, NULL, NULL);
        INSERT INTO amortizations (amortization_id, amortizationable_id, amortizationable_type, date, amount, term, interest_rate, include_iva, include_insurance, payment, payment_frequency_id, amortization_method_id, is_payment_variable, interest_payment_frequency_id, last_payment, last_payment_date, comment) VALUES (NULL, 0892, 'loan', 'NULL', 3000.0, 48, NULL, 11.7, True, NULL, NULL, NULL, NULL, NULL, '2024-10-21', '');

        INSERT INTO clients (client_id, employee_id, registration_date, client_type_id, first_name, second_name, first_surname, second_surname, married_name, family_status_id, phone_number, cellphone_number, email, identification_type_id, identification_number, nit_homologation) VALUES (NULL, 2, NOW(), 1, 'Daysi', 'Elizabeth', 'Aguilar', 'De', Molina, 1, 0, 0, 1, '', 'true');
        INSERT INTO loan_applications (loan_application_id, loan_application_number, application_date, agency_id, client_id, employee_id, destination_id, guarantee_type_id, amount, term, status) VALUES (0893, LPAD(0893, 8, '0'), 'NULL', 1, NULL, 2, NULL, 1, 3000.0, 24, 'approved');
        INSERT INTO loans (loan_id, loan_number, loan_application_id, destination_id, approval_date, outlay_date, due_date, last_payment_date, next_payment_date, balance, status) VALUES (0893, LPAD(0893, 9, '0'), 0893, NULL, 'NULL', NULL, NULL, '2024-10-30', NULL, 2833.0, 'in_progress');
        INSERT INTO loan_deductions (loan_deduction_id, loan_id, financial_advice, iva_financial_advice, notarial_charges, registration_expenses, balance_cancellation, loan_cancellation_id, other_expenses, total_deductions, other_expenses_description) VALUES (0893, 0893, NULL, 11.7, 0, 0, 0, NULL, 0.0, NULL, '' );
        INSERT INTO outlay_conditions (outlay_condition_id, loan_id, type, date, place, amount, cash_to, check_to, bank, bank_account_number, bank_account_owner, local_account_number, local_account_owner) VALUES (NULL, 0893, 1, 'NULL', 'Agencia Central', NULL, NULL, NULL, NULL, NULL, NULL, NULL, NULL);
        INSERT INTO amortizations (amortization_id, amortizationable_id, amortizationable_type, date, amount, term, interest_rate, include_iva, include_insurance, payment, payment_frequency_id, amortization_method_id, is_payment_variable, interest_payment_frequency_id, last_payment, last_payment_date, comment) VALUES (NULL, 0893, 'loan', 'NULL', 3000.0, 24, NULL, 11.7, True, NULL, NULL, NULL, NULL, NULL, '2024-10-30', '');

        INSERT INTO clients (client_id, employee_id, registration_date, client_type_id, first_name, second_name, first_surname, second_surname, married_name, family_status_id, phone_number, cellphone_number, email, identification_type_id, identification_number, nit_homologation) VALUES (NULL, 2, NOW(), 1, 'Efrain', 'Humberto', 'Salazar', 'Zetino', , 1, 0, 0, 1, '', 'true');
        INSERT INTO loan_applications (loan_application_id, loan_application_number, application_date, agency_id, client_id, employee_id, destination_id, guarantee_type_id, amount, term, status) VALUES (0894, LPAD(0894, 8, '0'), 'NULL', 1, NULL, 2, NULL, 1, 500.0, 8, 'approved');
        INSERT INTO loans (loan_id, loan_number, loan_application_id, destination_id, approval_date, outlay_date, due_date, last_payment_date, next_payment_date, balance, status) VALUES (0894, LPAD(0894, 9, '0'), 0894, NULL, 'NULL', NULL, NULL, '2024-09-10', NULL, 319.94000000000005, 'in_progress');
        INSERT INTO loan_deductions (loan_deduction_id, loan_id, financial_advice, iva_financial_advice, notarial_charges, registration_expenses, balance_cancellation, loan_cancellation_id, other_expenses, total_deductions, other_expenses_description) VALUES (0894, 0894, NULL, 1.95, 0, 0, 0, NULL, 0.0, NULL, '' );
        INSERT INTO outlay_conditions (outlay_condition_id, loan_id, type, date, place, amount, cash_to, check_to, bank, bank_account_number, bank_account_owner, local_account_number, local_account_owner) VALUES (NULL, 0894, 1, 'NULL', 'Agencia Central', NULL, NULL, NULL, NULL, NULL, NULL, NULL, NULL);
        INSERT INTO amortizations (amortization_id, amortizationable_id, amortizationable_type, date, amount, term, interest_rate, include_iva, include_insurance, payment, payment_frequency_id, amortization_method_id, is_payment_variable, interest_payment_frequency_id, last_payment, last_payment_date, comment) VALUES (NULL, 0894, 'loan', 'NULL', 500.0, 8, NULL, 1.95, False, NULL, NULL, NULL, NULL, NULL, '2024-09-10', '');

        INSERT INTO clients (client_id, employee_id, registration_date, client_type_id, first_name, second_name, first_surname, second_surname, married_name, family_status_id, phone_number, cellphone_number, email, identification_type_id, identification_number, nit_homologation) VALUES (NULL, 1, NOW(), 1, 'Guillermo', 'Ernesto', 'Escobar', 'Garcia', , 1, 0, 0, 1, '', 'true');
        INSERT INTO loan_applications (loan_application_id, loan_application_number, application_date, agency_id, client_id, employee_id, destination_id, guarantee_type_id, amount, term, status) VALUES (0905, LPAD(0905, 8, '0'), 'NULL', 1, NULL, 1, NULL, 1, 400.0, 8, 'approved');
        INSERT INTO loans (loan_id, loan_number, loan_application_id, destination_id, approval_date, outlay_date, due_date, last_payment_date, next_payment_date, balance, status) VALUES (0905, LPAD(0905, 9, '0'), 0905, NULL, 'NULL', NULL, NULL, '2024-09-19', NULL, 249.13000000000002, 'in_progress');
        INSERT INTO loan_deductions (loan_deduction_id, loan_id, financial_advice, iva_financial_advice, notarial_charges, registration_expenses, balance_cancellation, loan_cancellation_id, other_expenses, total_deductions, other_expenses_description) VALUES (0905, 0905, NULL, 1.56, 0, 0, 0, NULL, 0.0, NULL, '' );
        INSERT INTO outlay_conditions (outlay_condition_id, loan_id, type, date, place, amount, cash_to, check_to, bank, bank_account_number, bank_account_owner, local_account_number, local_account_owner) VALUES (NULL, 0905, 1, 'NULL', 'Agencia Central', NULL, NULL, NULL, NULL, NULL, NULL, NULL, NULL);
        INSERT INTO amortizations (amortization_id, amortizationable_id, amortizationable_type, date, amount, term, interest_rate, include_iva, include_insurance, payment, payment_frequency_id, amortization_method_id, is_payment_variable, interest_payment_frequency_id, last_payment, last_payment_date, comment) VALUES (NULL, 0905, 'loan', 'NULL', 400.0, 8, NULL, 1.56, False, NULL, NULL, NULL, NULL, NULL, '2024-09-19', '');

        INSERT INTO clients (client_id, employee_id, registration_date, client_type_id, first_name, second_name, first_surname, second_surname, married_name, family_status_id, phone_number, cellphone_number, email, identification_type_id, identification_number, nit_homologation) VALUES (NULL, 1, NOW(), 1, 'Steven', 'Eduardo', 'Palma', 'Rodas', , 1, 0, 0, 1, '', 'true');
        INSERT INTO loan_applications (loan_application_id, loan_application_number, application_date, agency_id, client_id, employee_id, destination_id, guarantee_type_id, amount, term, status) VALUES (0907, LPAD(0907, 8, '0'), 'NULL', 1, NULL, 1, NULL, 1, 500.0, 8, 'approved');
        INSERT INTO loans (loan_id, loan_number, loan_application_id, destination_id, approval_date, outlay_date, due_date, last_payment_date, next_payment_date, balance, status) VALUES (0907, LPAD(0907, 9, '0'), 0907, NULL, 'NULL', NULL, NULL, '2024-10-28', NULL, 295.11999999999995, 'in_progress');
        INSERT INTO loan_deductions (loan_deduction_id, loan_id, financial_advice, iva_financial_advice, notarial_charges, registration_expenses, balance_cancellation, loan_cancellation_id, other_expenses, total_deductions, other_expenses_description) VALUES (0907, 0907, NULL, 1.95, 0, 0, 0, NULL, 0.0, NULL, '' );
        INSERT INTO outlay_conditions (outlay_condition_id, loan_id, type, date, place, amount, cash_to, check_to, bank, bank_account_number, bank_account_owner, local_account_number, local_account_owner) VALUES (NULL, 0907, 1, 'NULL', 'Agencia Central', NULL, NULL, NULL, NULL, NULL, NULL, NULL, NULL);
        INSERT INTO amortizations (amortization_id, amortizationable_id, amortizationable_type, date, amount, term, interest_rate, include_iva, include_insurance, payment, payment_frequency_id, amortization_method_id, is_payment_variable, interest_payment_frequency_id, last_payment, last_payment_date, comment) VALUES (NULL, 0907, 'loan', 'NULL', 500.0, 8, NULL, 1.95, False, NULL, NULL, NULL, NULL, NULL, '2024-10-28', '');

        INSERT INTO clients (client_id, employee_id, registration_date, client_type_id, first_name, second_name, first_surname, second_surname, married_name, family_status_id, phone_number, cellphone_number, email, identification_type_id, identification_number, nit_homologation) VALUES (NULL, 1, NOW(), 1, 'Jose', 'Anibal', 'Mejia', 'Huezo', , 1, 0, 0, 1, '', 'true');
        INSERT INTO loan_applications (loan_application_id, loan_application_number, application_date, agency_id, client_id, employee_id, destination_id, guarantee_type_id, amount, term, status) VALUES (0909, LPAD(0909, 8, '0'), 'NULL', 1, NULL, 1, NULL, 1, 600.0, 12, 'approved');
        INSERT INTO loans (loan_id, loan_number, loan_application_id, destination_id, approval_date, outlay_date, due_date, last_payment_date, next_payment_date, balance, status) VALUES (0909, LPAD(0909, 9, '0'), 0909, NULL, 'NULL', NULL, NULL, '2024-10-24', NULL, 328.38000000000005, 'in_progress');
        INSERT INTO loan_deductions (loan_deduction_id, loan_id, financial_advice, iva_financial_advice, notarial_charges, registration_expenses, balance_cancellation, loan_cancellation_id, other_expenses, total_deductions, other_expenses_description) VALUES (0909, 0909, NULL, 2.34, 0, 0, 0, NULL, 0.0, NULL, '' );
        INSERT INTO outlay_conditions (outlay_condition_id, loan_id, type, date, place, amount, cash_to, check_to, bank, bank_account_number, bank_account_owner, local_account_number, local_account_owner) VALUES (NULL, 0909, 1, 'NULL', 'Agencia Central', NULL, NULL, NULL, NULL, NULL, NULL, NULL, NULL);
        INSERT INTO amortizations (amortization_id, amortizationable_id, amortizationable_type, date, amount, term, interest_rate, include_iva, include_insurance, payment, payment_frequency_id, amortization_method_id, is_payment_variable, interest_payment_frequency_id, last_payment, last_payment_date, comment) VALUES (NULL, 0909, 'loan', 'NULL', 600.0, 12, NULL, 2.34, False, NULL, NULL, NULL, NULL, NULL, '2024-10-24', '');

        INSERT INTO clients (client_id, employee_id, registration_date, client_type_id, first_name, second_name, first_surname, second_surname, married_name, family_status_id, phone_number, cellphone_number, email, identification_type_id, identification_number, nit_homologation) VALUES (NULL, 1, NOW(), 1, 'Claudia', 'Lorena', 'Pintin', 'Aguilar', , 1, 0, 0, 1, '', 'true');
        INSERT INTO loan_applications (loan_application_id, loan_application_number, application_date, agency_id, client_id, employee_id, destination_id, guarantee_type_id, amount, term, status) VALUES (0913, LPAD(0913, 8, '0'), 'NULL', 1, NULL, 1, NULL, 1, 171.37, 7, 'approved');
        INSERT INTO loans (loan_id, loan_number, loan_application_id, destination_id, approval_date, outlay_date, due_date, last_payment_date, next_payment_date, balance, status) VALUES (0913, LPAD(0913, 9, '0'), 0913, NULL, 'NULL', NULL, NULL, '202427-09-24-10-21', NULL, 77.79999999999998, 'in_progress');
        INSERT INTO loan_deductions (loan_deduction_id, loan_id, financial_advice, iva_financial_advice, notarial_charges, registration_expenses, balance_cancellation, loan_cancellation_id, other_expenses, total_deductions, other_expenses_description) VALUES (0913, 0913, NULL, 0.65, 0, 0, 0, NULL, 165.750757, NULL, '' );
        INSERT INTO outlay_conditions (outlay_condition_id, loan_id, type, date, place, amount, cash_to, check_to, bank, bank_account_number, bank_account_owner, local_account_number, local_account_owner) VALUES (NULL, 0913, 1, 'NULL', 'Agencia Central', NULL, NULL, NULL, NULL, NULL, NULL, NULL, NULL);
        INSERT INTO amortizations (amortization_id, amortizationable_id, amortizationable_type, date, amount, term, interest_rate, include_iva, include_insurance, payment, payment_frequency_id, amortization_method_id, is_payment_variable, interest_payment_frequency_id, last_payment, last_payment_date, comment) VALUES (NULL, 0913, 'loan', 'NULL', 171.37, 7, NULL, 0.65, False, NULL, NULL, NULL, NULL, NULL, '202427-09-24-10-21', '');

        INSERT INTO clients (client_id, employee_id, registration_date, client_type_id, first_name, second_name, first_surname, second_surname, married_name, family_status_id, phone_number, cellphone_number, email, identification_type_id, identification_number, nit_homologation) VALUES (NULL, 2, NOW(), 1, 'Rosario', 'Urias', 'De', 'Portillo', Portillo, 1, 0, 0, 1, '', 'true');
        INSERT INTO loan_applications (loan_application_id, loan_application_number, application_date, agency_id, client_id, employee_id, destination_id, guarantee_type_id, amount, term, status) VALUES (0914, LPAD(0914, 8, '0'), 'NULL', 1, NULL, 2, NULL, 1, 1300.0, 14, 'approved');
        INSERT INTO loans (loan_id, loan_number, loan_application_id, destination_id, approval_date, outlay_date, due_date, last_payment_date, next_payment_date, balance, status) VALUES (0914, LPAD(0914, 9, '0'), 0914, NULL, 'NULL', NULL, NULL, '2024-10-29', NULL, 92.75000000000009, 'in_progress');
        INSERT INTO loan_deductions (loan_deduction_id, loan_id, financial_advice, iva_financial_advice, notarial_charges, registration_expenses, balance_cancellation, loan_cancellation_id, other_expenses, total_deductions, other_expenses_description) VALUES (0914, 0914, NULL, 5.07, 0, 0, 0, NULL, 0.0, NULL, '' );
        INSERT INTO outlay_conditions (outlay_condition_id, loan_id, type, date, place, amount, cash_to, check_to, bank, bank_account_number, bank_account_owner, local_account_number, local_account_owner) VALUES (NULL, 0914, 1, 'NULL', 'Agencia Central', NULL, NULL, NULL, NULL, NULL, NULL, NULL, NULL);
        INSERT INTO amortizations (amortization_id, amortizationable_id, amortizationable_type, date, amount, term, interest_rate, include_iva, include_insurance, payment, payment_frequency_id, amortization_method_id, is_payment_variable, interest_payment_frequency_id, last_payment, last_payment_date, comment) VALUES (NULL, 0914, 'loan', 'NULL', 1300.0, 14, NULL, 5.07, False, NULL, NULL, NULL, NULL, NULL, '2024-10-29', '');

        INSERT INTO clients (client_id, employee_id, registration_date, client_type_id, first_name, second_name, first_surname, second_surname, married_name, family_status_id, phone_number, cellphone_number, email, identification_type_id, identification_number, nit_homologation) VALUES (NULL, 1, NOW(), 1, 'Gloria', 'Maribel', 'Marroquin', 'Baños', , 1, 0, 0, 1, '', 'true');
        INSERT INTO loan_applications (loan_application_id, loan_application_number, application_date, agency_id, client_id, employee_id, destination_id, guarantee_type_id, amount, term, status) VALUES (0915, LPAD(0915, 8, '0'), 'NULL', 1, NULL, 1, NULL, 1, 1000.0, 20, 'approved');
        INSERT INTO loans (loan_id, loan_number, loan_application_id, destination_id, approval_date, outlay_date, due_date, last_payment_date, next_payment_date, balance, status) VALUES (0915, LPAD(0915, 9, '0'), 0915, NULL, 'NULL', NULL, NULL, '2024-10-28', NULL, 765.9199999999998, 'in_progress');
        INSERT INTO loan_deductions (loan_deduction_id, loan_id, financial_advice, iva_financial_advice, notarial_charges, registration_expenses, balance_cancellation, loan_cancellation_id, other_expenses, total_deductions, other_expenses_description) VALUES (0915, 0915, NULL, 3.9, 0, 0, 0, NULL, 0.0, NULL, '' );
        INSERT INTO outlay_conditions (outlay_condition_id, loan_id, type, date, place, amount, cash_to, check_to, bank, bank_account_number, bank_account_owner, local_account_number, local_account_owner) VALUES (NULL, 0915, 1, 'NULL', 'Agencia Central', NULL, NULL, NULL, NULL, NULL, NULL, NULL, NULL);
        INSERT INTO amortizations (amortization_id, amortizationable_id, amortizationable_type, date, amount, term, interest_rate, include_iva, include_insurance, payment, payment_frequency_id, amortization_method_id, is_payment_variable, interest_payment_frequency_id, last_payment, last_payment_date, comment) VALUES (NULL, 0915, 'loan', 'NULL', 1000.0, 20, NULL, 3.9, False, NULL, NULL, NULL, NULL, NULL, '2024-10-28', '');

        INSERT INTO clients (client_id, employee_id, registration_date, client_type_id, first_name, second_name, first_surname, second_surname, married_name, family_status_id, phone_number, cellphone_number, email, identification_type_id, identification_number, nit_homologation) VALUES (NULL, 1, NOW(), 1, 'Carlos', 'Rene', 'Orellana', 'Giron', , 1, 0, 0, 1, '', 'true');
        INSERT INTO loan_applications (loan_application_id, loan_application_number, application_date, agency_id, client_id, employee_id, destination_id, guarantee_type_id, amount, term, status) VALUES (0917, LPAD(0917, 8, '0'), 'NULL', 1, NULL, 1, NULL, 1, 400.0, 14, 'approved');
        INSERT INTO loans (loan_id, loan_number, loan_application_id, destination_id, approval_date, outlay_date, due_date, last_payment_date, next_payment_date, balance, status) VALUES (0917, LPAD(0917, 9, '0'), 0917, NULL, 'NULL', NULL, NULL, '2024-10-31', NULL, 46.62000000000007, 'in_progress');
        INSERT INTO loan_deductions (loan_deduction_id, loan_id, financial_advice, iva_financial_advice, notarial_charges, registration_expenses, balance_cancellation, loan_cancellation_id, other_expenses, total_deductions, other_expenses_description) VALUES (0917, 0917, NULL, 1.56, 0, 0, 0, NULL, 0.0, NULL, '' );
        INSERT INTO outlay_conditions (outlay_condition_id, loan_id, type, date, place, amount, cash_to, check_to, bank, bank_account_number, bank_account_owner, local_account_number, local_account_owner) VALUES (NULL, 0917, 1, 'NULL', 'Agencia Central', NULL, NULL, NULL, NULL, NULL, NULL, NULL, NULL);
        INSERT INTO amortizations (amortization_id, amortizationable_id, amortizationable_type, date, amount, term, interest_rate, include_iva, include_insurance, payment, payment_frequency_id, amortization_method_id, is_payment_variable, interest_payment_frequency_id, last_payment, last_payment_date, comment) VALUES (NULL, 0917, 'loan', 'NULL', 400.0, 14, NULL, 1.56, False, NULL, NULL, NULL, NULL, NULL, '2024-10-31', '');

        INSERT INTO clients (client_id, employee_id, registration_date, client_type_id, first_name, second_name, first_surname, second_surname, married_name, family_status_id, phone_number, cellphone_number, email, identification_type_id, identification_number, nit_homologation) VALUES (NULL, 2, NOW(), 1, 'Santos', 'Alberto', 'Alfaro', '', , 1, 0, 0, 1, '', 'true');
        INSERT INTO loan_applications (loan_application_id, loan_application_number, application_date, agency_id, client_id, employee_id, destination_id, guarantee_type_id, amount, term, status) VALUES (0919, LPAD(0919, 8, '0'), 'NULL', 1, NULL, 2, NULL, 1, 1000.0, 12, 'approved');
        INSERT INTO loans (loan_id, loan_number, loan_application_id, destination_id, approval_date, outlay_date, due_date, last_payment_date, next_payment_date, balance, status) VALUES (0919, LPAD(0919, 9, '0'), 0919, NULL, 'NULL', NULL, NULL, '2024-10-01', NULL, 883.68, 'in_progress');
        INSERT INTO loan_deductions (loan_deduction_id, loan_id, financial_advice, iva_financial_advice, notarial_charges, registration_expenses, balance_cancellation, loan_cancellation_id, other_expenses, total_deductions, other_expenses_description) VALUES (0919, 0919, NULL, 3.9, 0, 0, 0, NULL, 0.0, NULL, '' );
        INSERT INTO outlay_conditions (outlay_condition_id, loan_id, type, date, place, amount, cash_to, check_to, bank, bank_account_number, bank_account_owner, local_account_number, local_account_owner) VALUES (NULL, 0919, 1, 'NULL', 'Agencia Central', NULL, NULL, NULL, NULL, NULL, NULL, NULL, NULL);
        INSERT INTO amortizations (amortization_id, amortizationable_id, amortizationable_type, date, amount, term, interest_rate, include_iva, include_insurance, payment, payment_frequency_id, amortization_method_id, is_payment_variable, interest_payment_frequency_id, last_payment, last_payment_date, comment) VALUES (NULL, 0919, 'loan', 'NULL', 1000.0, 12, NULL, 3.9, True, NULL, NULL, NULL, NULL, NULL, '2024-10-01', '');

        INSERT INTO clients (client_id, employee_id, registration_date, client_type_id, first_name, second_name, first_surname, second_surname, married_name, family_status_id, phone_number, cellphone_number, email, identification_type_id, identification_number, nit_homologation) VALUES (NULL, 3, NOW(), 1, 'Gabriela', 'Patricia', 'Cabrera', '', , 1, 0, 0, 1, '', 'true');
        INSERT INTO loan_applications (loan_application_id, loan_application_number, application_date, agency_id, client_id, employee_id, destination_id, guarantee_type_id, amount, term, status) VALUES (0092, LPAD(0092, 8, '0'), 'NULL', 1, NULL, 3, NULL, 1, 400.0, 14, 'approved');
        INSERT INTO loans (loan_id, loan_number, loan_application_id, destination_id, approval_date, outlay_date, due_date, last_payment_date, next_payment_date, balance, status) VALUES (0092, LPAD(0092, 9, '0'), 0092, NULL, 'NULL', NULL, NULL, '2022-11-21', NULL, 52.44, 'in_progress');
        INSERT INTO loan_deductions (loan_deduction_id, loan_id, financial_advice, iva_financial_advice, notarial_charges, registration_expenses, balance_cancellation, loan_cancellation_id, other_expenses, total_deductions, other_expenses_description) VALUES (0092, 0092, NULL, 1.56, 0, 0, 0, NULL, 0.0, NULL, '' );
        INSERT INTO outlay_conditions (outlay_condition_id, loan_id, type, date, place, amount, cash_to, check_to, bank, bank_account_number, bank_account_owner, local_account_number, local_account_owner) VALUES (NULL, 0092, 1, 'NULL', 'Agencia Central', NULL, NULL, NULL, NULL, NULL, NULL, NULL, NULL);
        INSERT INTO amortizations (amortization_id, amortizationable_id, amortizationable_type, date, amount, term, interest_rate, include_iva, include_insurance, payment, payment_frequency_id, amortization_method_id, is_payment_variable, interest_payment_frequency_id, last_payment, last_payment_date, comment) VALUES (NULL, 0092, 'loan', 'NULL', 400.0, 14, NULL, 1.56, False, NULL, NULL, NULL, NULL, NULL, '2022-11-21', '');

        INSERT INTO clients (client_id, employee_id, registration_date, client_type_id, first_name, second_name, first_surname, second_surname, married_name, family_status_id, phone_number, cellphone_number, email, identification_type_id, identification_number, nit_homologation) VALUES (NULL, 1, NOW(), 1, 'Sandra', 'Marlene', 'Garcia', 'De', Quezada, 1, 0, 0, 1, '', 'true');
        INSERT INTO loan_applications (loan_application_id, loan_application_number, application_date, agency_id, client_id, employee_id, destination_id, guarantee_type_id, amount, term, status) VALUES (0921, LPAD(0921, 8, '0'), 'NULL', 1, NULL, 1, NULL, 1, 300.0, 8, 'approved');
        INSERT INTO loans (loan_id, loan_number, loan_application_id, destination_id, approval_date, outlay_date, due_date, last_payment_date, next_payment_date, balance, status) VALUES (0921, LPAD(0921, 9, '0'), 0921, NULL, 'NULL', NULL, NULL, '2024-10-28', NULL, 82.26999999999995, 'in_progress');
        INSERT INTO loan_deductions (loan_deduction_id, loan_id, financial_advice, iva_financial_advice, notarial_charges, registration_expenses, balance_cancellation, loan_cancellation_id, other_expenses, total_deductions, other_expenses_description) VALUES (0921, 0921, NULL, 1.17, 0, 0, 0, NULL, 0.0, NULL, '' );
        INSERT INTO outlay_conditions (outlay_condition_id, loan_id, type, date, place, amount, cash_to, check_to, bank, bank_account_number, bank_account_owner, local_account_number, local_account_owner) VALUES (NULL, 0921, 1, 'NULL', 'Agencia Central', NULL, NULL, NULL, NULL, NULL, NULL, NULL, NULL);
        INSERT INTO amortizations (amortization_id, amortizationable_id, amortizationable_type, date, amount, term, interest_rate, include_iva, include_insurance, payment, payment_frequency_id, amortization_method_id, is_payment_variable, interest_payment_frequency_id, last_payment, last_payment_date, comment) VALUES (NULL, 0921, 'loan', 'NULL', 300.0, 8, NULL, 1.17, False, NULL, NULL, NULL, NULL, NULL, '2024-10-28', '');

        INSERT INTO clients (client_id, employee_id, registration_date, client_type_id, first_name, second_name, first_surname, second_surname, married_name, family_status_id, phone_number, cellphone_number, email, identification_type_id, identification_number, nit_homologation) VALUES (NULL, NULL, NOW(), 1, 'Marlon', 'Stanley', 'Salinas', 'Landaverde', , 1, 0, 0, 1, '', 'true');
        INSERT INTO loan_applications (loan_application_id, loan_application_number, application_date, agency_id, client_id, employee_id, destination_id, guarantee_type_id, amount, term, status) VALUES (0924, LPAD(0924, 8, '0'), 'NULL', 1, NULL, NULL, NULL, 1, 500.0, 8, 'approved');
        INSERT INTO loans (loan_id, loan_number, loan_application_id, destination_id, approval_date, outlay_date, due_date, last_payment_date, next_payment_date, balance, status) VALUES (0924, LPAD(0924, 9, '0'), 0924, NULL, 'NULL', NULL, NULL, '2024-10-24', NULL, 202.82, 'in_progress');
        INSERT INTO loan_deductions (loan_deduction_id, loan_id, financial_advice, iva_financial_advice, notarial_charges, registration_expenses, balance_cancellation, loan_cancellation_id, other_expenses, total_deductions, other_expenses_description) VALUES (0924, 0924, NULL, 1.95, 0, 0, 0, NULL, 0.0, NULL, '' );
        INSERT INTO outlay_conditions (outlay_condition_id, loan_id, type, date, place, amount, cash_to, check_to, bank, bank_account_number, bank_account_owner, local_account_number, local_account_owner) VALUES (NULL, 0924, 1, 'NULL', 'Agencia Central', NULL, NULL, NULL, NULL, NULL, NULL, NULL, NULL);
        INSERT INTO amortizations (amortization_id, amortizationable_id, amortizationable_type, date, amount, term, interest_rate, include_iva, include_insurance, payment, payment_frequency_id, amortization_method_id, is_payment_variable, interest_payment_frequency_id, last_payment, last_payment_date, comment) VALUES (NULL, 0924, 'loan', 'NULL', 500.0, 8, NULL, 1.95, False, NULL, NULL, NULL, NULL, NULL, '2024-10-24', '');

        INSERT INTO clients (client_id, employee_id, registration_date, client_type_id, first_name, second_name, first_surname, second_surname, married_name, family_status_id, phone_number, cellphone_number, email, identification_type_id, identification_number, nit_homologation) VALUES (NULL, 1, NOW(), 1, 'Saul', 'Alberto', 'Hernandez', 'Figueroa', , 1, 0, 0, 1, '', 'true');
        INSERT INTO loan_applications (loan_application_id, loan_application_number, application_date, agency_id, client_id, employee_id, destination_id, guarantee_type_id, amount, term, status) VALUES (0926, LPAD(0926, 8, '0'), 'NULL', 1, NULL, 1, NULL, 1, 1300.0, 36, 'approved');
        INSERT INTO loans (loan_id, loan_number, loan_application_id, destination_id, approval_date, outlay_date, due_date, last_payment_date, next_payment_date, balance, status) VALUES (0926, LPAD(0926, 9, '0'), 0926, NULL, 'NULL', NULL, NULL, '2024-10-07', NULL, 1257.98, 'in_progress');
        INSERT INTO loan_deductions (loan_deduction_id, loan_id, financial_advice, iva_financial_advice, notarial_charges, registration_expenses, balance_cancellation, loan_cancellation_id, other_expenses, total_deductions, other_expenses_description) VALUES (0926, 0926, NULL, 5.07, 0, 0, 0, NULL, 0.0, NULL, '' );
        INSERT INTO outlay_conditions (outlay_condition_id, loan_id, type, date, place, amount, cash_to, check_to, bank, bank_account_number, bank_account_owner, local_account_number, local_account_owner) VALUES (NULL, 0926, 1, 'NULL', 'Agencia Central', NULL, NULL, NULL, NULL, NULL, NULL, NULL, NULL);
        INSERT INTO amortizations (amortization_id, amortizationable_id, amortizationable_type, date, amount, term, interest_rate, include_iva, include_insurance, payment, payment_frequency_id, amortization_method_id, is_payment_variable, interest_payment_frequency_id, last_payment, last_payment_date, comment) VALUES (NULL, 0926, 'loan', 'NULL', 1300.0, 36, NULL, 5.07, True, NULL, NULL, NULL, NULL, NULL, '2024-10-07', '');

        INSERT INTO clients (client_id, employee_id, registration_date, client_type_id, first_name, second_name, first_surname, second_surname, married_name, family_status_id, phone_number, cellphone_number, email, identification_type_id, identification_number, nit_homologation) VALUES (NULL, 2, NOW(), 1, 'Mirian', 'Celestina', 'Castaneda', 'Cortez', , 1, 0, 0, 1, '', 'true');
        INSERT INTO loan_applications (loan_application_id, loan_application_number, application_date, agency_id, client_id, employee_id, destination_id, guarantee_type_id, amount, term, status) VALUES (0931, LPAD(0931, 8, '0'), 'NULL', 1, NULL, 2, NULL, 1, 700.0, 14, 'approved');
        INSERT INTO loans (loan_id, loan_number, loan_application_id, destination_id, approval_date, outlay_date, due_date, last_payment_date, next_payment_date, balance, status) VALUES (0931, LPAD(0931, 9, '0'), 0931, NULL, 'NULL', NULL, NULL, '2024-10-29', NULL, 160.92000000000007, 'in_progress');
        INSERT INTO loan_deductions (loan_deduction_id, loan_id, financial_advice, iva_financial_advice, notarial_charges, registration_expenses, balance_cancellation, loan_cancellation_id, other_expenses, total_deductions, other_expenses_description) VALUES (0931, 0931, NULL, 2.73, 0, 0, 0, NULL, 0.0, NULL, '' );
        INSERT INTO outlay_conditions (outlay_condition_id, loan_id, type, date, place, amount, cash_to, check_to, bank, bank_account_number, bank_account_owner, local_account_number, local_account_owner) VALUES (NULL, 0931, 1, 'NULL', 'Agencia Central', NULL, NULL, NULL, NULL, NULL, NULL, NULL, NULL);
        INSERT INTO amortizations (amortization_id, amortizationable_id, amortizationable_type, date, amount, term, interest_rate, include_iva, include_insurance, payment, payment_frequency_id, amortization_method_id, is_payment_variable, interest_payment_frequency_id, last_payment, last_payment_date, comment) VALUES (NULL, 0931, 'loan', 'NULL', 700.0, 14, NULL, 2.73, False, NULL, NULL, NULL, NULL, NULL, '2024-10-29', '');

        INSERT INTO clients (client_id, employee_id, registration_date, client_type_id, first_name, second_name, first_surname, second_surname, married_name, family_status_id, phone_number, cellphone_number, email, identification_type_id, identification_number, nit_homologation) VALUES (NULL, 1, NOW(), 1, 'Claudia', 'Lorena', 'Najarro', 'Santamaria', , 1, 0, 0, 1, '', 'true');
        INSERT INTO loan_applications (loan_application_id, loan_application_number, application_date, agency_id, client_id, employee_id, destination_id, guarantee_type_id, amount, term, status) VALUES (0932, LPAD(0932, 8, '0'), 'NULL', 1, NULL, 1, NULL, 1, 300.0, 14, 'approved');
        INSERT INTO loans (loan_id, loan_number, loan_application_id, destination_id, approval_date, outlay_date, due_date, last_payment_date, next_payment_date, balance, status) VALUES (0932, LPAD(0932, 9, '0'), 0932, NULL, 'NULL', NULL, NULL, '2024-10-25', NULL, 52.179999999999964, 'in_progress');
        INSERT INTO loan_deductions (loan_deduction_id, loan_id, financial_advice, iva_financial_advice, notarial_charges, registration_expenses, balance_cancellation, loan_cancellation_id, other_expenses, total_deductions, other_expenses_description) VALUES (0932, 0932, NULL, 1.17, 0, 0, 0, NULL, 0.0, NULL, '' );
        INSERT INTO outlay_conditions (outlay_condition_id, loan_id, type, date, place, amount, cash_to, check_to, bank, bank_account_number, bank_account_owner, local_account_number, local_account_owner) VALUES (NULL, 0932, 1, 'NULL', 'Agencia Central', NULL, NULL, NULL, NULL, NULL, NULL, NULL, NULL);
        INSERT INTO amortizations (amortization_id, amortizationable_id, amortizationable_type, date, amount, term, interest_rate, include_iva, include_insurance, payment, payment_frequency_id, amortization_method_id, is_payment_variable, interest_payment_frequency_id, last_payment, last_payment_date, comment) VALUES (NULL, 0932, 'loan', 'NULL', 300.0, 14, NULL, 1.17, False, NULL, NULL, NULL, NULL, NULL, '2024-10-25', '');

        INSERT INTO clients (client_id, employee_id, registration_date, client_type_id, first_name, second_name, first_surname, second_surname, married_name, family_status_id, phone_number, cellphone_number, email, identification_type_id, identification_number, nit_homologation) VALUES (NULL, 1, NOW(), 1, 'Margarita', 'Quezada', 'Viuda', 'De', Piecho, 1, 0, 0, 1, '', 'true');
        INSERT INTO loan_applications (loan_application_id, loan_application_number, application_date, agency_id, client_id, employee_id, destination_id, guarantee_type_id, amount, term, status) VALUES (0933, LPAD(0933, 8, '0'), 'NULL', 1, NULL, 1, NULL, 1, 2500.0, 24, 'approved');
        INSERT INTO loans (loan_id, loan_number, loan_application_id, destination_id, approval_date, outlay_date, due_date, last_payment_date, next_payment_date, balance, status) VALUES (0933, LPAD(0933, 9, '0'), 0933, NULL, 'NULL', NULL, NULL, '2024-10-28', NULL, 2108.45, 'in_progress');
        INSERT INTO loan_deductions (loan_deduction_id, loan_id, financial_advice, iva_financial_advice, notarial_charges, registration_expenses, balance_cancellation, loan_cancellation_id, other_expenses, total_deductions, other_expenses_description) VALUES (0933, 0933, NULL, 9.75, 0, 0, 0, NULL, 0.0, NULL, '' );
        INSERT INTO outlay_conditions (outlay_condition_id, loan_id, type, date, place, amount, cash_to, check_to, bank, bank_account_number, bank_account_owner, local_account_number, local_account_owner) VALUES (NULL, 0933, 1, 'NULL', 'Agencia Central', NULL, NULL, NULL, NULL, NULL, NULL, NULL, NULL);
        INSERT INTO amortizations (amortization_id, amortizationable_id, amortizationable_type, date, amount, term, interest_rate, include_iva, include_insurance, payment, payment_frequency_id, amortization_method_id, is_payment_variable, interest_payment_frequency_id, last_payment, last_payment_date, comment) VALUES (NULL, 0933, 'loan', 'NULL', 2500.0, 24, NULL, 9.75, True, NULL, NULL, NULL, NULL, NULL, '2024-10-28', '');

        INSERT INTO clients (client_id, employee_id, registration_date, client_type_id, first_name, second_name, first_surname, second_surname, married_name, family_status_id, phone_number, cellphone_number, email, identification_type_id, identification_number, nit_homologation) VALUES (NULL, 2, NOW(), 1, 'Ronald', 'Osvaldo', 'Zeledon', 'Martinez', , 1, 0, 0, 1, '', 'true');
        INSERT INTO loan_applications (loan_application_id, loan_application_number, application_date, agency_id, client_id, employee_id, destination_id, guarantee_type_id, amount, term, status) VALUES (0936, LPAD(0936, 8, '0'), 'NULL', 1, NULL, 2, NULL, 1, 1000.0, 12, 'approved');
        INSERT INTO loans (loan_id, loan_number, loan_application_id, destination_id, approval_date, outlay_date, due_date, last_payment_date, next_payment_date, balance, status) VALUES (0936, LPAD(0936, 9, '0'), 0936, NULL, 'NULL', NULL, NULL, '2024-10-14', NULL, 884.16, 'in_progress');
        INSERT INTO loan_deductions (loan_deduction_id, loan_id, financial_advice, iva_financial_advice, notarial_charges, registration_expenses, balance_cancellation, loan_cancellation_id, other_expenses, total_deductions, other_expenses_description) VALUES (0936, 0936, NULL, 3.9, 0, 0, 0, NULL, 0.0, NULL, '' );
        INSERT INTO outlay_conditions (outlay_condition_id, loan_id, type, date, place, amount, cash_to, check_to, bank, bank_account_number, bank_account_owner, local_account_number, local_account_owner) VALUES (NULL, 0936, 1, 'NULL', 'Agencia Central', NULL, NULL, NULL, NULL, NULL, NULL, NULL, NULL);
        INSERT INTO amortizations (amortization_id, amortizationable_id, amortizationable_type, date, amount, term, interest_rate, include_iva, include_insurance, payment, payment_frequency_id, amortization_method_id, is_payment_variable, interest_payment_frequency_id, last_payment, last_payment_date, comment) VALUES (NULL, 0936, 'loan', 'NULL', 1000.0, 12, NULL, 3.9, False, NULL, NULL, NULL, NULL, NULL, '2024-10-14', '');

        INSERT INTO clients (client_id, employee_id, registration_date, client_type_id, first_name, second_name, first_surname, second_surname, married_name, family_status_id, phone_number, cellphone_number, email, identification_type_id, identification_number, nit_homologation) VALUES (NULL, 1, NOW(), 1, 'Lissette', 'Jacqueline', 'Martinez', 'De', Carranza, 1, 0, 0, 1, '', 'true');
        INSERT INTO loan_applications (loan_application_id, loan_application_number, application_date, agency_id, client_id, employee_id, destination_id, guarantee_type_id, amount, term, status) VALUES (0937, LPAD(0937, 8, '0'), 'NULL', 1, NULL, 1, NULL, 1, 1500.0, 10, 'approved');
        INSERT INTO loans (loan_id, loan_number, loan_application_id, destination_id, approval_date, outlay_date, due_date, last_payment_date, next_payment_date, balance, status) VALUES (0937, LPAD(0937, 9, '0'), 0937, NULL, 'NULL', NULL, NULL, '2024-10-28', NULL, 804.5600000000001, 'in_progress');
        INSERT INTO loan_deductions (loan_deduction_id, loan_id, financial_advice, iva_financial_advice, notarial_charges, registration_expenses, balance_cancellation, loan_cancellation_id, other_expenses, total_deductions, other_expenses_description) VALUES (0937, 0937, NULL, 5.85, 0, 0, 0, NULL, 0.0, NULL, '' );
        INSERT INTO outlay_conditions (outlay_condition_id, loan_id, type, date, place, amount, cash_to, check_to, bank, bank_account_number, bank_account_owner, local_account_number, local_account_owner) VALUES (NULL, 0937, 1, 'NULL', 'Agencia Central', NULL, NULL, NULL, NULL, NULL, NULL, NULL, NULL);
        INSERT INTO amortizations (amortization_id, amortizationable_id, amortizationable_type, date, amount, term, interest_rate, include_iva, include_insurance, payment, payment_frequency_id, amortization_method_id, is_payment_variable, interest_payment_frequency_id, last_payment, last_payment_date, comment) VALUES (NULL, 0937, 'loan', 'NULL', 1500.0, 10, NULL, 5.85, False, NULL, NULL, NULL, NULL, NULL, '2024-10-28', '');

        INSERT INTO clients (client_id, employee_id, registration_date, client_type_id, first_name, second_name, first_surname, second_surname, married_name, family_status_id, phone_number, cellphone_number, email, identification_type_id, identification_number, nit_homologation) VALUES (NULL, 2, NOW(), 1, 'Alicia', 'Catalina', 'Gomez', 'De', Rivas, 1, 0, 0, 1, '', 'true');
        INSERT INTO loan_applications (loan_application_id, loan_application_number, application_date, agency_id, client_id, employee_id, destination_id, guarantee_type_id, amount, term, status) VALUES (0940, LPAD(0940, 8, '0'), 'NULL', 1, NULL, 2, NULL, 1, 1000.0, 14, 'approved');
        INSERT INTO loans (loan_id, loan_number, loan_application_id, destination_id, approval_date, outlay_date, due_date, last_payment_date, next_payment_date, balance, status) VALUES (0940, LPAD(0940, 9, '0'), 0940, NULL, 'NULL', NULL, NULL, '2024-10-25', NULL, 304.5099999999999, 'in_progress');
        INSERT INTO loan_deductions (loan_deduction_id, loan_id, financial_advice, iva_financial_advice, notarial_charges, registration_expenses, balance_cancellation, loan_cancellation_id, other_expenses, total_deductions, other_expenses_description) VALUES (0940, 0940, NULL, 3.9, 0, 0, 0, NULL, 0.0, NULL, '' );
        INSERT INTO outlay_conditions (outlay_condition_id, loan_id, type, date, place, amount, cash_to, check_to, bank, bank_account_number, bank_account_owner, local_account_number, local_account_owner) VALUES (NULL, 0940, 1, 'NULL', 'Agencia Central', NULL, NULL, NULL, NULL, NULL, NULL, NULL, NULL);
        INSERT INTO amortizations (amortization_id, amortizationable_id, amortizationable_type, date, amount, term, interest_rate, include_iva, include_insurance, payment, payment_frequency_id, amortization_method_id, is_payment_variable, interest_payment_frequency_id, last_payment, last_payment_date, comment) VALUES (NULL, 0940, 'loan', 'NULL', 1000.0, 14, NULL, 3.9, False, NULL, NULL, NULL, NULL, NULL, '2024-10-25', '');

        INSERT INTO clients (client_id, employee_id, registration_date, client_type_id, first_name, second_name, first_surname, second_surname, married_name, family_status_id, phone_number, cellphone_number, email, identification_type_id, identification_number, nit_homologation) VALUES (NULL, 1, NOW(), 1, 'Ana', 'Deysi', 'Lopez', 'Garcia', , 1, 0, 0, 1, '', 'true');
        INSERT INTO loan_applications (loan_application_id, loan_application_number, application_date, agency_id, client_id, employee_id, destination_id, guarantee_type_id, amount, term, status) VALUES (0945, LPAD(0945, 8, '0'), 'NULL', 1, NULL, 1, NULL, 1, 500.0, 14, 'approved');
        INSERT INTO loans (loan_id, loan_number, loan_application_id, destination_id, approval_date, outlay_date, due_date, last_payment_date, next_payment_date, balance, status) VALUES (0945, LPAD(0945, 9, '0'), 0945, NULL, 'NULL', NULL, NULL, '2024-10-28', NULL, 152.16999999999993, 'in_progress');
        INSERT INTO loan_deductions (loan_deduction_id, loan_id, financial_advice, iva_financial_advice, notarial_charges, registration_expenses, balance_cancellation, loan_cancellation_id, other_expenses, total_deductions, other_expenses_description) VALUES (0945, 0945, NULL, 1.95, 0, 0, 0, NULL, 0.0, NULL, '' );
        INSERT INTO outlay_conditions (outlay_condition_id, loan_id, type, date, place, amount, cash_to, check_to, bank, bank_account_number, bank_account_owner, local_account_number, local_account_owner) VALUES (NULL, 0945, 1, 'NULL', 'Agencia Central', NULL, NULL, NULL, NULL, NULL, NULL, NULL, NULL);
        INSERT INTO amortizations (amortization_id, amortizationable_id, amortizationable_type, date, amount, term, interest_rate, include_iva, include_insurance, payment, payment_frequency_id, amortization_method_id, is_payment_variable, interest_payment_frequency_id, last_payment, last_payment_date, comment) VALUES (NULL, 0945, 'loan', 'NULL', 500.0, 14, NULL, 1.95, False, NULL, NULL, NULL, NULL, NULL, '2024-10-28', '');

        INSERT INTO clients (client_id, employee_id, registration_date, client_type_id, first_name, second_name, first_surname, second_surname, married_name, family_status_id, phone_number, cellphone_number, email, identification_type_id, identification_number, nit_homologation) VALUES (NULL, 1, NOW(), 1, 'Elvis', 'Oswaldo', 'Molina', 'Rivera', , 1, 0, 0, 1, '', 'true');
        INSERT INTO loan_applications (loan_application_id, loan_application_number, application_date, agency_id, client_id, employee_id, destination_id, guarantee_type_id, amount, term, status) VALUES (0947, LPAD(0947, 8, '0'), 'NULL', 1, NULL, 1, NULL, 1, 800.0, 20, 'approved');
        INSERT INTO loans (loan_id, loan_number, loan_application_id, destination_id, approval_date, outlay_date, due_date, last_payment_date, next_payment_date, balance, status) VALUES (0947, LPAD(0947, 9, '0'), 0947, NULL, 'NULL', NULL, NULL, 'NULL', NULL, NULL, 'in_progress');
        INSERT INTO loan_deductions (loan_deduction_id, loan_id, financial_advice, iva_financial_advice, notarial_charges, registration_expenses, balance_cancellation, loan_cancellation_id, other_expenses, total_deductions, other_expenses_description) VALUES (0947, 0947, NULL, 2.08, 0, 0, 0, NULL, 0.0, NULL, '' );
        INSERT INTO outlay_conditions (outlay_condition_id, loan_id, type, date, place, amount, cash_to, check_to, bank, bank_account_number, bank_account_owner, local_account_number, local_account_owner) VALUES (NULL, 0947, 1, 'NULL', 'Agencia Central', NULL, NULL, NULL, NULL, NULL, NULL, NULL, NULL);
        INSERT INTO amortizations (amortization_id, amortizationable_id, amortizationable_type, date, amount, term, interest_rate, include_iva, include_insurance, payment, payment_frequency_id, amortization_method_id, is_payment_variable, interest_payment_frequency_id, last_payment, last_payment_date, comment) VALUES (NULL, 0947, 'loan', 'NULL', 800.0, 20, NULL, 2.08, False, NULL, NULL, NULL, NULL, NULL, 'NULL', '');

        INSERT INTO clients (client_id, employee_id, registration_date, client_type_id, first_name, second_name, first_surname, second_surname, married_name, family_status_id, phone_number, cellphone_number, email, identification_type_id, identification_number, nit_homologation) VALUES (NULL, 1, NOW(), 1, 'Josue', 'Daniel', 'Ramirez', 'Chavez', , 1, 0, 0, 1, '', 'true');
        INSERT INTO loan_applications (loan_application_id, loan_application_number, application_date, agency_id, client_id, employee_id, destination_id, guarantee_type_id, amount, term, status) VALUES (0949, LPAD(0949, 8, '0'), 'NULL', 1, NULL, 1, NULL, 1, 700.0, 24, 'approved');
        INSERT INTO loans (loan_id, loan_number, loan_application_id, destination_id, approval_date, outlay_date, due_date, last_payment_date, next_payment_date, balance, status) VALUES (0949, LPAD(0949, 9, '0'), 0949, NULL, 'NULL', NULL, NULL, '2024-10-21', NULL, 612.9200000000001, 'in_progress');
        INSERT INTO loan_deductions (loan_deduction_id, loan_id, financial_advice, iva_financial_advice, notarial_charges, registration_expenses, balance_cancellation, loan_cancellation_id, other_expenses, total_deductions, other_expenses_description) VALUES (0949, 0949, NULL, 2.73, 0, 0, 0, NULL, 0.0, NULL, '' );
        INSERT INTO outlay_conditions (outlay_condition_id, loan_id, type, date, place, amount, cash_to, check_to, bank, bank_account_number, bank_account_owner, local_account_number, local_account_owner) VALUES (NULL, 0949, 1, 'NULL', 'Agencia Central', NULL, NULL, NULL, NULL, NULL, NULL, NULL, NULL);
        INSERT INTO amortizations (amortization_id, amortizationable_id, amortizationable_type, date, amount, term, interest_rate, include_iva, include_insurance, payment, payment_frequency_id, amortization_method_id, is_payment_variable, interest_payment_frequency_id, last_payment, last_payment_date, comment) VALUES (NULL, 0949, 'loan', 'NULL', 700.0, 24, NULL, 2.73, False, NULL, NULL, NULL, NULL, NULL, '2024-10-21', '');

        INSERT INTO clients (client_id, employee_id, registration_date, client_type_id, first_name, second_name, first_surname, second_surname, married_name, family_status_id, phone_number, cellphone_number, email, identification_type_id, identification_number, nit_homologation) VALUES (NULL, 2, NOW(), 1, 'Kendy', 'Nohemy', 'Martinez', 'Trejo', , 1, 0, 0, 1, '', 'true');
        INSERT INTO loan_applications (loan_application_id, loan_application_number, application_date, agency_id, client_id, employee_id, destination_id, guarantee_type_id, amount, term, status) VALUES (0950, LPAD(0950, 8, '0'), 'NULL', 1, NULL, 2, NULL, 1, 500.0, 14, 'approved');
        INSERT INTO loans (loan_id, loan_number, loan_application_id, destination_id, approval_date, outlay_date, due_date, last_payment_date, next_payment_date, balance, status) VALUES (0950, LPAD(0950, 9, '0'), 0950, NULL, 'NULL', NULL, NULL, '2024-10-25', NULL, 190.34000000000006, 'in_progress');
        INSERT INTO loan_deductions (loan_deduction_id, loan_id, financial_advice, iva_financial_advice, notarial_charges, registration_expenses, balance_cancellation, loan_cancellation_id, other_expenses, total_deductions, other_expenses_description) VALUES (0950, 0950, NULL, 1.95, 0, 0, 0, NULL, 0.0, NULL, '' );
        INSERT INTO outlay_conditions (outlay_condition_id, loan_id, type, date, place, amount, cash_to, check_to, bank, bank_account_number, bank_account_owner, local_account_number, local_account_owner) VALUES (NULL, 0950, 1, 'NULL', 'Agencia Central', NULL, NULL, NULL, NULL, NULL, NULL, NULL, NULL);
        INSERT INTO amortizations (amortization_id, amortizationable_id, amortizationable_type, date, amount, term, interest_rate, include_iva, include_insurance, payment, payment_frequency_id, amortization_method_id, is_payment_variable, interest_payment_frequency_id, last_payment, last_payment_date, comment) VALUES (NULL, 0950, 'loan', 'NULL', 500.0, 14, NULL, 1.95, False, NULL, NULL, NULL, NULL, NULL, '2024-10-25', '');

        INSERT INTO clients (client_id, employee_id, registration_date, client_type_id, first_name, second_name, first_surname, second_surname, married_name, family_status_id, phone_number, cellphone_number, email, identification_type_id, identification_number, nit_homologation) VALUES (NULL, 2, NOW(), 1, 'Rocio', 'Ester', 'Hernandez', 'Abarca', , 1, 0, 0, 1, '', 'true');
        INSERT INTO loan_applications (loan_application_id, loan_application_number, application_date, agency_id, client_id, employee_id, destination_id, guarantee_type_id, amount, term, status) VALUES (0951, LPAD(0951, 8, '0'), 'NULL', 1, NULL, 2, NULL, 1, 1000.0, 12, 'approved');
        INSERT INTO loans (loan_id, loan_number, loan_application_id, destination_id, approval_date, outlay_date, due_date, last_payment_date, next_payment_date, balance, status) VALUES (0951, LPAD(0951, 9, '0'), 0951, NULL, 'NULL', NULL, NULL, '2024-10-25', NULL, 883.88, 'in_progress');
        INSERT INTO loan_deductions (loan_deduction_id, loan_id, financial_advice, iva_financial_advice, notarial_charges, registration_expenses, balance_cancellation, loan_cancellation_id, other_expenses, total_deductions, other_expenses_description) VALUES (0951, 0951, NULL, 3.9, 0, 0, 0, NULL, 0.0, NULL, '' );
        INSERT INTO outlay_conditions (outlay_condition_id, loan_id, type, date, place, amount, cash_to, check_to, bank, bank_account_number, bank_account_owner, local_account_number, local_account_owner) VALUES (NULL, 0951, 1, 'NULL', 'Agencia Central', NULL, NULL, NULL, NULL, NULL, NULL, NULL, NULL);
        INSERT INTO amortizations (amortization_id, amortizationable_id, amortizationable_type, date, amount, term, interest_rate, include_iva, include_insurance, payment, payment_frequency_id, amortization_method_id, is_payment_variable, interest_payment_frequency_id, last_payment, last_payment_date, comment) VALUES (NULL, 0951, 'loan', 'NULL', 1000.0, 12, NULL, 3.9, True, NULL, NULL, NULL, NULL, NULL, '2024-10-25', '');

        INSERT INTO clients (client_id, employee_id, registration_date, client_type_id, first_name, second_name, first_surname, second_surname, married_name, family_status_id, phone_number, cellphone_number, email, identification_type_id, identification_number, nit_homologation) VALUES (NULL, 2, NOW(), 1, 'Maria', 'Teresa', 'Milan', 'Renderos', , 1, 0, 0, 1, '', 'true');
        INSERT INTO loan_applications (loan_application_id, loan_application_number, application_date, agency_id, client_id, employee_id, destination_id, guarantee_type_id, amount, term, status) VALUES (0953, LPAD(0953, 8, '0'), 'NULL', 1, NULL, 2, NULL, 1, 200.0, 14, 'approved');
        INSERT INTO loans (loan_id, loan_number, loan_application_id, destination_id, approval_date, outlay_date, due_date, last_payment_date, next_payment_date, balance, status) VALUES (0953, LPAD(0953, 9, '0'), 0953, NULL, 'NULL', NULL, NULL, '2024-10-26', NULL, 74.94999999999999, 'in_progress');
        INSERT INTO loan_deductions (loan_deduction_id, loan_id, financial_advice, iva_financial_advice, notarial_charges, registration_expenses, balance_cancellation, loan_cancellation_id, other_expenses, total_deductions, other_expenses_description) VALUES (0953, 0953, NULL, 0.78, 0, 0, 0, NULL, 0.0, NULL, '' );
        INSERT INTO outlay_conditions (outlay_condition_id, loan_id, type, date, place, amount, cash_to, check_to, bank, bank_account_number, bank_account_owner, local_account_number, local_account_owner) VALUES (NULL, 0953, 1, 'NULL', 'Agencia Central', NULL, NULL, NULL, NULL, NULL, NULL, NULL, NULL);
        INSERT INTO amortizations (amortization_id, amortizationable_id, amortizationable_type, date, amount, term, interest_rate, include_iva, include_insurance, payment, payment_frequency_id, amortization_method_id, is_payment_variable, interest_payment_frequency_id, last_payment, last_payment_date, comment) VALUES (NULL, 0953, 'loan', 'NULL', 200.0, 14, NULL, 0.78, False, NULL, NULL, NULL, NULL, NULL, '2024-10-26', '');

        INSERT INTO clients (client_id, employee_id, registration_date, client_type_id, first_name, second_name, first_surname, second_surname, married_name, family_status_id, phone_number, cellphone_number, email, identification_type_id, identification_number, nit_homologation) VALUES (NULL, 2, NOW(), 1, 'Lesly', 'Yamileth', 'Aguirre', 'Garcia', , 1, 0, 0, 1, '', 'true');
        INSERT INTO loan_applications (loan_application_id, loan_application_number, application_date, agency_id, client_id, employee_id, destination_id, guarantee_type_id, amount, term, status) VALUES (0954, LPAD(0954, 8, '0'), 'NULL', 1, NULL, 2, NULL, 1, 500.0, 8, 'approved');
        INSERT INTO loans (loan_id, loan_number, loan_application_id, destination_id, approval_date, outlay_date, due_date, last_payment_date, next_payment_date, balance, status) VALUES (0954, LPAD(0954, 9, '0'), 0954, NULL, 'NULL', NULL, NULL, '2024-10-25', NULL, 265.15999999999997, 'in_progress');
        INSERT INTO loan_deductions (loan_deduction_id, loan_id, financial_advice, iva_financial_advice, notarial_charges, registration_expenses, balance_cancellation, loan_cancellation_id, other_expenses, total_deductions, other_expenses_description) VALUES (0954, 0954, NULL, 1.95, 0, 0, 0, NULL, 0.0, NULL, '' );
        INSERT INTO outlay_conditions (outlay_condition_id, loan_id, type, date, place, amount, cash_to, check_to, bank, bank_account_number, bank_account_owner, local_account_number, local_account_owner) VALUES (NULL, 0954, 1, 'NULL', 'Agencia Central', NULL, NULL, NULL, NULL, NULL, NULL, NULL, NULL);
        INSERT INTO amortizations (amortization_id, amortizationable_id, amortizationable_type, date, amount, term, interest_rate, include_iva, include_insurance, payment, payment_frequency_id, amortization_method_id, is_payment_variable, interest_payment_frequency_id, last_payment, last_payment_date, comment) VALUES (NULL, 0954, 'loan', 'NULL', 500.0, 8, NULL, 1.95, False, NULL, NULL, NULL, NULL, NULL, '2024-10-25', '');

        INSERT INTO clients (client_id, employee_id, registration_date, client_type_id, first_name, second_name, first_surname, second_surname, married_name, family_status_id, phone_number, cellphone_number, email, identification_type_id, identification_number, nit_homologation) VALUES (NULL, 1, NOW(), 1, 'Dina', 'Sonia', 'Ayala', 'De', Melendez, 1, 0, 0, 1, '', 'true');
        INSERT INTO loan_applications (loan_application_id, loan_application_number, application_date, agency_id, client_id, employee_id, destination_id, guarantee_type_id, amount, term, status) VALUES (0960, LPAD(0960, 8, '0'), 'NULL', 1, NULL, 1, NULL, 1, 800.0, 12, 'approved');
        INSERT INTO loans (loan_id, loan_number, loan_application_id, destination_id, approval_date, outlay_date, due_date, last_payment_date, next_payment_date, balance, status) VALUES (0960, LPAD(0960, 9, '0'), 0960, NULL, 'NULL', NULL, NULL, '2024-10-29', NULL, 556.62, 'in_progress');
        INSERT INTO loan_deductions (loan_deduction_id, loan_id, financial_advice, iva_financial_advice, notarial_charges, registration_expenses, balance_cancellation, loan_cancellation_id, other_expenses, total_deductions, other_expenses_description) VALUES (0960, 0960, NULL, 3.12, 0, 0, 0, NULL, 0.0, NULL, '' );
        INSERT INTO outlay_conditions (outlay_condition_id, loan_id, type, date, place, amount, cash_to, check_to, bank, bank_account_number, bank_account_owner, local_account_number, local_account_owner) VALUES (NULL, 0960, 1, 'NULL', 'Agencia Central', NULL, NULL, NULL, NULL, NULL, NULL, NULL, NULL);
        INSERT INTO amortizations (amortization_id, amortizationable_id, amortizationable_type, date, amount, term, interest_rate, include_iva, include_insurance, payment, payment_frequency_id, amortization_method_id, is_payment_variable, interest_payment_frequency_id, last_payment, last_payment_date, comment) VALUES (NULL, 0960, 'loan', 'NULL', 800.0, 12, NULL, 3.12, False, NULL, NULL, NULL, NULL, NULL, '2024-10-29', '');

        INSERT INTO clients (client_id, employee_id, registration_date, client_type_id, first_name, second_name, first_surname, second_surname, married_name, family_status_id, phone_number, cellphone_number, email, identification_type_id, identification_number, nit_homologation) VALUES (NULL, 1, NOW(), 1, 'Ana', 'Elizabeth', 'Melgar', 'Vasquez', , 1, 0, 0, 1, '', 'true');
        INSERT INTO loan_applications (loan_application_id, loan_application_number, application_date, agency_id, client_id, employee_id, destination_id, guarantee_type_id, amount, term, status) VALUES (0964, LPAD(0964, 8, '0'), 'NULL', 1, NULL, 1, NULL, 1, 500.0, 14, 'approved');
        INSERT INTO loans (loan_id, loan_number, loan_application_id, destination_id, approval_date, outlay_date, due_date, last_payment_date, next_payment_date, balance, status) VALUES (0964, LPAD(0964, 9, '0'), 0964, NULL, 'NULL', NULL, NULL, '2024-10-25', NULL, 224.43999999999994, 'in_progress');
        INSERT INTO loan_deductions (loan_deduction_id, loan_id, financial_advice, iva_financial_advice, notarial_charges, registration_expenses, balance_cancellation, loan_cancellation_id, other_expenses, total_deductions, other_expenses_description) VALUES (0964, 0964, NULL, 1.95, 0, 0, 0, NULL, 0.0, NULL, '' );
        INSERT INTO outlay_conditions (outlay_condition_id, loan_id, type, date, place, amount, cash_to, check_to, bank, bank_account_number, bank_account_owner, local_account_number, local_account_owner) VALUES (NULL, 0964, 1, 'NULL', 'Agencia Central', NULL, NULL, NULL, NULL, NULL, NULL, NULL, NULL);
        INSERT INTO amortizations (amortization_id, amortizationable_id, amortizationable_type, date, amount, term, interest_rate, include_iva, include_insurance, payment, payment_frequency_id, amortization_method_id, is_payment_variable, interest_payment_frequency_id, last_payment, last_payment_date, comment) VALUES (NULL, 0964, 'loan', 'NULL', 500.0, 14, NULL, 1.95, False, NULL, NULL, NULL, NULL, NULL, '2024-10-25', '');

        INSERT INTO clients (client_id, employee_id, registration_date, client_type_id, first_name, second_name, first_surname, second_surname, married_name, family_status_id, phone_number, cellphone_number, email, identification_type_id, identification_number, nit_homologation) VALUES (NULL, 1, NOW(), 1, 'Glenda', 'Beatriz', 'Alferez', 'Perez', , 1, 0, 0, 1, '', 'true');
        INSERT INTO loan_applications (loan_application_id, loan_application_number, application_date, agency_id, client_id, employee_id, destination_id, guarantee_type_id, amount, term, status) VALUES (0965, LPAD(0965, 8, '0'), 'NULL', 1, NULL, 1, NULL, 1, 300.0, 14, 'approved');
        INSERT INTO loans (loan_id, loan_number, loan_application_id, destination_id, approval_date, outlay_date, due_date, last_payment_date, next_payment_date, balance, status) VALUES (0965, LPAD(0965, 9, '0'), 0965, NULL, 'NULL', NULL, NULL, '2024-10-25', NULL, 128.48000000000005, 'in_progress');
        INSERT INTO loan_deductions (loan_deduction_id, loan_id, financial_advice, iva_financial_advice, notarial_charges, registration_expenses, balance_cancellation, loan_cancellation_id, other_expenses, total_deductions, other_expenses_description) VALUES (0965, 0965, NULL, 1.17, 0, 0, 0, NULL, 0.0, NULL, '' );
        INSERT INTO outlay_conditions (outlay_condition_id, loan_id, type, date, place, amount, cash_to, check_to, bank, bank_account_number, bank_account_owner, local_account_number, local_account_owner) VALUES (NULL, 0965, 1, 'NULL', 'Agencia Central', NULL, NULL, NULL, NULL, NULL, NULL, NULL, NULL);
        INSERT INTO amortizations (amortization_id, amortizationable_id, amortizationable_type, date, amount, term, interest_rate, include_iva, include_insurance, payment, payment_frequency_id, amortization_method_id, is_payment_variable, interest_payment_frequency_id, last_payment, last_payment_date, comment) VALUES (NULL, 0965, 'loan', 'NULL', 300.0, 14, NULL, 1.17, False, NULL, NULL, NULL, NULL, NULL, '2024-10-25', '');

        INSERT INTO clients (client_id, employee_id, registration_date, client_type_id, first_name, second_name, first_surname, second_surname, married_name, family_status_id, phone_number, cellphone_number, email, identification_type_id, identification_number, nit_homologation) VALUES (NULL, 2, NOW(), 1, 'Juana', 'Isolina', 'Paredes', 'Hernandez', , 1, 0, 0, 1, '', 'true');
        INSERT INTO loan_applications (loan_application_id, loan_application_number, application_date, agency_id, client_id, employee_id, destination_id, guarantee_type_id, amount, term, status) VALUES (0966, LPAD(0966, 8, '0'), 'NULL', 1, NULL, 2, NULL, 1, 600.0, 8, 'approved');
        INSERT INTO loans (loan_id, loan_number, loan_application_id, destination_id, approval_date, outlay_date, due_date, last_payment_date, next_payment_date, balance, status) VALUES (0966, LPAD(0966, 9, '0'), 0966, NULL, 'NULL', NULL, NULL, '2024-10-30', NULL, 319.06, 'in_progress');
        INSERT INTO loan_deductions (loan_deduction_id, loan_id, financial_advice, iva_financial_advice, notarial_charges, registration_expenses, balance_cancellation, loan_cancellation_id, other_expenses, total_deductions, other_expenses_description) VALUES (0966, 0966, NULL, 2.34, 0, 0, 0, NULL, 0.0, NULL, '' );
        INSERT INTO outlay_conditions (outlay_condition_id, loan_id, type, date, place, amount, cash_to, check_to, bank, bank_account_number, bank_account_owner, local_account_number, local_account_owner) VALUES (NULL, 0966, 1, 'NULL', 'Agencia Central', NULL, NULL, NULL, NULL, NULL, NULL, NULL, NULL);
        INSERT INTO amortizations (amortization_id, amortizationable_id, amortizationable_type, date, amount, term, interest_rate, include_iva, include_insurance, payment, payment_frequency_id, amortization_method_id, is_payment_variable, interest_payment_frequency_id, last_payment, last_payment_date, comment) VALUES (NULL, 0966, 'loan', 'NULL', 600.0, 8, NULL, 2.34, False, NULL, NULL, NULL, NULL, NULL, '2024-10-30', '');

        INSERT INTO clients (client_id, employee_id, registration_date, client_type_id, first_name, second_name, first_surname, second_surname, married_name, family_status_id, phone_number, cellphone_number, email, identification_type_id, identification_number, nit_homologation) VALUES (NULL, 1, NOW(), 1, 'Katya', 'Lizeth', 'Cruz', 'Aleman', , 1, 0, 0, 1, '', 'true');
        INSERT INTO loan_applications (loan_application_id, loan_application_number, application_date, agency_id, client_id, employee_id, destination_id, guarantee_type_id, amount, term, status) VALUES (0968, LPAD(0968, 8, '0'), 'NULL', 1, NULL, 1, NULL, 1, 1000.0, 20, 'approved');
        INSERT INTO loans (loan_id, loan_number, loan_application_id, destination_id, approval_date, outlay_date, due_date, last_payment_date, next_payment_date, balance, status) VALUES (0968, LPAD(0968, 9, '0'), 0968, NULL, 'NULL', NULL, NULL, '2024-10-30', NULL, 850.89, 'in_progress');
        INSERT INTO loan_deductions (loan_deduction_id, loan_id, financial_advice, iva_financial_advice, notarial_charges, registration_expenses, balance_cancellation, loan_cancellation_id, other_expenses, total_deductions, other_expenses_description) VALUES (0968, 0968, NULL, 3.9, 0, 0, 0, NULL, 0.0, NULL, '' );
        INSERT INTO outlay_conditions (outlay_condition_id, loan_id, type, date, place, amount, cash_to, check_to, bank, bank_account_number, bank_account_owner, local_account_number, local_account_owner) VALUES (NULL, 0968, 1, 'NULL', 'Agencia Central', NULL, NULL, NULL, NULL, NULL, NULL, NULL, NULL);
        INSERT INTO amortizations (amortization_id, amortizationable_id, amortizationable_type, date, amount, term, interest_rate, include_iva, include_insurance, payment, payment_frequency_id, amortization_method_id, is_payment_variable, interest_payment_frequency_id, last_payment, last_payment_date, comment) VALUES (NULL, 0968, 'loan', 'NULL', 1000.0, 20, NULL, 3.9, False, NULL, NULL, NULL, NULL, NULL, '2024-10-30', '');

        INSERT INTO clients (client_id, employee_id, registration_date, client_type_id, first_name, second_name, first_surname, second_surname, married_name, family_status_id, phone_number, cellphone_number, email, identification_type_id, identification_number, nit_homologation) VALUES (NULL, 2, NOW(), 1, 'Roxana', 'Carolina', 'Galeano', 'De', Monterroza, 1, 0, 0, 1, '', 'true');
        INSERT INTO loan_applications (loan_application_id, loan_application_number, application_date, agency_id, client_id, employee_id, destination_id, guarantee_type_id, amount, term, status) VALUES (0969, LPAD(0969, 8, '0'), 'NULL', 1, NULL, 2, NULL, 1, 1000.0, 24, 'approved');
        INSERT INTO loans (loan_id, loan_number, loan_application_id, destination_id, approval_date, outlay_date, due_date, last_payment_date, next_payment_date, balance, status) VALUES (0969, LPAD(0969, 9, '0'), 0969, NULL, 'NULL', NULL, NULL, '2024-10-30', NULL, 882.79, 'in_progress');
        INSERT INTO loan_deductions (loan_deduction_id, loan_id, financial_advice, iva_financial_advice, notarial_charges, registration_expenses, balance_cancellation, loan_cancellation_id, other_expenses, total_deductions, other_expenses_description) VALUES (0969, 0969, NULL, 3.9, 0, 0, 0, NULL, 0.0, NULL, '' );
        INSERT INTO outlay_conditions (outlay_condition_id, loan_id, type, date, place, amount, cash_to, check_to, bank, bank_account_number, bank_account_owner, local_account_number, local_account_owner) VALUES (NULL, 0969, 1, 'NULL', 'Agencia Central', NULL, NULL, NULL, NULL, NULL, NULL, NULL, NULL);
        INSERT INTO amortizations (amortization_id, amortizationable_id, amortizationable_type, date, amount, term, interest_rate, include_iva, include_insurance, payment, payment_frequency_id, amortization_method_id, is_payment_variable, interest_payment_frequency_id, last_payment, last_payment_date, comment) VALUES (NULL, 0969, 'loan', 'NULL', 1000.0, 24, NULL, 3.9, False, NULL, NULL, NULL, NULL, NULL, '2024-10-30', '');

        INSERT INTO clients (client_id, employee_id, registration_date, client_type_id, first_name, second_name, first_surname, second_surname, married_name, family_status_id, phone_number, cellphone_number, email, identification_type_id, identification_number, nit_homologation) VALUES (NULL, 1, NOW(), 1, 'Norma', 'Yesenia', 'Guevara', 'De', Contreras, 1, 0, 0, 1, '', 'true');
        INSERT INTO loan_applications (loan_application_id, loan_application_number, application_date, agency_id, client_id, employee_id, destination_id, guarantee_type_id, amount, term, status) VALUES (0970, LPAD(0970, 8, '0'), 'NULL', 1, NULL, 1, NULL, 1, 300.0, 8, 'approved');
        INSERT INTO loans (loan_id, loan_number, loan_application_id, destination_id, approval_date, outlay_date, due_date, last_payment_date, next_payment_date, balance, status) VALUES (0970, LPAD(0970, 9, '0'), 0970, NULL, 'NULL', NULL, NULL, '2024-09-15', NULL, 266.62, 'in_progress');
        INSERT INTO loan_deductions (loan_deduction_id, loan_id, financial_advice, iva_financial_advice, notarial_charges, registration_expenses, balance_cancellation, loan_cancellation_id, other_expenses, total_deductions, other_expenses_description) VALUES (0970, 0970, NULL, 1.17, 0, 0, 0, NULL, 0.0, NULL, '' );
        INSERT INTO outlay_conditions (outlay_condition_id, loan_id, type, date, place, amount, cash_to, check_to, bank, bank_account_number, bank_account_owner, local_account_number, local_account_owner) VALUES (NULL, 0970, 1, 'NULL', 'Agencia Central', NULL, NULL, NULL, NULL, NULL, NULL, NULL, NULL);
        INSERT INTO amortizations (amortization_id, amortizationable_id, amortizationable_type, date, amount, term, interest_rate, include_iva, include_insurance, payment, payment_frequency_id, amortization_method_id, is_payment_variable, interest_payment_frequency_id, last_payment, last_payment_date, comment) VALUES (NULL, 0970, 'loan', 'NULL', 300.0, 8, NULL, 1.17, False, NULL, NULL, NULL, NULL, NULL, '2024-09-15', '');

        INSERT INTO clients (client_id, employee_id, registration_date, client_type_id, first_name, second_name, first_surname, second_surname, married_name, family_status_id, phone_number, cellphone_number, email, identification_type_id, identification_number, nit_homologation) VALUES (NULL, 1, NOW(), 1, 'Katia', 'Liseth', 'Cerna', '', , 1, 0, 0, 1, '', 'true');
        INSERT INTO loan_applications (loan_application_id, loan_application_number, application_date, agency_id, client_id, employee_id, destination_id, guarantee_type_id, amount, term, status) VALUES (0971, LPAD(0971, 8, '0'), 'NULL', 1, NULL, 1, NULL, 1, 385.29, 16, 'approved');
        INSERT INTO loans (loan_id, loan_number, loan_application_id, destination_id, approval_date, outlay_date, due_date, last_payment_date, next_payment_date, balance, status) VALUES (0971, LPAD(0971, 9, '0'), 0971, NULL, 'NULL', NULL, NULL, '2024-09-21', NULL, 319.33, 'in_progress');
        INSERT INTO loan_deductions (loan_deduction_id, loan_id, financial_advice, iva_financial_advice, notarial_charges, registration_expenses, balance_cancellation, loan_cancellation_id, other_expenses, total_deductions, other_expenses_description) VALUES (0971, 0971, NULL, 1.45, 0, 0, 0, NULL, 0.0, NULL, '' );
        INSERT INTO outlay_conditions (outlay_condition_id, loan_id, type, date, place, amount, cash_to, check_to, bank, bank_account_number, bank_account_owner, local_account_number, local_account_owner) VALUES (NULL, 0971, 1, 'NULL', 'Agencia Central', NULL, NULL, NULL, NULL, NULL, NULL, NULL, NULL);
        INSERT INTO amortizations (amortization_id, amortizationable_id, amortizationable_type, date, amount, term, interest_rate, include_iva, include_insurance, payment, payment_frequency_id, amortization_method_id, is_payment_variable, interest_payment_frequency_id, last_payment, last_payment_date, comment) VALUES (NULL, 0971, 'loan', 'NULL', 385.29, 16, NULL, 1.45, False, NULL, NULL, NULL, NULL, NULL, '2024-09-21', '');

        INSERT INTO clients (client_id, employee_id, registration_date, client_type_id, first_name, second_name, first_surname, second_surname, married_name, family_status_id, phone_number, cellphone_number, email, identification_type_id, identification_number, nit_homologation) VALUES (NULL, 2, NOW(), 1, 'Anabel', 'Pichinte', 'Mendoza', '', , 1, 0, 0, 1, '', 'true');
        INSERT INTO loan_applications (loan_application_id, loan_application_number, application_date, agency_id, client_id, employee_id, destination_id, guarantee_type_id, amount, term, status) VALUES (0972, LPAD(0972, 8, '0'), 'NULL', 1, NULL, 2, NULL, 1, 300.0, 14, 'approved');
        INSERT INTO loans (loan_id, loan_number, loan_application_id, destination_id, approval_date, outlay_date, due_date, last_payment_date, next_payment_date, balance, status) VALUES (0972, LPAD(0972, 9, '0'), 0972, NULL, 'NULL', NULL, NULL, '2024-10-30', NULL, 134.45, 'in_progress');
        INSERT INTO loan_deductions (loan_deduction_id, loan_id, financial_advice, iva_financial_advice, notarial_charges, registration_expenses, balance_cancellation, loan_cancellation_id, other_expenses, total_deductions, other_expenses_description) VALUES (0972, 0972, NULL, 1.17, 0, 0, 0, NULL, 0.0, NULL, '' );
        INSERT INTO outlay_conditions (outlay_condition_id, loan_id, type, date, place, amount, cash_to, check_to, bank, bank_account_number, bank_account_owner, local_account_number, local_account_owner) VALUES (NULL, 0972, 1, 'NULL', 'Agencia Central', NULL, NULL, NULL, NULL, NULL, NULL, NULL, NULL);
        INSERT INTO amortizations (amortization_id, amortizationable_id, amortizationable_type, date, amount, term, interest_rate, include_iva, include_insurance, payment, payment_frequency_id, amortization_method_id, is_payment_variable, interest_payment_frequency_id, last_payment, last_payment_date, comment) VALUES (NULL, 0972, 'loan', 'NULL', 300.0, 14, NULL, 1.17, False, NULL, NULL, NULL, NULL, NULL, '2024-10-30', '');

        INSERT INTO clients (client_id, employee_id, registration_date, client_type_id, first_name, second_name, first_surname, second_surname, married_name, family_status_id, phone_number, cellphone_number, email, identification_type_id, identification_number, nit_homologation) VALUES (NULL, 1, NOW(), 1, 'Nidia', 'Yamileth', 'Portillo', 'Araujo', , 1, 0, 0, 1, '', 'true');
        INSERT INTO loan_applications (loan_application_id, loan_application_number, application_date, agency_id, client_id, employee_id, destination_id, guarantee_type_id, amount, term, status) VALUES (0973, LPAD(0973, 8, '0'), 'NULL', 1, NULL, 1, NULL, 1, 400.0, 14, 'approved');
        INSERT INTO loans (loan_id, loan_number, loan_application_id, destination_id, approval_date, outlay_date, due_date, last_payment_date, next_payment_date, balance, status) VALUES (0973, LPAD(0973, 9, '0'), 0973, NULL, 'NULL', NULL, NULL, '2024-10-26', NULL, 208.00000000000003, 'in_progress');
        INSERT INTO loan_deductions (loan_deduction_id, loan_id, financial_advice, iva_financial_advice, notarial_charges, registration_expenses, balance_cancellation, loan_cancellation_id, other_expenses, total_deductions, other_expenses_description) VALUES (0973, 0973, NULL, 1.56, 0, 0, 0, NULL, 0.0, NULL, '' );
        INSERT INTO outlay_conditions (outlay_condition_id, loan_id, type, date, place, amount, cash_to, check_to, bank, bank_account_number, bank_account_owner, local_account_number, local_account_owner) VALUES (NULL, 0973, 1, 'NULL', 'Agencia Central', NULL, NULL, NULL, NULL, NULL, NULL, NULL, NULL);
        INSERT INTO amortizations (amortization_id, amortizationable_id, amortizationable_type, date, amount, term, interest_rate, include_iva, include_insurance, payment, payment_frequency_id, amortization_method_id, is_payment_variable, interest_payment_frequency_id, last_payment, last_payment_date, comment) VALUES (NULL, 0973, 'loan', 'NULL', 400.0, 14, NULL, 1.56, False, NULL, NULL, NULL, NULL, NULL, '2024-10-26', '');

        INSERT INTO clients (client_id, employee_id, registration_date, client_type_id, first_name, second_name, first_surname, second_surname, married_name, family_status_id, phone_number, cellphone_number, email, identification_type_id, identification_number, nit_homologation) VALUES (NULL, 1, NOW(), 1, 'Emma', 'Sanchez', 'De', 'Argueta', Argueta, 1, 0, 0, 1, '', 'true');
        INSERT INTO loan_applications (loan_application_id, loan_application_number, application_date, agency_id, client_id, employee_id, destination_id, guarantee_type_id, amount, term, status) VALUES (0974, LPAD(0974, 8, '0'), 'NULL', 1, NULL, 1, NULL, 1, 1000.0, 12, 'approved');
        INSERT INTO loans (loan_id, loan_number, loan_application_id, destination_id, approval_date, outlay_date, due_date, last_payment_date, next_payment_date, balance, status) VALUES (0974, LPAD(0974, 9, '0'), 0974, NULL, 'NULL', NULL, NULL, '2024-10-20', NULL, 780.4399999999999, 'in_progress');
        INSERT INTO loan_deductions (loan_deduction_id, loan_id, financial_advice, iva_financial_advice, notarial_charges, registration_expenses, balance_cancellation, loan_cancellation_id, other_expenses, total_deductions, other_expenses_description) VALUES (0974, 0974, NULL, 3.9, 0, 0, 0, NULL, 0.0, NULL, '' );
        INSERT INTO outlay_conditions (outlay_condition_id, loan_id, type, date, place, amount, cash_to, check_to, bank, bank_account_number, bank_account_owner, local_account_number, local_account_owner) VALUES (NULL, 0974, 1, 'NULL', 'Agencia Central', NULL, NULL, NULL, NULL, NULL, NULL, NULL, NULL);
        INSERT INTO amortizations (amortization_id, amortizationable_id, amortizationable_type, date, amount, term, interest_rate, include_iva, include_insurance, payment, payment_frequency_id, amortization_method_id, is_payment_variable, interest_payment_frequency_id, last_payment, last_payment_date, comment) VALUES (NULL, 0974, 'loan', 'NULL', 1000.0, 12, NULL, 3.9, False, NULL, NULL, NULL, NULL, NULL, '2024-10-20', '');

        INSERT INTO clients (client_id, employee_id, registration_date, client_type_id, first_name, second_name, first_surname, second_surname, married_name, family_status_id, phone_number, cellphone_number, email, identification_type_id, identification_number, nit_homologation) VALUES (NULL, 2, NOW(), 1, 'Sofia', 'Alejandra', 'Palma', 'Garcia', , 1, 0, 0, 1, '', 'true');
        INSERT INTO loan_applications (loan_application_id, loan_application_number, application_date, agency_id, client_id, employee_id, destination_id, guarantee_type_id, amount, term, status) VALUES (0976, LPAD(0976, 8, '0'), 'NULL', 1, NULL, 2, NULL, 1, 1500.0, 10, 'approved');
        INSERT INTO loans (loan_id, loan_number, loan_application_id, destination_id, approval_date, outlay_date, due_date, last_payment_date, next_payment_date, balance, status) VALUES (0976, LPAD(0976, 9, '0'), 0976, NULL, 'NULL', NULL, NULL, '2024-10-18', NULL, 1390.0, 'in_progress');
        INSERT INTO loan_deductions (loan_deduction_id, loan_id, financial_advice, iva_financial_advice, notarial_charges, registration_expenses, balance_cancellation, loan_cancellation_id, other_expenses, total_deductions, other_expenses_description) VALUES (0976, 0976, NULL, 5.85, 0, 0, 0, NULL, 0.0, NULL, '' );
        INSERT INTO outlay_conditions (outlay_condition_id, loan_id, type, date, place, amount, cash_to, check_to, bank, bank_account_number, bank_account_owner, local_account_number, local_account_owner) VALUES (NULL, 0976, 1, 'NULL', 'Agencia Central', NULL, NULL, NULL, NULL, NULL, NULL, NULL, NULL);
        INSERT INTO amortizations (amortization_id, amortizationable_id, amortizationable_type, date, amount, term, interest_rate, include_iva, include_insurance, payment, payment_frequency_id, amortization_method_id, is_payment_variable, interest_payment_frequency_id, last_payment, last_payment_date, comment) VALUES (NULL, 0976, 'loan', 'NULL', 1500.0, 10, NULL, 5.85, False, NULL, NULL, NULL, NULL, NULL, '2024-10-18', '');

        INSERT INTO clients (client_id, employee_id, registration_date, client_type_id, first_name, second_name, first_surname, second_surname, married_name, family_status_id, phone_number, cellphone_number, email, identification_type_id, identification_number, nit_homologation) VALUES (NULL, 1, NOW(), 1, 'Meybel', 'Maricela', 'Flores', 'De', Mauricio, 1, 0, 0, 1, '', 'true');
        INSERT INTO loan_applications (loan_application_id, loan_application_number, application_date, agency_id, client_id, employee_id, destination_id, guarantee_type_id, amount, term, status) VALUES (0977, LPAD(0977, 8, '0'), 'NULL', 1, NULL, 1, NULL, 1, 500.0, 14, 'approved');
        INSERT INTO loans (loan_id, loan_number, loan_application_id, destination_id, approval_date, outlay_date, due_date, last_payment_date, next_payment_date, balance, status) VALUES (0977, LPAD(0977, 9, '0'), 0977, NULL, 'NULL', NULL, NULL, '2024-10-25', NULL, 229.51000000000005, 'in_progress');
        INSERT INTO loan_deductions (loan_deduction_id, loan_id, financial_advice, iva_financial_advice, notarial_charges, registration_expenses, balance_cancellation, loan_cancellation_id, other_expenses, total_deductions, other_expenses_description) VALUES (0977, 0977, NULL, 1.95, 0, 0, 0, NULL, 0.0, NULL, '' );
        INSERT INTO outlay_conditions (outlay_condition_id, loan_id, type, date, place, amount, cash_to, check_to, bank, bank_account_number, bank_account_owner, local_account_number, local_account_owner) VALUES (NULL, 0977, 1, 'NULL', 'Agencia Central', NULL, NULL, NULL, NULL, NULL, NULL, NULL, NULL);
        INSERT INTO amortizations (amortization_id, amortizationable_id, amortizationable_type, date, amount, term, interest_rate, include_iva, include_insurance, payment, payment_frequency_id, amortization_method_id, is_payment_variable, interest_payment_frequency_id, last_payment, last_payment_date, comment) VALUES (NULL, 0977, 'loan', 'NULL', 500.0, 14, NULL, 1.95, False, NULL, NULL, NULL, NULL, NULL, '2024-10-25', '');

        INSERT INTO clients (client_id, employee_id, registration_date, client_type_id, first_name, second_name, first_surname, second_surname, married_name, family_status_id, phone_number, cellphone_number, email, identification_type_id, identification_number, nit_homologation) VALUES (NULL, 1, NOW(), 1, 'Ana', 'Daysi', 'Ortiz', 'De', Avalos, 1, 0, 0, 1, '', 'true');
        INSERT INTO loan_applications (loan_application_id, loan_application_number, application_date, agency_id, client_id, employee_id, destination_id, guarantee_type_id, amount, term, status) VALUES (0978, LPAD(0978, 8, '0'), 'NULL', 1, NULL, 1, NULL, 1, 300.0, 14, 'approved');
        INSERT INTO loans (loan_id, loan_number, loan_application_id, destination_id, approval_date, outlay_date, due_date, last_payment_date, next_payment_date, balance, status) VALUES (0978, LPAD(0978, 9, '0'), 0978, NULL, 'NULL', NULL, NULL, '2024-10-25', NULL, 157.73, 'in_progress');
        INSERT INTO loan_deductions (loan_deduction_id, loan_id, financial_advice, iva_financial_advice, notarial_charges, registration_expenses, balance_cancellation, loan_cancellation_id, other_expenses, total_deductions, other_expenses_description) VALUES (0978, 0978, NULL, 1.17, 0, 0, 0, NULL, 0.0, NULL, '' );
        INSERT INTO outlay_conditions (outlay_condition_id, loan_id, type, date, place, amount, cash_to, check_to, bank, bank_account_number, bank_account_owner, local_account_number, local_account_owner) VALUES (NULL, 0978, 1, 'NULL', 'Agencia Central', NULL, NULL, NULL, NULL, NULL, NULL, NULL, NULL);
        INSERT INTO amortizations (amortization_id, amortizationable_id, amortizationable_type, date, amount, term, interest_rate, include_iva, include_insurance, payment, payment_frequency_id, amortization_method_id, is_payment_variable, interest_payment_frequency_id, last_payment, last_payment_date, comment) VALUES (NULL, 0978, 'loan', 'NULL', 300.0, 14, NULL, 1.17, False, NULL, NULL, NULL, NULL, NULL, '2024-10-25', '');

        INSERT INTO clients (client_id, employee_id, registration_date, client_type_id, first_name, second_name, first_surname, second_surname, married_name, family_status_id, phone_number, cellphone_number, email, identification_type_id, identification_number, nit_homologation) VALUES (NULL, 2, NOW(), 1, 'Esmeralda', 'Melendez', 'De', 'Contreras', Contreras, 1, 0, 0, 1, '', 'true');
        INSERT INTO loan_applications (loan_application_id, loan_application_number, application_date, agency_id, client_id, employee_id, destination_id, guarantee_type_id, amount, term, status) VALUES (0979, LPAD(0979, 8, '0'), 'NULL', 1, NULL, 2, NULL, 1, 600.0, 10, 'approved');
        INSERT INTO loans (loan_id, loan_number, loan_application_id, destination_id, approval_date, outlay_date, due_date, last_payment_date, next_payment_date, balance, status) VALUES (0979, LPAD(0979, 9, '0'), 0979, NULL, 'NULL', NULL, NULL, '2024-10-21', NULL, 440.44, 'in_progress');
        INSERT INTO loan_deductions (loan_deduction_id, loan_id, financial_advice, iva_financial_advice, notarial_charges, registration_expenses, balance_cancellation, loan_cancellation_id, other_expenses, total_deductions, other_expenses_description) VALUES (0979, 0979, NULL, 2.34, 0, 0, 0, NULL, 0.0, NULL, '' );
        INSERT INTO outlay_conditions (outlay_condition_id, loan_id, type, date, place, amount, cash_to, check_to, bank, bank_account_number, bank_account_owner, local_account_number, local_account_owner) VALUES (NULL, 0979, 1, 'NULL', 'Agencia Central', NULL, NULL, NULL, NULL, NULL, NULL, NULL, NULL);
        INSERT INTO amortizations (amortization_id, amortizationable_id, amortizationable_type, date, amount, term, interest_rate, include_iva, include_insurance, payment, payment_frequency_id, amortization_method_id, is_payment_variable, interest_payment_frequency_id, last_payment, last_payment_date, comment) VALUES (NULL, 0979, 'loan', 'NULL', 600.0, 10, NULL, 2.34, False, NULL, NULL, NULL, NULL, NULL, '2024-10-21', '');

        INSERT INTO clients (client_id, employee_id, registration_date, client_type_id, first_name, second_name, first_surname, second_surname, married_name, family_status_id, phone_number, cellphone_number, email, identification_type_id, identification_number, nit_homologation) VALUES (NULL, 1, NOW(), 1, 'Nereyda', 'Areli', 'Pineda', 'Borja', , 1, 0, 0, 1, '', 'true');
        INSERT INTO loan_applications (loan_application_id, loan_application_number, application_date, agency_id, client_id, employee_id, destination_id, guarantee_type_id, amount, term, status) VALUES (0980, LPAD(0980, 8, '0'), 'NULL', 1, NULL, 1, NULL, 1, 500.0, 14, 'approved');
        INSERT INTO loans (loan_id, loan_number, loan_application_id, destination_id, approval_date, outlay_date, due_date, last_payment_date, next_payment_date, balance, status) VALUES (0980, LPAD(0980, 9, '0'), 0980, NULL, 'NULL', NULL, NULL, '2024-10-29', NULL, 260.42999999999995, 'in_progress');
        INSERT INTO loan_deductions (loan_deduction_id, loan_id, financial_advice, iva_financial_advice, notarial_charges, registration_expenses, balance_cancellation, loan_cancellation_id, other_expenses, total_deductions, other_expenses_description) VALUES (0980, 0980, NULL, 1.95, 0, 0, 0, NULL, 0.0, NULL, '' );
        INSERT INTO outlay_conditions (outlay_condition_id, loan_id, type, date, place, amount, cash_to, check_to, bank, bank_account_number, bank_account_owner, local_account_number, local_account_owner) VALUES (NULL, 0980, 1, 'NULL', 'Agencia Central', NULL, NULL, NULL, NULL, NULL, NULL, NULL, NULL);
        INSERT INTO amortizations (amortization_id, amortizationable_id, amortizationable_type, date, amount, term, interest_rate, include_iva, include_insurance, payment, payment_frequency_id, amortization_method_id, is_payment_variable, interest_payment_frequency_id, last_payment, last_payment_date, comment) VALUES (NULL, 0980, 'loan', 'NULL', 500.0, 14, NULL, 1.95, False, NULL, NULL, NULL, NULL, NULL, '2024-10-29', '');

        INSERT INTO clients (client_id, employee_id, registration_date, client_type_id, first_name, second_name, first_surname, second_surname, married_name, family_status_id, phone_number, cellphone_number, email, identification_type_id, identification_number, nit_homologation) VALUES (NULL, 1, NOW(), 1, 'Roxana', 'Del', 'Carmen', 'Coto', , 1, 0, 0, 1, '', 'true');
        INSERT INTO loan_applications (loan_application_id, loan_application_number, application_date, agency_id, client_id, employee_id, destination_id, guarantee_type_id, amount, term, status) VALUES (0982, LPAD(0982, 8, '0'), 'NULL', 1, NULL, 1, NULL, 1, 1000.0, 8, 'approved');
        INSERT INTO loans (loan_id, loan_number, loan_application_id, destination_id, approval_date, outlay_date, due_date, last_payment_date, next_payment_date, balance, status) VALUES (0982, LPAD(0982, 9, '0'), 0982, NULL, 'NULL', NULL, NULL, '2024-10-28', NULL, 655.0699999999999, 'in_progress');
        INSERT INTO loan_deductions (loan_deduction_id, loan_id, financial_advice, iva_financial_advice, notarial_charges, registration_expenses, balance_cancellation, loan_cancellation_id, other_expenses, total_deductions, other_expenses_description) VALUES (0982, 0982, NULL, 3.9, 0, 0, 0, NULL, 0.0, NULL, '' );
        INSERT INTO outlay_conditions (outlay_condition_id, loan_id, type, date, place, amount, cash_to, check_to, bank, bank_account_number, bank_account_owner, local_account_number, local_account_owner) VALUES (NULL, 0982, 1, 'NULL', 'Agencia Central', NULL, NULL, NULL, NULL, NULL, NULL, NULL, NULL);
        INSERT INTO amortizations (amortization_id, amortizationable_id, amortizationable_type, date, amount, term, interest_rate, include_iva, include_insurance, payment, payment_frequency_id, amortization_method_id, is_payment_variable, interest_payment_frequency_id, last_payment, last_payment_date, comment) VALUES (NULL, 0982, 'loan', 'NULL', 1000.0, 8, NULL, 3.9, False, NULL, NULL, NULL, NULL, NULL, '2024-10-28', '');

        INSERT INTO clients (client_id, employee_id, registration_date, client_type_id, first_name, second_name, first_surname, second_surname, married_name, family_status_id, phone_number, cellphone_number, email, identification_type_id, identification_number, nit_homologation) VALUES (NULL, 2, NOW(), 1, 'Rebeca', 'Sarai', 'Melara', 'Escalante', , 1, 0, 0, 1, '', 'true');
        INSERT INTO loan_applications (loan_application_id, loan_application_number, application_date, agency_id, client_id, employee_id, destination_id, guarantee_type_id, amount, term, status) VALUES (0983, LPAD(0983, 8, '0'), 'NULL', 1, NULL, 2, NULL, 1, 300.0, 14, 'approved');
        INSERT INTO loans (loan_id, loan_number, loan_application_id, destination_id, approval_date, outlay_date, due_date, last_payment_date, next_payment_date, balance, status) VALUES (0983, LPAD(0983, 9, '0'), 0983, NULL, 'NULL', NULL, NULL, '2024-10-29', NULL, 157.22999999999996, 'in_progress');
        INSERT INTO loan_deductions (loan_deduction_id, loan_id, financial_advice, iva_financial_advice, notarial_charges, registration_expenses, balance_cancellation, loan_cancellation_id, other_expenses, total_deductions, other_expenses_description) VALUES (0983, 0983, NULL, 1.17, 0, 0, 0, NULL, 0.0, NULL, '' );
        INSERT INTO outlay_conditions (outlay_condition_id, loan_id, type, date, place, amount, cash_to, check_to, bank, bank_account_number, bank_account_owner, local_account_number, local_account_owner) VALUES (NULL, 0983, 1, 'NULL', 'Agencia Central', NULL, NULL, NULL, NULL, NULL, NULL, NULL, NULL);
        INSERT INTO amortizations (amortization_id, amortizationable_id, amortizationable_type, date, amount, term, interest_rate, include_iva, include_insurance, payment, payment_frequency_id, amortization_method_id, is_payment_variable, interest_payment_frequency_id, last_payment, last_payment_date, comment) VALUES (NULL, 0983, 'loan', 'NULL', 300.0, 14, NULL, 1.17, False, NULL, NULL, NULL, NULL, NULL, '2024-10-29', '');

        INSERT INTO clients (client_id, employee_id, registration_date, client_type_id, first_name, second_name, first_surname, second_surname, married_name, family_status_id, phone_number, cellphone_number, email, identification_type_id, identification_number, nit_homologation) VALUES (NULL, 1, NOW(), 1, 'Katherine', 'Elizabeth', 'Umanzor', 'Amaya', , 1, 0, 0, 1, '', 'true');
        INSERT INTO loan_applications (loan_application_id, loan_application_number, application_date, agency_id, client_id, employee_id, destination_id, guarantee_type_id, amount, term, status) VALUES (0986, LPAD(0986, 8, '0'), 'NULL', 1, NULL, 1, NULL, 1, 500.0, 12, 'approved');
        INSERT INTO loans (loan_id, loan_number, loan_application_id, destination_id, approval_date, outlay_date, due_date, last_payment_date, next_payment_date, balance, status) VALUES (0986, LPAD(0986, 9, '0'), 0986, NULL, 'NULL', NULL, NULL, '2024-10-30', NULL, 383.33, 'in_progress');
        INSERT INTO loan_deductions (loan_deduction_id, loan_id, financial_advice, iva_financial_advice, notarial_charges, registration_expenses, balance_cancellation, loan_cancellation_id, other_expenses, total_deductions, other_expenses_description) VALUES (0986, 0986, NULL, 1.95, 0, 0, 0, NULL, 0.0, NULL, '' );
        INSERT INTO outlay_conditions (outlay_condition_id, loan_id, type, date, place, amount, cash_to, check_to, bank, bank_account_number, bank_account_owner, local_account_number, local_account_owner) VALUES (NULL, 0986, 1, 'NULL', 'Agencia Central', NULL, NULL, NULL, NULL, NULL, NULL, NULL, NULL);
        INSERT INTO amortizations (amortization_id, amortizationable_id, amortizationable_type, date, amount, term, interest_rate, include_iva, include_insurance, payment, payment_frequency_id, amortization_method_id, is_payment_variable, interest_payment_frequency_id, last_payment, last_payment_date, comment) VALUES (NULL, 0986, 'loan', 'NULL', 500.0, 12, NULL, 1.95, False, NULL, NULL, NULL, NULL, NULL, '2024-10-30', '');

        INSERT INTO clients (client_id, employee_id, registration_date, client_type_id, first_name, second_name, first_surname, second_surname, married_name, family_status_id, phone_number, cellphone_number, email, identification_type_id, identification_number, nit_homologation) VALUES (NULL, 2, NOW(), 1, 'Andrea', 'Del', 'Carmen', 'Hernandez', , 1, 0, 0, 1, '', 'true');
        INSERT INTO loan_applications (loan_application_id, loan_application_number, application_date, agency_id, client_id, employee_id, destination_id, guarantee_type_id, amount, term, status) VALUES (0987, LPAD(0987, 8, '0'), 'NULL', 1, NULL, 2, NULL, 1, 700.0, 14, 'approved');
        INSERT INTO loans (loan_id, loan_number, loan_application_id, destination_id, approval_date, outlay_date, due_date, last_payment_date, next_payment_date, balance, status) VALUES (0987, LPAD(0987, 9, '0'), 0987, NULL, 'NULL', NULL, NULL, '2024-10-30', NULL, 366.0100000000001, 'in_progress');
        INSERT INTO loan_deductions (loan_deduction_id, loan_id, financial_advice, iva_financial_advice, notarial_charges, registration_expenses, balance_cancellation, loan_cancellation_id, other_expenses, total_deductions, other_expenses_description) VALUES (0987, 0987, NULL, 2.73, 0, 0, 0, NULL, 0.0, NULL, '' );
        INSERT INTO outlay_conditions (outlay_condition_id, loan_id, type, date, place, amount, cash_to, check_to, bank, bank_account_number, bank_account_owner, local_account_number, local_account_owner) VALUES (NULL, 0987, 1, 'NULL', 'Agencia Central', NULL, NULL, NULL, NULL, NULL, NULL, NULL, NULL);
        INSERT INTO amortizations (amortization_id, amortizationable_id, amortizationable_type, date, amount, term, interest_rate, include_iva, include_insurance, payment, payment_frequency_id, amortization_method_id, is_payment_variable, interest_payment_frequency_id, last_payment, last_payment_date, comment) VALUES (NULL, 0987, 'loan', 'NULL', 700.0, 14, NULL, 2.73, False, NULL, NULL, NULL, NULL, NULL, '2024-10-30', '');

        INSERT INTO clients (client_id, employee_id, registration_date, client_type_id, first_name, second_name, first_surname, second_surname, married_name, family_status_id, phone_number, cellphone_number, email, identification_type_id, identification_number, nit_homologation) VALUES (NULL, 1, NOW(), 1, 'Julia', 'Aracely', 'Flores', 'De', Torres, 1, 0, 0, 1, '', 'true');
        INSERT INTO loan_applications (loan_application_id, loan_application_number, application_date, agency_id, client_id, employee_id, destination_id, guarantee_type_id, amount, term, status) VALUES (0988, LPAD(0988, 8, '0'), 'NULL', 1, NULL, 1, NULL, 1, 1100.0, 24, 'approved');
        INSERT INTO loans (loan_id, loan_number, loan_application_id, destination_id, approval_date, outlay_date, due_date, last_payment_date, next_payment_date, balance, status) VALUES (0988, LPAD(0988, 9, '0'), 0988, NULL, 'NULL', NULL, NULL, '2024-10-11', NULL, 1068.0, 'in_progress');
        INSERT INTO loan_deductions (loan_deduction_id, loan_id, financial_advice, iva_financial_advice, notarial_charges, registration_expenses, balance_cancellation, loan_cancellation_id, other_expenses, total_deductions, other_expenses_description) VALUES (0988, 0988, NULL, 4.29, 0, 0, 0, NULL, 0.0, NULL, '' );
        INSERT INTO outlay_conditions (outlay_condition_id, loan_id, type, date, place, amount, cash_to, check_to, bank, bank_account_number, bank_account_owner, local_account_number, local_account_owner) VALUES (NULL, 0988, 1, 'NULL', 'Agencia Central', NULL, NULL, NULL, NULL, NULL, NULL, NULL, NULL);
        INSERT INTO amortizations (amortization_id, amortizationable_id, amortizationable_type, date, amount, term, interest_rate, include_iva, include_insurance, payment, payment_frequency_id, amortization_method_id, is_payment_variable, interest_payment_frequency_id, last_payment, last_payment_date, comment) VALUES (NULL, 0988, 'loan', 'NULL', 1100.0, 24, NULL, 4.29, False, NULL, NULL, NULL, NULL, NULL, '2024-10-11', '');

        INSERT INTO clients (client_id, employee_id, registration_date, client_type_id, first_name, second_name, first_surname, second_surname, married_name, family_status_id, phone_number, cellphone_number, email, identification_type_id, identification_number, nit_homologation) VALUES (NULL, 1, NOW(), 1, 'Saul', 'Abdiel', 'Morales', 'Lopez', , 1, 0, 0, 1, '', 'true');
        INSERT INTO loan_applications (loan_application_id, loan_application_number, application_date, agency_id, client_id, employee_id, destination_id, guarantee_type_id, amount, term, status) VALUES (0989, LPAD(0989, 8, '0'), 'NULL', 1, NULL, 1, NULL, 1, 400.0, 8, 'approved');
        INSERT INTO loans (loan_id, loan_number, loan_application_id, destination_id, approval_date, outlay_date, due_date, last_payment_date, next_payment_date, balance, status) VALUES (0989, LPAD(0989, 9, '0'), 0989, NULL, 'NULL', NULL, NULL, '2024-10-29', NULL, 258.98, 'in_progress');
        INSERT INTO loan_deductions (loan_deduction_id, loan_id, financial_advice, iva_financial_advice, notarial_charges, registration_expenses, balance_cancellation, loan_cancellation_id, other_expenses, total_deductions, other_expenses_description) VALUES (0989, 0989, NULL, 1.56, 0, 0, 0, NULL, 0.0, NULL, '' );
        INSERT INTO outlay_conditions (outlay_condition_id, loan_id, type, date, place, amount, cash_to, check_to, bank, bank_account_number, bank_account_owner, local_account_number, local_account_owner) VALUES (NULL, 0989, 1, 'NULL', 'Agencia Central', NULL, NULL, NULL, NULL, NULL, NULL, NULL, NULL);
        INSERT INTO amortizations (amortization_id, amortizationable_id, amortizationable_type, date, amount, term, interest_rate, include_iva, include_insurance, payment, payment_frequency_id, amortization_method_id, is_payment_variable, interest_payment_frequency_id, last_payment, last_payment_date, comment) VALUES (NULL, 0989, 'loan', 'NULL', 400.0, 8, NULL, 1.56, False, NULL, NULL, NULL, NULL, NULL, '2024-10-29', '');

        INSERT INTO clients (client_id, employee_id, registration_date, client_type_id, first_name, second_name, first_surname, second_surname, married_name, family_status_id, phone_number, cellphone_number, email, identification_type_id, identification_number, nit_homologation) VALUES (NULL, 2, NOW(), 1, 'Lisel', 'Merari', 'Hernandez', 'Funes', , 1, 0, 0, 1, '', 'true');
        INSERT INTO loan_applications (loan_application_id, loan_application_number, application_date, agency_id, client_id, employee_id, destination_id, guarantee_type_id, amount, term, status) VALUES (0990, LPAD(0990, 8, '0'), 'NULL', 1, NULL, 2, NULL, 1, 600.0, 9, 'approved');
        INSERT INTO loans (loan_id, loan_number, loan_application_id, destination_id, approval_date, outlay_date, due_date, last_payment_date, next_payment_date, balance, status) VALUES (0990, LPAD(0990, 9, '0'), 0990, NULL, 'NULL', NULL, NULL, '2024-10-12', NULL, 547.0, 'in_progress');
        INSERT INTO loan_deductions (loan_deduction_id, loan_id, financial_advice, iva_financial_advice, notarial_charges, registration_expenses, balance_cancellation, loan_cancellation_id, other_expenses, total_deductions, other_expenses_description) VALUES (0990, 0990, NULL, 2.34, 0, 0, 0, NULL, 0.0, NULL, '' );
        INSERT INTO outlay_conditions (outlay_condition_id, loan_id, type, date, place, amount, cash_to, check_to, bank, bank_account_number, bank_account_owner, local_account_number, local_account_owner) VALUES (NULL, 0990, 1, 'NULL', 'Agencia Central', NULL, NULL, NULL, NULL, NULL, NULL, NULL, NULL);
        INSERT INTO amortizations (amortization_id, amortizationable_id, amortizationable_type, date, amount, term, interest_rate, include_iva, include_insurance, payment, payment_frequency_id, amortization_method_id, is_payment_variable, interest_payment_frequency_id, last_payment, last_payment_date, comment) VALUES (NULL, 0990, 'loan', 'NULL', 600.0, 9, NULL, 2.34, False, NULL, NULL, NULL, NULL, NULL, '2024-10-12', '');

        INSERT INTO clients (client_id, employee_id, registration_date, client_type_id, first_name, second_name, first_surname, second_surname, married_name, family_status_id, phone_number, cellphone_number, email, identification_type_id, identification_number, nit_homologation) VALUES (NULL, 2, NOW(), 1, 'Maria', 'Martha', 'Morales', 'De', Artiga, 1, 0, 0, 1, '', 'true');
        INSERT INTO loan_applications (loan_application_id, loan_application_number, application_date, agency_id, client_id, employee_id, destination_id, guarantee_type_id, amount, term, status) VALUES (0991, LPAD(0991, 8, '0'), 'NULL', 1, NULL, 2, NULL, 1, 300.0, 14, 'approved');
        INSERT INTO loans (loan_id, loan_number, loan_application_id, destination_id, approval_date, outlay_date, due_date, last_payment_date, next_payment_date, balance, status) VALUES (0991, LPAD(0991, 9, '0'), 0991, NULL, 'NULL', NULL, NULL, '2024-10-31', NULL, 157.22999999999996, 'in_progress');
        INSERT INTO loan_deductions (loan_deduction_id, loan_id, financial_advice, iva_financial_advice, notarial_charges, registration_expenses, balance_cancellation, loan_cancellation_id, other_expenses, total_deductions, other_expenses_description) VALUES (0991, 0991, NULL, 1.17, 0, 0, 0, NULL, 0.0, NULL, '' );
        INSERT INTO outlay_conditions (outlay_condition_id, loan_id, type, date, place, amount, cash_to, check_to, bank, bank_account_number, bank_account_owner, local_account_number, local_account_owner) VALUES (NULL, 0991, 1, 'NULL', 'Agencia Central', NULL, NULL, NULL, NULL, NULL, NULL, NULL, NULL);
        INSERT INTO amortizations (amortization_id, amortizationable_id, amortizationable_type, date, amount, term, interest_rate, include_iva, include_insurance, payment, payment_frequency_id, amortization_method_id, is_payment_variable, interest_payment_frequency_id, last_payment, last_payment_date, comment) VALUES (NULL, 0991, 'loan', 'NULL', 300.0, 14, NULL, 1.17, False, NULL, NULL, NULL, NULL, NULL, '2024-10-31', '');

        INSERT INTO clients (client_id, employee_id, registration_date, client_type_id, first_name, second_name, first_surname, second_surname, married_name, family_status_id, phone_number, cellphone_number, email, identification_type_id, identification_number, nit_homologation) VALUES (NULL, 2, NOW(), 1, 'Hector', 'Manuel', 'Valladares', 'Castillo', , 1, 0, 0, 1, '', 'true');
        INSERT INTO loan_applications (loan_application_id, loan_application_number, application_date, agency_id, client_id, employee_id, destination_id, guarantee_type_id, amount, term, status) VALUES (0992, LPAD(0992, 8, '0'), 'NULL', 1, NULL, 2, NULL, 1, 200.0, 14, 'approved');
        INSERT INTO loans (loan_id, loan_number, loan_application_id, destination_id, approval_date, outlay_date, due_date, last_payment_date, next_payment_date, balance, status) VALUES (0992, LPAD(0992, 9, '0'), 0992, NULL, 'NULL', NULL, NULL, '2024-10-28', NULL, 119.62999999999998, 'in_progress');
        INSERT INTO loan_deductions (loan_deduction_id, loan_id, financial_advice, iva_financial_advice, notarial_charges, registration_expenses, balance_cancellation, loan_cancellation_id, other_expenses, total_deductions, other_expenses_description) VALUES (0992, 0992, NULL, 0.78, 0, 0, 0, NULL, 0.0, NULL, '' );
        INSERT INTO outlay_conditions (outlay_condition_id, loan_id, type, date, place, amount, cash_to, check_to, bank, bank_account_number, bank_account_owner, local_account_number, local_account_owner) VALUES (NULL, 0992, 1, 'NULL', 'Agencia Central', NULL, NULL, NULL, NULL, NULL, NULL, NULL, NULL);
        INSERT INTO amortizations (amortization_id, amortizationable_id, amortizationable_type, date, amount, term, interest_rate, include_iva, include_insurance, payment, payment_frequency_id, amortization_method_id, is_payment_variable, interest_payment_frequency_id, last_payment, last_payment_date, comment) VALUES (NULL, 0992, 'loan', 'NULL', 200.0, 14, NULL, 0.78, False, NULL, NULL, NULL, NULL, NULL, '2024-10-28', '');

        INSERT INTO clients (client_id, employee_id, registration_date, client_type_id, first_name, second_name, first_surname, second_surname, married_name, family_status_id, phone_number, cellphone_number, email, identification_type_id, identification_number, nit_homologation) VALUES (NULL, 1, NOW(), 1, 'Bertha', 'Matute', 'De', 'Canjura', Canjura, 1, 0, 0, 1, '', 'true');
        INSERT INTO loan_applications (loan_application_id, loan_application_number, application_date, agency_id, client_id, employee_id, destination_id, guarantee_type_id, amount, term, status) VALUES (0993, LPAD(0993, 8, '0'), 'NULL', 1, NULL, 1, NULL, 1, 800.0, 8, 'approved');
        INSERT INTO loans (loan_id, loan_number, loan_application_id, destination_id, approval_date, outlay_date, due_date, last_payment_date, next_payment_date, balance, status) VALUES (0993, LPAD(0993, 9, '0'), 0993, NULL, 'NULL', NULL, NULL, '2024-10-31', NULL, 489.21, 'in_progress');
        INSERT INTO loan_deductions (loan_deduction_id, loan_id, financial_advice, iva_financial_advice, notarial_charges, registration_expenses, balance_cancellation, loan_cancellation_id, other_expenses, total_deductions, other_expenses_description) VALUES (0993, 0993, NULL, 3.12, 0, 0, 0, NULL, 0.0, NULL, '' );
        INSERT INTO outlay_conditions (outlay_condition_id, loan_id, type, date, place, amount, cash_to, check_to, bank, bank_account_number, bank_account_owner, local_account_number, local_account_owner) VALUES (NULL, 0993, 1, 'NULL', 'Agencia Central', NULL, NULL, NULL, NULL, NULL, NULL, NULL, NULL);
        INSERT INTO amortizations (amortization_id, amortizationable_id, amortizationable_type, date, amount, term, interest_rate, include_iva, include_insurance, payment, payment_frequency_id, amortization_method_id, is_payment_variable, interest_payment_frequency_id, last_payment, last_payment_date, comment) VALUES (NULL, 0993, 'loan', 'NULL', 800.0, 8, NULL, 3.12, False, NULL, NULL, NULL, NULL, NULL, '2024-10-31', '');

        INSERT INTO clients (client_id, employee_id, registration_date, client_type_id, first_name, second_name, first_surname, second_surname, married_name, family_status_id, phone_number, cellphone_number, email, identification_type_id, identification_number, nit_homologation) VALUES (NULL, 1, NOW(), 1, 'Maria', 'Teresa', 'Diaz', 'Jimenez', , 1, 0, 0, 1, '', 'true');
        INSERT INTO loan_applications (loan_application_id, loan_application_number, application_date, agency_id, client_id, employee_id, destination_id, guarantee_type_id, amount, term, status) VALUES (0994, LPAD(0994, 8, '0'), 'NULL', 1, NULL, 1, NULL, 1, 400.0, 14, 'approved');
        INSERT INTO loans (loan_id, loan_number, loan_application_id, destination_id, approval_date, outlay_date, due_date, last_payment_date, next_payment_date, balance, status) VALUES (0994, LPAD(0994, 9, '0'), 0994, NULL, 'NULL', NULL, NULL, '2024-10-31', NULL, 205.23999999999998, 'in_progress');
        INSERT INTO loan_deductions (loan_deduction_id, loan_id, financial_advice, iva_financial_advice, notarial_charges, registration_expenses, balance_cancellation, loan_cancellation_id, other_expenses, total_deductions, other_expenses_description) VALUES (0994, 0994, NULL, 1.56, 0, 0, 0, NULL, 0.0, NULL, '' );
        INSERT INTO outlay_conditions (outlay_condition_id, loan_id, type, date, place, amount, cash_to, check_to, bank, bank_account_number, bank_account_owner, local_account_number, local_account_owner) VALUES (NULL, 0994, 1, 'NULL', 'Agencia Central', NULL, NULL, NULL, NULL, NULL, NULL, NULL, NULL);
        INSERT INTO amortizations (amortization_id, amortizationable_id, amortizationable_type, date, amount, term, interest_rate, include_iva, include_insurance, payment, payment_frequency_id, amortization_method_id, is_payment_variable, interest_payment_frequency_id, last_payment, last_payment_date, comment) VALUES (NULL, 0994, 'loan', 'NULL', 400.0, 14, NULL, 1.56, False, NULL, NULL, NULL, NULL, NULL, '2024-10-31', '');

        INSERT INTO clients (client_id, employee_id, registration_date, client_type_id, first_name, second_name, first_surname, second_surname, married_name, family_status_id, phone_number, cellphone_number, email, identification_type_id, identification_number, nit_homologation) VALUES (NULL, 1, NOW(), 1, 'Carlos', 'Alberto', 'Pleitez', 'Guerra', , 1, 0, 0, 1, '', 'true');
        INSERT INTO loan_applications (loan_application_id, loan_application_number, application_date, agency_id, client_id, employee_id, destination_id, guarantee_type_id, amount, term, status) VALUES (0995, LPAD(0995, 8, '0'), 'NULL', 1, NULL, 1, NULL, 1, 1000.0, 12, 'approved');
        INSERT INTO loans (loan_id, loan_number, loan_application_id, destination_id, approval_date, outlay_date, due_date, last_payment_date, next_payment_date, balance, status) VALUES (0995, LPAD(0995, 9, '0'), 0995, NULL, 'NULL', NULL, NULL, '2024-10-17', NULL, 755.5799999999999, 'in_progress');
        INSERT INTO loan_deductions (loan_deduction_id, loan_id, financial_advice, iva_financial_advice, notarial_charges, registration_expenses, balance_cancellation, loan_cancellation_id, other_expenses, total_deductions, other_expenses_description) VALUES (0995, 0995, NULL, 3.9, 0, 0, 0, NULL, 0.0, NULL, '' );
        INSERT INTO outlay_conditions (outlay_condition_id, loan_id, type, date, place, amount, cash_to, check_to, bank, bank_account_number, bank_account_owner, local_account_number, local_account_owner) VALUES (NULL, 0995, 1, 'NULL', 'Agencia Central', NULL, NULL, NULL, NULL, NULL, NULL, NULL, NULL);
        INSERT INTO amortizations (amortization_id, amortizationable_id, amortizationable_type, date, amount, term, interest_rate, include_iva, include_insurance, payment, payment_frequency_id, amortization_method_id, is_payment_variable, interest_payment_frequency_id, last_payment, last_payment_date, comment) VALUES (NULL, 0995, 'loan', 'NULL', 1000.0, 12, NULL, 3.9, False, NULL, NULL, NULL, NULL, NULL, '2024-10-17', '');

        INSERT INTO clients (client_id, employee_id, registration_date, client_type_id, first_name, second_name, first_surname, second_surname, married_name, family_status_id, phone_number, cellphone_number, email, identification_type_id, identification_number, nit_homologation) VALUES (NULL, 2, NOW(), 1, 'Kareen', 'Elena', 'Ramos', 'Pinto', , 1, 0, 0, 1, '', 'true');
        INSERT INTO loan_applications (loan_application_id, loan_application_number, application_date, agency_id, client_id, employee_id, destination_id, guarantee_type_id, amount, term, status) VALUES (0996, LPAD(0996, 8, '0'), 'NULL', 1, NULL, 2, NULL, 1, 700.0, 14, 'approved');
        INSERT INTO loans (loan_id, loan_number, loan_application_id, destination_id, approval_date, outlay_date, due_date, last_payment_date, next_payment_date, balance, status) VALUES (0996, LPAD(0996, 9, '0'), 0996, NULL, 'NULL', NULL, NULL, '2024-10-29', NULL, 413.6, 'in_progress');
        INSERT INTO loan_deductions (loan_deduction_id, loan_id, financial_advice, iva_financial_advice, notarial_charges, registration_expenses, balance_cancellation, loan_cancellation_id, other_expenses, total_deductions, other_expenses_description) VALUES (0996, 0996, NULL, 2.73, 0, 0, 0, NULL, 0.0, NULL, '' );
        INSERT INTO outlay_conditions (outlay_condition_id, loan_id, type, date, place, amount, cash_to, check_to, bank, bank_account_number, bank_account_owner, local_account_number, local_account_owner) VALUES (NULL, 0996, 1, 'NULL', 'Agencia Central', NULL, NULL, NULL, NULL, NULL, NULL, NULL, NULL);
        INSERT INTO amortizations (amortization_id, amortizationable_id, amortizationable_type, date, amount, term, interest_rate, include_iva, include_insurance, payment, payment_frequency_id, amortization_method_id, is_payment_variable, interest_payment_frequency_id, last_payment, last_payment_date, comment) VALUES (NULL, 0996, 'loan', 'NULL', 700.0, 14, NULL, 2.73, False, NULL, NULL, NULL, NULL, NULL, '2024-10-29', '');

        INSERT INTO clients (client_id, employee_id, registration_date, client_type_id, first_name, second_name, first_surname, second_surname, married_name, family_status_id, phone_number, cellphone_number, email, identification_type_id, identification_number, nit_homologation) VALUES (NULL, 2, NOW(), 1, 'Mariluz', 'Mendoza', 'Pichinte', '', , 1, 0, 0, 1, '', 'true');
        INSERT INTO loan_applications (loan_application_id, loan_application_number, application_date, agency_id, client_id, employee_id, destination_id, guarantee_type_id, amount, term, status) VALUES (0997, LPAD(0997, 8, '0'), 'NULL', 1, NULL, 2, NULL, 1, 300.0, 8, 'approved');
        INSERT INTO loans (loan_id, loan_number, loan_application_id, destination_id, approval_date, outlay_date, due_date, last_payment_date, next_payment_date, balance, status) VALUES (0997, LPAD(0997, 9, '0'), 0997, NULL, 'NULL', NULL, NULL, '2024-10-14', NULL, 272.82, 'in_progress');
        INSERT INTO loan_deductions (loan_deduction_id, loan_id, financial_advice, iva_financial_advice, notarial_charges, registration_expenses, balance_cancellation, loan_cancellation_id, other_expenses, total_deductions, other_expenses_description) VALUES (0997, 0997, NULL, 1.17, 0, 0, 0, NULL, 0.0, NULL, '' );
        INSERT INTO outlay_conditions (outlay_condition_id, loan_id, type, date, place, amount, cash_to, check_to, bank, bank_account_number, bank_account_owner, local_account_number, local_account_owner) VALUES (NULL, 0997, 1, 'NULL', 'Agencia Central', NULL, NULL, NULL, NULL, NULL, NULL, NULL, NULL);
        INSERT INTO amortizations (amortization_id, amortizationable_id, amortizationable_type, date, amount, term, interest_rate, include_iva, include_insurance, payment, payment_frequency_id, amortization_method_id, is_payment_variable, interest_payment_frequency_id, last_payment, last_payment_date, comment) VALUES (NULL, 0997, 'loan', 'NULL', 300.0, 8, NULL, 1.17, False, NULL, NULL, NULL, NULL, NULL, '2024-10-14', '');

        INSERT INTO clients (client_id, employee_id, registration_date, client_type_id, first_name, second_name, first_surname, second_surname, married_name, family_status_id, phone_number, cellphone_number, email, identification_type_id, identification_number, nit_homologation) VALUES (NULL, 2, NOW(), 1, 'Ana', 'Cecilia', 'Cabrera', 'Ramirez', , 1, 0, 0, 1, '', 'true');
        INSERT INTO loan_applications (loan_application_id, loan_application_number, application_date, agency_id, client_id, employee_id, destination_id, guarantee_type_id, amount, term, status) VALUES (0998, LPAD(0998, 8, '0'), 'NULL', 1, NULL, 2, NULL, 1, 975.0, 10, 'approved');
        INSERT INTO loans (loan_id, loan_number, loan_application_id, destination_id, approval_date, outlay_date, due_date, last_payment_date, next_payment_date, balance, status) VALUES (0998, LPAD(0998, 9, '0'), 0998, NULL, 'NULL', NULL, NULL, '2024-10-30', NULL, 403.85, 'in_progress');
        INSERT INTO loan_deductions (loan_deduction_id, loan_id, financial_advice, iva_financial_advice, notarial_charges, registration_expenses, balance_cancellation, loan_cancellation_id, other_expenses, total_deductions, other_expenses_description) VALUES (0998, 0998, NULL, 3.8, 0, 0, 0, NULL, 0.0, NULL, '' );
        INSERT INTO outlay_conditions (outlay_condition_id, loan_id, type, date, place, amount, cash_to, check_to, bank, bank_account_number, bank_account_owner, local_account_number, local_account_owner) VALUES (NULL, 0998, 1, 'NULL', 'Agencia Central', NULL, NULL, NULL, NULL, NULL, NULL, NULL, NULL);
        INSERT INTO amortizations (amortization_id, amortizationable_id, amortizationable_type, date, amount, term, interest_rate, include_iva, include_insurance, payment, payment_frequency_id, amortization_method_id, is_payment_variable, interest_payment_frequency_id, last_payment, last_payment_date, comment) VALUES (NULL, 0998, 'loan', 'NULL', 975.0, 10, NULL, 3.8, False, NULL, NULL, NULL, NULL, NULL, '2024-10-30', '');

        INSERT INTO clients (client_id, employee_id, registration_date, client_type_id, first_name, second_name, first_surname, second_surname, married_name, family_status_id, phone_number, cellphone_number, email, identification_type_id, identification_number, nit_homologation) VALUES (NULL, 2, NOW(), 1, 'Zoila', 'Elena', 'Giron', 'De', Platero, 1, 0, 0, 1, '', 'true');
        INSERT INTO loan_applications (loan_application_id, loan_application_number, application_date, agency_id, client_id, employee_id, destination_id, guarantee_type_id, amount, term, status) VALUES (0999, LPAD(0999, 8, '0'), 'NULL', 1, NULL, 2, NULL, 1, 800.0, 14, 'approved');
        INSERT INTO loans (loan_id, loan_number, loan_application_id, destination_id, approval_date, outlay_date, due_date, last_payment_date, next_payment_date, balance, status) VALUES (0999, LPAD(0999, 9, '0'), 0999, NULL, 'NULL', NULL, NULL, '2024-10-25', NULL, 510.3, 'in_progress');
        INSERT INTO loan_deductions (loan_deduction_id, loan_id, financial_advice, iva_financial_advice, notarial_charges, registration_expenses, balance_cancellation, loan_cancellation_id, other_expenses, total_deductions, other_expenses_description) VALUES (0999, 0999, NULL, 3.12, 0, 0, 0, NULL, 0.0, NULL, '' );
        INSERT INTO outlay_conditions (outlay_condition_id, loan_id, type, date, place, amount, cash_to, check_to, bank, bank_account_number, bank_account_owner, local_account_number, local_account_owner) VALUES (NULL, 0999, 1, 'NULL', 'Agencia Central', NULL, NULL, NULL, NULL, NULL, NULL, NULL, NULL);
        INSERT INTO amortizations (amortization_id, amortizationable_id, amortizationable_type, date, amount, term, interest_rate, include_iva, include_insurance, payment, payment_frequency_id, amortization_method_id, is_payment_variable, interest_payment_frequency_id, last_payment, last_payment_date, comment) VALUES (NULL, 0999, 'loan', 'NULL', 800.0, 14, NULL, 3.12, False, NULL, NULL, NULL, NULL, NULL, '2024-10-25', '');
