
        INSERT INTO clients (client_id, employee_id, registration_date, client_type_id, first_name, second_name, first_surname, second_surname, married_name, family_status_id, phone_number, cellphone_number, identification_type_id, identification_number, nit_homologation) 
        VALUES ('01000', '1', NOW(), 1, 'Amilcar', 'Balmoris', 'Olivar', 'Aguiñada', '', 1, 's/a', 0, 1, '', 'true');
        INSERT INTO loan_applications (loan_application_id, loan_application_number, application_date, agency_id, client_id, employee_id, destination_id, guarantee_type_id, amount, term, status) VALUES (01000, LPAD(01000, 8, '0'), '2024-09-19', 1, 01000, 1, 1, 1, 300.0, 8, 'approved');
        INSERT INTO loans (loan_id, loan_number, loan_application_id, destination_id, approval_date, outlay_date, due_date, last_payment_date, next_payment_date, balance, status) VALUES (01000, LPAD(01000, 9, '0'), 01000, 1, '2024-09-19', '2024-09-20', NULL, '2024-10-20', NULL, 226.7, 'in_progress');
        INSERT INTO loan_deductions (loan_deduction_id, loan_id, financial_advice, iva_financial_advice, notarial_charges, registration_expenses, balance_cancellation, loan_cancellation_id, other_expenses, total_deductions, other_expenses_description) VALUES (01000, 01000, 9.0, 1.17, 0, 0, 0, NULL, 0.0, 54.89, '' );
        INSERT INTO outlay_conditions (outlay_condition_id, loan_id, type, date, place, amount, cash_to, check_to, bank, bank_account_number, bank_account_owner, local_account_number, local_account_owner) VALUES (NULL, 01000, 1, '2024-09-20', 'Agencia Central', 245.11, NULL, NULL, NULL, NULL, NULL, NULL, NULL);
        INSERT INTO amortizations (amortization_id, amortizationable_id, amortizationable_type, date, amount, term, interest_rate, include_iva, include_insurance, payment, payment_frequency_id, amortization_method_id, last_payment_date)  VALUES ( NULL, 01000,  'App\\Models\\Loan',  '2024-09-20',  300.0,  8,  3.3, 1.17, '0', 43.28, 3, 2, '2024-10-20');
        INSERT INTO amortizations (amortization_id, amortizationable_id, amortizationable_type, date, amount, term, interest_rate, include_iva, include_insurance, payment, payment_frequency_id, amortization_method_id, last_payment_date) VALUES ( NULL, 01000, 'App\\Models\\LoanApplication', '2024-09-20', 300.0, 8, 3.3, 1.17, 0, 43.28, 3, 2, '2024-10-20');

        INSERT INTO clients (client_id, employee_id, registration_date, client_type_id, first_name, second_name, first_surname, second_surname, married_name, family_status_id, phone_number, cellphone_number, identification_type_id, identification_number, nit_homologation) 
        VALUES ('01001', '1', NOW(), 1, 'Liliana', 'Lisseth', 'Osegueda', 'De', 'Lopez', 1, 's/a', 0, 1, '', 'true');
        INSERT INTO loan_applications (loan_application_id, loan_application_number, application_date, agency_id, client_id, employee_id, destination_id, guarantee_type_id, amount, term, status) VALUES (01001, LPAD(01001, 8, '0'), '2024-09-20', 1, 01001, 1, 1, 1, 1000.0, 20, 'approved');
        INSERT INTO loans (loan_id, loan_number, loan_application_id, destination_id, approval_date, outlay_date, due_date, last_payment_date, next_payment_date, balance, status) VALUES (01001, LPAD(01001, 9, '0'), 01001, 1, '2024-09-20', '2024-09-21', NULL, '2024-10-21', NULL, 928.25, 'in_progress');
        INSERT INTO loan_deductions (loan_deduction_id, loan_id, financial_advice, iva_financial_advice, notarial_charges, registration_expenses, balance_cancellation, loan_cancellation_id, other_expenses, total_deductions, other_expenses_description) VALUES (01001, 01001, 30.0, 3.9, 0, 0, 0, NULL, 0.0, 68.9, '' );
        INSERT INTO outlay_conditions (outlay_condition_id, loan_id, type, date, place, amount, cash_to, check_to, bank, bank_account_number, bank_account_owner, local_account_number, local_account_owner) VALUES (NULL, 01001, 1, '2024-09-21', 'Agencia Central', 931.1, NULL, NULL, NULL, NULL, NULL, NULL, NULL);
        INSERT INTO amortizations (amortization_id, amortizationable_id, amortizationable_type, date, amount, term, interest_rate, include_iva, include_insurance, payment, payment_frequency_id, amortization_method_id, last_payment_date)  VALUES ( NULL, 01001,  'App\\Models\\Loan',  '2024-09-21',  1000.0,  20,  3.53, 3.9, '0', 70.55, 3, 2, '2024-10-21');
        INSERT INTO amortizations (amortization_id, amortizationable_id, amortizationable_type, date, amount, term, interest_rate, include_iva, include_insurance, payment, payment_frequency_id, amortization_method_id, last_payment_date) VALUES ( NULL, 01001, 'App\\Models\\LoanApplication', '2024-09-21', 1000.0, 20, 3.53, 3.9, 0, 70.55, 3, 2, '2024-10-21');

        INSERT INTO clients (client_id, employee_id, registration_date, client_type_id, first_name, second_name, first_surname, second_surname, married_name, family_status_id, phone_number, cellphone_number, identification_type_id, identification_number, nit_homologation) 
        VALUES ('01002', '1', NOW(), 1, 'Rosa', 'Carolina', 'Alfaro', 'Maravilla', '', 1, 's/a', 0, 1, '', 'true');
        INSERT INTO loan_applications (loan_application_id, loan_application_number, application_date, agency_id, client_id, employee_id, destination_id, guarantee_type_id, amount, term, status) VALUES (01002, LPAD(01002, 8, '0'), '2024-09-21', 1, 01002, 1, 1, 1, 500.0, 8, 'approved');
        INSERT INTO loans (loan_id, loan_number, loan_application_id, destination_id, approval_date, outlay_date, due_date, last_payment_date, next_payment_date, balance, status) VALUES (01002, LPAD(01002, 9, '0'), 01002, 1, '2024-09-21', '2024-09-23', NULL, '2024-10-21', NULL, 385.14, 'in_progress');
        INSERT INTO loan_deductions (loan_deduction_id, loan_id, financial_advice, iva_financial_advice, notarial_charges, registration_expenses, balance_cancellation, loan_cancellation_id, other_expenses, total_deductions, other_expenses_description) VALUES (01002, 01002, 15.0, 1.95, 0, 0, 0, NULL, 0.0, 286.03, '' );
        INSERT INTO outlay_conditions (outlay_condition_id, loan_id, type, date, place, amount, cash_to, check_to, bank, bank_account_number, bank_account_owner, local_account_number, local_account_owner) VALUES (NULL, 01002, 1, '2024-09-23', 'Agencia Central', 213.97, NULL, NULL, NULL, NULL, NULL, NULL, NULL);
        INSERT INTO amortizations (amortization_id, amortizationable_id, amortizationable_type, date, amount, term, interest_rate, include_iva, include_insurance, payment, payment_frequency_id, amortization_method_id, last_payment_date)  VALUES ( NULL, 01002,  'App\\Models\\Loan',  '2024-09-23',  500.0,  8,  3.3, 1.95, '0', 72.13, 3, 2, '2024-10-21');
        INSERT INTO amortizations (amortization_id, amortizationable_id, amortizationable_type, date, amount, term, interest_rate, include_iva, include_insurance, payment, payment_frequency_id, amortization_method_id, last_payment_date) VALUES ( NULL, 01002, 'App\\Models\\LoanApplication', '2024-09-23', 500.0, 8, 3.3, 1.95, 0, 72.13, 3, 2, '2024-10-21');

        INSERT INTO clients (client_id, employee_id, registration_date, client_type_id, first_name, second_name, first_surname, second_surname, married_name, family_status_id, phone_number, cellphone_number, identification_type_id, identification_number, nit_homologation) 
        VALUES ('01003', '1', NOW(), 1, 'Edelmira', 'Del', 'Carmen', 'Moran', '', 1, 's/a', 0, 1, '', 'true');
        INSERT INTO loan_applications (loan_application_id, loan_application_number, application_date, agency_id, client_id, employee_id, destination_id, guarantee_type_id, amount, term, status) VALUES (01003, LPAD(01003, 8, '0'), '2024-09-21', 1, 01003, 1, 1, 1, 500.0, 14, 'approved');
        INSERT INTO loans (loan_id, loan_number, loan_application_id, destination_id, approval_date, outlay_date, due_date, last_payment_date, next_payment_date, balance, status) VALUES (01003, LPAD(01003, 9, '0'), 01003, 1, '2024-09-21', '2024-09-23', NULL, '2024-10-28', NULL, 331.47999999999996, 'in_progress');
        INSERT INTO loan_deductions (loan_deduction_id, loan_id, financial_advice, iva_financial_advice, notarial_charges, registration_expenses, balance_cancellation, loan_cancellation_id, other_expenses, total_deductions, other_expenses_description) VALUES (01003, 01003, 15.0, 1.95, 0, 0, 0, NULL, 0.0, 168.06, '' );
        INSERT INTO outlay_conditions (outlay_condition_id, loan_id, type, date, place, amount, cash_to, check_to, bank, bank_account_number, bank_account_owner, local_account_number, local_account_owner) VALUES (NULL, 01003, 1, '2024-09-23', 'Agencia Central', 331.94, NULL, NULL, NULL, NULL, NULL, NULL, NULL);
        INSERT INTO amortizations (amortization_id, amortizationable_id, amortizationable_type, date, amount, term, interest_rate, include_iva, include_insurance, payment, payment_frequency_id, amortization_method_id, last_payment_date)  VALUES ( NULL, 01003,  'App\\Models\\Loan',  '2024-09-23',  500.0,  14,  1.45, 1.95, '0', 39.72, 1, 2, '2024-10-28');
        INSERT INTO amortizations (amortization_id, amortizationable_id, amortizationable_type, date, amount, term, interest_rate, include_iva, include_insurance, payment, payment_frequency_id, amortization_method_id, last_payment_date) VALUES ( NULL, 01003, 'App\\Models\\LoanApplication', '2024-09-23', 500.0, 14, 1.45, 1.95, 0, 39.72, 1, 2, '2024-10-28');

        INSERT INTO clients (client_id, employee_id, registration_date, client_type_id, first_name, second_name, first_surname, second_surname, married_name, family_status_id, phone_number, cellphone_number, identification_type_id, identification_number, nit_homologation) 
        VALUES ('01004', '4', NOW(), 1, 'Rosalba', 'Beatriz', 'Pascacio', 'Lopez', '', 1, 's/a', 0, 1, '', 'true');
        INSERT INTO loan_applications (loan_application_id, loan_application_number, application_date, agency_id, client_id, employee_id, destination_id, guarantee_type_id, amount, term, status) VALUES (01004, LPAD(01004, 8, '0'), '2024-09-23', 1, 01004, 4, 1, 1, 259.09, 20, 'approved');
        INSERT INTO loans (loan_id, loan_number, loan_application_id, destination_id, approval_date, outlay_date, due_date, last_payment_date, next_payment_date, balance, status) VALUES (01004, LPAD(01004, 9, '0'), 01004, 1, '2024-09-23', '2024-09-23', NULL, '2024-10-28', NULL, 221.23999999999998, 'in_progress');
        INSERT INTO loan_deductions (loan_deduction_id, loan_id, financial_advice, iva_financial_advice, notarial_charges, registration_expenses, balance_cancellation, loan_cancellation_id, other_expenses, total_deductions, other_expenses_description) VALUES (01004, 01004, 7.52, 0.98, 0, 0, 0, NULL, 0.0, 259.09, '' );
        INSERT INTO outlay_conditions (outlay_condition_id, loan_id, type, date, place, amount, cash_to, check_to, bank, bank_account_number, bank_account_owner, local_account_number, local_account_owner) VALUES (NULL, 01004, 1, '2024-09-23', 'Agencia Central', 0.0, NULL, NULL, NULL, NULL, NULL, NULL, NULL);
        INSERT INTO amortizations (amortization_id, amortizationable_id, amortizationable_type, date, amount, term, interest_rate, include_iva, include_insurance, payment, payment_frequency_id, amortization_method_id, last_payment_date)  VALUES ( NULL, 01004,  'App\\Models\\Loan',  '2024-09-23',  259.09,  20,  1.0, 0.98, '0', 14.36, 1, 2, '2024-10-28');
        INSERT INTO amortizations (amortization_id, amortizationable_id, amortizationable_type, date, amount, term, interest_rate, include_iva, include_insurance, payment, payment_frequency_id, amortization_method_id, last_payment_date) VALUES ( NULL, 01004, 'App\\Models\\LoanApplication', '2024-09-23', 259.09, 20, 1.0, 0.98, 0, 14.36, 1, 2, '2024-10-28');

        INSERT INTO clients (client_id, employee_id, registration_date, client_type_id, first_name, second_name, first_surname, second_surname, married_name, family_status_id, phone_number, cellphone_number, identification_type_id, identification_number, nit_homologation) 
        VALUES ('01005', '2', NOW(), 1, 'Roxana', 'Elizabeth', 'Morales', 'De', 'Menjivar', 1, 's/a', 0, 1, '', 'true');
        INSERT INTO loan_applications (loan_application_id, loan_application_number, application_date, agency_id, client_id, employee_id, destination_id, guarantee_type_id, amount, term, status) VALUES (01005, LPAD(01005, 8, '0'), '2024-09-21', 1, 01005, 2, 1, 1, 3000.0, 48, 'approved');
        INSERT INTO loans (loan_id, loan_number, loan_application_id, destination_id, approval_date, outlay_date, due_date, last_payment_date, next_payment_date, balance, status) VALUES (01005, LPAD(01005, 9, '0'), 01005, 1, '2024-09-21', '2024-09-23', NULL, '2024-10-23', NULL, 2971.0, 'in_progress');
        INSERT INTO loan_deductions (loan_deduction_id, loan_id, financial_advice, iva_financial_advice, notarial_charges, registration_expenses, balance_cancellation, loan_cancellation_id, other_expenses, total_deductions, other_expenses_description) VALUES (01005, 01005, 60.0, 7.8, 0, 0, 0, NULL, 0.0, 87.8, '' );
        INSERT INTO outlay_conditions (outlay_condition_id, loan_id, type, date, place, amount, cash_to, check_to, bank, bank_account_number, bank_account_owner, local_account_number, local_account_owner) VALUES (NULL, 01005, 1, '2024-09-23', 'Agencia Central', 2912.2, NULL, NULL, NULL, NULL, NULL, NULL, NULL);
        INSERT INTO amortizations (amortization_id, amortizationable_id, amortizationable_type, date, amount, term, interest_rate, include_iva, include_insurance, payment, payment_frequency_id, amortization_method_id, last_payment_date)  VALUES ( NULL, 01005,  'App\\Models\\Loan',  '2024-09-23',  3000.0,  48,  3.0, 7.8, '1', 121.73, 4, 2, '2024-10-23');
        INSERT INTO amortizations (amortization_id, amortizationable_id, amortizationable_type, date, amount, term, interest_rate, include_iva, include_insurance, payment, payment_frequency_id, amortization_method_id, last_payment_date) VALUES ( NULL, 01005, 'App\\Models\\LoanApplication', '2024-09-23', 3000.0, 48, 3.0, 7.8, 1, 121.73, 4, 2, '2024-10-23');

        INSERT INTO clients (client_id, employee_id, registration_date, client_type_id, first_name, second_name, first_surname, second_surname, married_name, family_status_id, phone_number, cellphone_number, identification_type_id, identification_number, nit_homologation) 
        VALUES ('01006', '2', NOW(), 1, 'Maria', 'Margarita', 'Iraheta', '', '', 1, 's/a', 0, 1, '', 'true');
        INSERT INTO loan_applications (loan_application_id, loan_application_number, application_date, agency_id, client_id, employee_id, destination_id, guarantee_type_id, amount, term, status) VALUES (01006, LPAD(01006, 8, '0'), '2024-09-23', 1, 01006, 2, 1, 1, 800.0, 12, 'approved');
        INSERT INTO loans (loan_id, loan_number, loan_application_id, destination_id, approval_date, outlay_date, due_date, last_payment_date, next_payment_date, balance, status) VALUES (01006, LPAD(01006, 9, '0'), 01006, 1, '2024-09-23', '2024-09-24', NULL, '2024-10-24', NULL, 687.54, 'in_progress');
        INSERT INTO loan_deductions (loan_deduction_id, loan_id, financial_advice, iva_financial_advice, notarial_charges, registration_expenses, balance_cancellation, loan_cancellation_id, other_expenses, total_deductions, other_expenses_description) VALUES (01006, 01006, 24.0, 3.12, 0, 0, 0, NULL, 0.0, 185.4, '' );
        INSERT INTO outlay_conditions (outlay_condition_id, loan_id, type, date, place, amount, cash_to, check_to, bank, bank_account_number, bank_account_owner, local_account_number, local_account_owner) VALUES (NULL, 01006, 1, '2024-09-24', 'Agencia Central', 614.6, NULL, NULL, NULL, NULL, NULL, NULL, NULL);
        INSERT INTO amortizations (amortization_id, amortizationable_id, amortizationable_type, date, amount, term, interest_rate, include_iva, include_insurance, payment, payment_frequency_id, amortization_method_id, last_payment_date)  VALUES ( NULL, 01006,  'App\\Models\\Loan',  '2024-09-24',  800.0,  12,  3.43, 3.12, '0', 82.45, 3, 2, '2024-10-24');
        INSERT INTO amortizations (amortization_id, amortizationable_id, amortizationable_type, date, amount, term, interest_rate, include_iva, include_insurance, payment, payment_frequency_id, amortization_method_id, last_payment_date) VALUES ( NULL, 01006, 'App\\Models\\LoanApplication', '2024-09-24', 800.0, 12, 3.43, 3.12, 0, 82.45, 3, 2, '2024-10-24');

        INSERT INTO clients (client_id, employee_id, registration_date, client_type_id, first_name, second_name, first_surname, second_surname, married_name, family_status_id, phone_number, cellphone_number, identification_type_id, identification_number, nit_homologation) 
        VALUES ('01007', '1', NOW(), 1, 'Eva', 'Rivera', 'De', 'Melgar', 'Melgar', 1, 's/a', 0, 1, '', 'true');
        INSERT INTO loan_applications (loan_application_id, loan_application_number, application_date, agency_id, client_id, employee_id, destination_id, guarantee_type_id, amount, term, status) VALUES (01007, LPAD(01007, 8, '0'), '2024-09-23', 1, 01007, 1, 1, 1, 500.0, 8, 'approved');
        INSERT INTO loans (loan_id, loan_number, loan_application_id, destination_id, approval_date, outlay_date, due_date, last_payment_date, next_payment_date, balance, status) VALUES (01007, LPAD(01007, 9, '0'), 01007, 1, '2024-09-23', '2024-09-24', NULL, '2024-10-10', NULL, 444.37, 'in_progress');
        INSERT INTO loan_deductions (loan_deduction_id, loan_id, financial_advice, iva_financial_advice, notarial_charges, registration_expenses, balance_cancellation, loan_cancellation_id, other_expenses, total_deductions, other_expenses_description) VALUES (01007, 01007, 15.0, 1.95, 0, 0, 0, NULL, 0.0, 206.46, '' );
        INSERT INTO outlay_conditions (outlay_condition_id, loan_id, type, date, place, amount, cash_to, check_to, bank, bank_account_number, bank_account_owner, local_account_number, local_account_owner) VALUES (NULL, 01007, 1, '2024-09-24', 'Agencia Central', 293.54, NULL, NULL, NULL, NULL, NULL, NULL, NULL);
        INSERT INTO amortizations (amortization_id, amortizationable_id, amortizationable_type, date, amount, term, interest_rate, include_iva, include_insurance, payment, payment_frequency_id, amortization_method_id, last_payment_date)  VALUES ( NULL, 01007,  'App\\Models\\Loan',  '2024-09-24',  500.0,  8,  3.3, 1.95, '0', 72.13, 3, 2, '2024-10-10');
        INSERT INTO amortizations (amortization_id, amortizationable_id, amortizationable_type, date, amount, term, interest_rate, include_iva, include_insurance, payment, payment_frequency_id, amortization_method_id, last_payment_date) VALUES ( NULL, 01007, 'App\\Models\\LoanApplication', '2024-09-24', 500.0, 8, 3.3, 1.95, 0, 72.13, 3, 2, '2024-10-10');

        INSERT INTO clients (client_id, employee_id, registration_date, client_type_id, first_name, second_name, first_surname, second_surname, married_name, family_status_id, phone_number, cellphone_number, identification_type_id, identification_number, nit_homologation) 
        VALUES ('01009', '1', NOW(), 1, 'Vilma', 'De', 'Jesus', 'Rodriguez', 'Jesus', 1, 's/a', 0, 1, '', 'true');
        INSERT INTO loan_applications (loan_application_id, loan_application_number, application_date, agency_id, client_id, employee_id, destination_id, guarantee_type_id, amount, term, status) VALUES (01009, LPAD(01009, 8, '0'), '2024-09-24', 1, 01009, 1, 1, 1, 800.0, 14, 'approved');
        INSERT INTO loans (loan_id, loan_number, loan_application_id, destination_id, approval_date, outlay_date, due_date, last_payment_date, next_payment_date, balance, status) VALUES (01009, LPAD(01009, 9, '0'), 01009, 1, '2024-09-24', '2024-09-25', NULL, '2024-10-25', NULL, 586.7800000000001, 'in_progress');
        INSERT INTO loan_deductions (loan_deduction_id, loan_id, financial_advice, iva_financial_advice, notarial_charges, registration_expenses, balance_cancellation, loan_cancellation_id, other_expenses, total_deductions, other_expenses_description) VALUES (01009, 01009, 24.0, 3.12, 0, 0, 0, NULL, 0.0, 451.44, '' );
        INSERT INTO outlay_conditions (outlay_condition_id, loan_id, type, date, place, amount, cash_to, check_to, bank, bank_account_number, bank_account_owner, local_account_number, local_account_owner) VALUES (NULL, 01009, 1, '2024-09-25', 'Agencia Central', 348.56, NULL, NULL, NULL, NULL, NULL, NULL, NULL);
        INSERT INTO amortizations (amortization_id, amortizationable_id, amortizationable_type, date, amount, term, interest_rate, include_iva, include_insurance, payment, payment_frequency_id, amortization_method_id, last_payment_date)  VALUES ( NULL, 01009,  'App\\Models\\Loan',  '2024-09-25',  800.0,  14,  1.5, 3.12, '0', 63.78, 1, 2, '2024-10-25');
        INSERT INTO amortizations (amortization_id, amortizationable_id, amortizationable_type, date, amount, term, interest_rate, include_iva, include_insurance, payment, payment_frequency_id, amortization_method_id, last_payment_date) VALUES ( NULL, 01009, 'App\\Models\\LoanApplication', '2024-09-25', 800.0, 14, 1.5, 3.12, 0, 63.78, 1, 2, '2024-10-25');

        INSERT INTO clients (client_id, employee_id, registration_date, client_type_id, first_name, second_name, first_surname, second_surname, married_name, family_status_id, phone_number, cellphone_number, identification_type_id, identification_number, nit_homologation) 
        VALUES ('01010', '1', NOW(), 1, 'Maria', 'Del', 'Rosario', 'Barrera', 'Alvarado', 1, 's/a', 0, 1, '', 'true');
        INSERT INTO loan_applications (loan_application_id, loan_application_number, application_date, agency_id, client_id, employee_id, destination_id, guarantee_type_id, amount, term, status) VALUES (01010, LPAD(01010, 8, '0'), '2024-09-25', 1, 01010, 1, 1, 1, 500.0, 14, 'approved');
        INSERT INTO loans (loan_id, loan_number, loan_application_id, destination_id, approval_date, outlay_date, due_date, last_payment_date, next_payment_date, balance, status) VALUES (01010, LPAD(01010, 9, '0'), 01010, 1, '2024-09-25', '2024-09-26', NULL, '2024-10-31', NULL, 331.88, 'in_progress');
        INSERT INTO loan_deductions (loan_deduction_id, loan_id, financial_advice, iva_financial_advice, notarial_charges, registration_expenses, balance_cancellation, loan_cancellation_id, other_expenses, total_deductions, other_expenses_description) VALUES (01010, 01010, 15.0, 1.95, 0, 0, 0, NULL, 0.0, 207.3, '' );
        INSERT INTO outlay_conditions (outlay_condition_id, loan_id, type, date, place, amount, cash_to, check_to, bank, bank_account_number, bank_account_owner, local_account_number, local_account_owner) VALUES (NULL, 01010, 1, '2024-09-26', 'Agencia Central', 292.7, NULL, NULL, NULL, NULL, NULL, NULL, NULL);
        INSERT INTO amortizations (amortization_id, amortizationable_id, amortizationable_type, date, amount, term, interest_rate, include_iva, include_insurance, payment, payment_frequency_id, amortization_method_id, last_payment_date)  VALUES ( NULL, 01010,  'App\\Models\\Loan',  '2024-09-26',  500.0,  14,  1.45, 1.95, '0', 39.72, 1, 2, '2024-10-31');
        INSERT INTO amortizations (amortization_id, amortizationable_id, amortizationable_type, date, amount, term, interest_rate, include_iva, include_insurance, payment, payment_frequency_id, amortization_method_id, last_payment_date) VALUES ( NULL, 01010, 'App\\Models\\LoanApplication', '2024-09-26', 500.0, 14, 1.45, 1.95, 0, 39.72, 1, 2, '2024-10-31');

        INSERT INTO clients (client_id, employee_id, registration_date, client_type_id, first_name, second_name, first_surname, second_surname, married_name, family_status_id, phone_number, cellphone_number, identification_type_id, identification_number, nit_homologation) 
        VALUES ('01011', '1', NOW(), 1, 'Gloria', 'Esteffany', 'Hernandez', 'Luna', '', 1, 's/a', 0, 1, '', 'true');
        INSERT INTO loan_applications (loan_application_id, loan_application_number, application_date, agency_id, client_id, employee_id, destination_id, guarantee_type_id, amount, term, status) VALUES (01011, LPAD(01011, 8, '0'), '2024-09-25', 1, 01011, 1, 1, 1, 500.0, 14, 'approved');
        INSERT INTO loans (loan_id, loan_number, loan_application_id, destination_id, approval_date, outlay_date, due_date, last_payment_date, next_payment_date, balance, status) VALUES (01011, LPAD(01011, 9, '0'), 01011, 1, '2024-09-25', '2024-09-27', NULL, '2024-10-25', NULL, 366.15, 'in_progress');
        INSERT INTO loan_deductions (loan_deduction_id, loan_id, financial_advice, iva_financial_advice, notarial_charges, registration_expenses, balance_cancellation, loan_cancellation_id, other_expenses, total_deductions, other_expenses_description) VALUES (01011, 01011, 15.0, 1.95, 0, 0, 0, NULL, 0.0, 277.4, '' );
        INSERT INTO outlay_conditions (outlay_condition_id, loan_id, type, date, place, amount, cash_to, check_to, bank, bank_account_number, bank_account_owner, local_account_number, local_account_owner) VALUES (NULL, 01011, 1, '2024-09-27', 'Agencia Central', 222.6, NULL, NULL, NULL, NULL, NULL, NULL, NULL);
        INSERT INTO amortizations (amortization_id, amortizationable_id, amortizationable_type, date, amount, term, interest_rate, include_iva, include_insurance, payment, payment_frequency_id, amortization_method_id, last_payment_date)  VALUES ( NULL, 01011,  'App\\Models\\Loan',  '2024-09-27',  500.0,  14,  1.45, 1.95, '0', 39.72, 1, 2, '2024-10-25');
        INSERT INTO amortizations (amortization_id, amortizationable_id, amortizationable_type, date, amount, term, interest_rate, include_iva, include_insurance, payment, payment_frequency_id, amortization_method_id, last_payment_date) VALUES ( NULL, 01011, 'App\\Models\\LoanApplication', '2024-09-27', 500.0, 14, 1.45, 1.95, 0, 39.72, 1, 2, '2024-10-25');

        INSERT INTO clients (client_id, employee_id, registration_date, client_type_id, first_name, second_name, first_surname, second_surname, married_name, family_status_id, phone_number, cellphone_number, identification_type_id, identification_number, nit_homologation) 
        VALUES ('01012', '2', NOW(), 1, 'Cristian', 'Guillermo', 'Perez', 'Hernandez', '', 1, 's/a', 0, 1, '', 'true');
        INSERT INTO loan_applications (loan_application_id, loan_application_number, application_date, agency_id, client_id, employee_id, destination_id, guarantee_type_id, amount, term, status) VALUES (01012, LPAD(01012, 8, '0'), '2024-09-26', 1, 01012, 2, 1, 1, 2800.0, 36, 'approved');
        INSERT INTO loans (loan_id, loan_number, loan_application_id, destination_id, approval_date, outlay_date, due_date, last_payment_date, next_payment_date, balance, status) VALUES (01012, LPAD(01012, 9, '0'), 01012, 1, '2024-09-26', '2024-09-27', NULL, '2024-10-27', NULL, 2777.48, 'in_progress');
        INSERT INTO loan_deductions (loan_deduction_id, loan_id, financial_advice, iva_financial_advice, notarial_charges, registration_expenses, balance_cancellation, loan_cancellation_id, other_expenses, total_deductions, other_expenses_description) VALUES (01012, 01012, 84.0, 10.92, 0, 0, 0, NULL, 0.0, 876.34, '' );
        INSERT INTO outlay_conditions (outlay_condition_id, loan_id, type, date, place, amount, cash_to, check_to, bank, bank_account_number, bank_account_owner, local_account_number, local_account_owner) VALUES (NULL, 01012, 1, '2024-09-27', 'Agencia Central', 1923.66, NULL, NULL, NULL, NULL, NULL, NULL, NULL);
        INSERT INTO amortizations (amortization_id, amortizationable_id, amortizationable_type, date, amount, term, interest_rate, include_iva, include_insurance, payment, payment_frequency_id, amortization_method_id, last_payment_date)  VALUES ( NULL, 01012,  'App\\Models\\Loan',  '2024-09-27',  2800.0,  36,  6.31, 10.92, '1', 201.43, 4, 2, '2024-10-27');
        INSERT INTO amortizations (amortization_id, amortizationable_id, amortizationable_type, date, amount, term, interest_rate, include_iva, include_insurance, payment, payment_frequency_id, amortization_method_id, last_payment_date) VALUES ( NULL, 01012, 'App\\Models\\LoanApplication', '2024-09-27', 2800.0, 36, 6.31, 10.92, 1, 201.43, 4, 2, '2024-10-27');

        INSERT INTO clients (client_id, employee_id, registration_date, client_type_id, first_name, second_name, first_surname, second_surname, married_name, family_status_id, phone_number, cellphone_number, identification_type_id, identification_number, nit_homologation) 
        VALUES ('01013', '2', NOW(), 1, 'Yoselin', 'Zuleima', 'Ramos', 'De', 'Melendez', 1, 's/a', 0, 1, '', 'true');
        INSERT INTO loan_applications (loan_application_id, loan_application_number, application_date, agency_id, client_id, employee_id, destination_id, guarantee_type_id, amount, term, status) VALUES (01013, LPAD(01013, 8, '0'), '2024-09-26', 1, 01013, 2, 1, 1, 500.0, 14, 'approved');
        INSERT INTO loans (loan_id, loan_number, loan_application_id, destination_id, approval_date, outlay_date, due_date, last_payment_date, next_payment_date, balance, status) VALUES (01013, LPAD(01013, 9, '0'), 01013, 1, '2024-09-26', '2024-09-27', NULL, '2024-10-25', NULL, 367.04999999999995, 'in_progress');
        INSERT INTO loan_deductions (loan_deduction_id, loan_id, financial_advice, iva_financial_advice, notarial_charges, registration_expenses, balance_cancellation, loan_cancellation_id, other_expenses, total_deductions, other_expenses_description) VALUES (01013, 01013, 15.0, 1.95, 0, 0, 0, NULL, 0.0, 16.95, '' );
        INSERT INTO outlay_conditions (outlay_condition_id, loan_id, type, date, place, amount, cash_to, check_to, bank, bank_account_number, bank_account_owner, local_account_number, local_account_owner) VALUES (NULL, 01013, 1, '2024-09-27', 'Agencia Central', 483.05, NULL, NULL, NULL, NULL, NULL, NULL, NULL);
        INSERT INTO amortizations (amortization_id, amortizationable_id, amortizationable_type, date, amount, term, interest_rate, include_iva, include_insurance, payment, payment_frequency_id, amortization_method_id, last_payment_date)  VALUES ( NULL, 01013,  'App\\Models\\Loan',  '2024-09-27',  500.0,  14,  1.5, 1.95, '0', 39.86, 1, 2, '2024-10-25');
        INSERT INTO amortizations (amortization_id, amortizationable_id, amortizationable_type, date, amount, term, interest_rate, include_iva, include_insurance, payment, payment_frequency_id, amortization_method_id, last_payment_date) VALUES ( NULL, 01013, 'App\\Models\\LoanApplication', '2024-09-27', 500.0, 14, 1.5, 1.95, 0, 39.86, 1, 2, '2024-10-25');

        INSERT INTO clients (client_id, employee_id, registration_date, client_type_id, first_name, second_name, first_surname, second_surname, married_name, family_status_id, phone_number, cellphone_number, identification_type_id, identification_number, nit_homologation) 
        VALUES ('01014', '1', NOW(), 1, 'Jose', 'Orlando', 'Escobar', 'Alas', '', 1, 's/a', 0, 1, '', 'true');
        INSERT INTO loan_applications (loan_application_id, loan_application_number, application_date, agency_id, client_id, employee_id, destination_id, guarantee_type_id, amount, term, status) VALUES (01014, LPAD(01014, 8, '0'), '2024-09-27', 1, 01014, 1, 1, 1, 600.0, 8, 'approved');
        INSERT INTO loans (loan_id, loan_number, loan_application_id, destination_id, approval_date, outlay_date, due_date, last_payment_date, next_payment_date, balance, status) VALUES (01014, LPAD(01014, 9, '0'), 01014, 1, '2024-09-27', '2024-09-28', NULL, '2024-10-28', NULL, 452.84000000000003, 'in_progress');
        INSERT INTO loan_deductions (loan_deduction_id, loan_id, financial_advice, iva_financial_advice, notarial_charges, registration_expenses, balance_cancellation, loan_cancellation_id, other_expenses, total_deductions, other_expenses_description) VALUES (01014, 01014, 18.0, 2.34, 0, 0, 0, NULL, 0.0, 335.93, '' );
        INSERT INTO outlay_conditions (outlay_condition_id, loan_id, type, date, place, amount, cash_to, check_to, bank, bank_account_number, bank_account_owner, local_account_number, local_account_owner) VALUES (NULL, 01014, 1, '2024-09-28', 'Agencia Central', 264.07, NULL, NULL, NULL, NULL, NULL, NULL, NULL);
        INSERT INTO amortizations (amortization_id, amortizationable_id, amortizationable_type, date, amount, term, interest_rate, include_iva, include_insurance, payment, payment_frequency_id, amortization_method_id, last_payment_date)  VALUES ( NULL, 01014,  'App\\Models\\Loan',  '2024-09-28',  600.0,  8,  3.3, 2.34, '0', 86.56, 3, 2, '2024-10-28');
        INSERT INTO amortizations (amortization_id, amortizationable_id, amortizationable_type, date, amount, term, interest_rate, include_iva, include_insurance, payment, payment_frequency_id, amortization_method_id, last_payment_date) VALUES ( NULL, 01014, 'App\\Models\\LoanApplication', '2024-09-28', 600.0, 8, 3.3, 2.34, 0, 86.56, 3, 2, '2024-10-28');

        INSERT INTO clients (client_id, employee_id, registration_date, client_type_id, first_name, second_name, first_surname, second_surname, married_name, family_status_id, phone_number, cellphone_number, identification_type_id, identification_number, nit_homologation) 
        VALUES ('01015', '1', NOW(), 1, 'Jeaneth', 'Marisol', 'Salas', 'De', 'Polanco', 1, 's/a', 0, 1, '', 'true');
        INSERT INTO loan_applications (loan_application_id, loan_application_number, application_date, agency_id, client_id, employee_id, destination_id, guarantee_type_id, amount, term, status) VALUES (01015, LPAD(01015, 8, '0'), 'NULL', 1, 01015, 1, 1, 1, 700.0, 12, 'approved');
        INSERT INTO loans (loan_id, loan_number, loan_application_id, destination_id, approval_date, outlay_date, due_date, last_payment_date, next_payment_date, balance, status) VALUES (01015, LPAD(01015, 9, '0'), 01015, 1, 'NULL', 'NULL', NULL, '2024-10-28', NULL, 602.09, 'in_progress');
        INSERT INTO loan_deductions (loan_deduction_id, loan_id, financial_advice, iva_financial_advice, notarial_charges, registration_expenses, balance_cancellation, loan_cancellation_id, other_expenses, total_deductions, other_expenses_description) VALUES (01015, 01015, 21.0, 2.73, 0, 0, 0, NULL, 0.0, 209.68, '' );
        INSERT INTO outlay_conditions (outlay_condition_id, loan_id, type, date, place, amount, cash_to, check_to, bank, bank_account_number, bank_account_owner, local_account_number, local_account_owner) VALUES (NULL, 01015, 1, 'NULL', 'Agencia Central', 490.32, NULL, NULL, NULL, NULL, NULL, NULL, NULL);
        INSERT INTO amortizations (amortization_id, amortizationable_id, amortizationable_type, date, amount, term, interest_rate, include_iva, include_insurance, payment, payment_frequency_id, amortization_method_id, last_payment_date)  VALUES ( NULL, 01015,  'App\\Models\\Loan',  'NULL',  700.0,  12,  3.43, 2.73, '0', 72.14, 3, 2, '2024-10-28');
        INSERT INTO amortizations (amortization_id, amortizationable_id, amortizationable_type, date, amount, term, interest_rate, include_iva, include_insurance, payment, payment_frequency_id, amortization_method_id, last_payment_date) VALUES ( NULL, 01015, 'App\\Models\\LoanApplication', 'NULL', 700.0, 12, 3.43, 2.73, 0, 72.14, 3, 2, '2024-10-28');

        INSERT INTO clients (client_id, employee_id, registration_date, client_type_id, first_name, second_name, first_surname, second_surname, married_name, family_status_id, phone_number, cellphone_number, identification_type_id, identification_number, nit_homologation) 
        VALUES ('01016', '1', NOW(), 1, 'Maria', 'Cecilia', 'Ramirez', 'Castillo', '', 1, 's/a', 0, 1, '', 'true');
        INSERT INTO loan_applications (loan_application_id, loan_application_number, application_date, agency_id, client_id, employee_id, destination_id, guarantee_type_id, amount, term, status) VALUES (01016, LPAD(01016, 8, '0'), '2024-09-30', 1, 01016, 1, 1, 1, 500.0, 8, 'approved');
        INSERT INTO loans (loan_id, loan_number, loan_application_id, destination_id, approval_date, outlay_date, due_date, last_payment_date, next_payment_date, balance, status) VALUES (01016, LPAD(01016, 9, '0'), 01016, 1, '2024-09-30', '2024-09-30', NULL, '2024-10-30', NULL, 383.37, 'in_progress');
        INSERT INTO loan_deductions (loan_deduction_id, loan_id, financial_advice, iva_financial_advice, notarial_charges, registration_expenses, balance_cancellation, loan_cancellation_id, other_expenses, total_deductions, other_expenses_description) VALUES (01016, 01016, 15.0, 1.95, 0, 0, 0, NULL, 0.0, 291.93, '' );
        INSERT INTO outlay_conditions (outlay_condition_id, loan_id, type, date, place, amount, cash_to, check_to, bank, bank_account_number, bank_account_owner, local_account_number, local_account_owner) VALUES (NULL, 01016, 1, '2024-09-30', 'Agencia Central', 208.07, NULL, NULL, NULL, NULL, NULL, NULL, NULL);
        INSERT INTO amortizations (amortization_id, amortizationable_id, amortizationable_type, date, amount, term, interest_rate, include_iva, include_insurance, payment, payment_frequency_id, amortization_method_id, last_payment_date)  VALUES ( NULL, 01016,  'App\\Models\\Loan',  '2024-09-30',  500.0,  8,  3.3, 1.95, '0', 72.13, 3, 2, '2024-10-30');
        INSERT INTO amortizations (amortization_id, amortizationable_id, amortizationable_type, date, amount, term, interest_rate, include_iva, include_insurance, payment, payment_frequency_id, amortization_method_id, last_payment_date) VALUES ( NULL, 01016, 'App\\Models\\LoanApplication', '2024-09-30', 500.0, 8, 3.3, 1.95, 0, 72.13, 3, 2, '2024-10-30');

        INSERT INTO clients (client_id, employee_id, registration_date, client_type_id, first_name, second_name, first_surname, second_surname, married_name, family_status_id, phone_number, cellphone_number, identification_type_id, identification_number, nit_homologation) 
        VALUES ('01017', '4', NOW(), 1, 'Cesar', 'Antonio', 'Flores', '', '', 1, 's/a', 0, 1, '', 'true');
        INSERT INTO loan_applications (loan_application_id, loan_application_number, application_date, agency_id, client_id, employee_id, destination_id, guarantee_type_id, amount, term, status) VALUES (01017, LPAD(01017, 8, '0'), '2024-10-02', 1, 01017, 4, 1, 1, 836.84, 16, 'approved');
        INSERT INTO loans (loan_id, loan_number, loan_application_id, destination_id, approval_date, outlay_date, due_date, last_payment_date, next_payment_date, balance, status) VALUES (01017, LPAD(01017, 9, '0'), 01017, 1, '2024-10-02', '2024-10-03', NULL, '2024-10-18', NULL, 792.76, 'in_progress');
        INSERT INTO loan_deductions (loan_deduction_id, loan_id, financial_advice, iva_financial_advice, notarial_charges, registration_expenses, balance_cancellation, loan_cancellation_id, other_expenses, total_deductions, other_expenses_description) VALUES (01017, 01017, 23.27, 3.03, 0, 0, 0, NULL, 0.0, 836.84, '' );
        INSERT INTO outlay_conditions (outlay_condition_id, loan_id, type, date, place, amount, cash_to, check_to, bank, bank_account_number, bank_account_owner, local_account_number, local_account_owner) VALUES (NULL, 01017, 1, '2024-10-03', 'Agencia Central', 0.0, NULL, NULL, NULL, NULL, NULL, NULL, NULL);
        INSERT INTO amortizations (amortization_id, amortizationable_id, amortizationable_type, date, amount, term, interest_rate, include_iva, include_insurance, payment, payment_frequency_id, amortization_method_id, last_payment_date)  VALUES ( NULL, 01017,  'App\\Models\\Loan',  '2024-10-03',  836.84,  16,  2.5, 3.03, '0', 64.1, 3, 2, '2024-10-18');
        INSERT INTO amortizations (amortization_id, amortizationable_id, amortizationable_type, date, amount, term, interest_rate, include_iva, include_insurance, payment, payment_frequency_id, amortization_method_id, last_payment_date) VALUES ( NULL, 01017, 'App\\Models\\LoanApplication', '2024-10-03', 836.84, 16, 2.5, 3.03, 0, 64.1, 3, 2, '2024-10-18');

        INSERT INTO clients (client_id, employee_id, registration_date, client_type_id, first_name, second_name, first_surname, second_surname, married_name, family_status_id, phone_number, cellphone_number, identification_type_id, identification_number, nit_homologation) 
        VALUES ('01018', '2', NOW(), 1, 'Jose', 'Paul', 'Martir', 'Lopez', '', 1, 's/a', 0, 1, '', 'true');
        INSERT INTO loan_applications (loan_application_id, loan_application_number, application_date, agency_id, client_id, employee_id, destination_id, guarantee_type_id, amount, term, status) VALUES (01018, LPAD(01018, 8, '0'), '2024-10-03', 1, 01018, 2, 1, 1, 1200.0, 24, 'approved');
        INSERT INTO loans (loan_id, loan_number, loan_application_id, destination_id, approval_date, outlay_date, due_date, last_payment_date, next_payment_date, balance, status) VALUES (01018, LPAD(01018, 9, '0'), 01018, 1, '2024-10-03', '2024-10-04', NULL, 'NULL', NULL, NULL, 'in_progress');
        INSERT INTO loan_deductions (loan_deduction_id, loan_id, financial_advice, iva_financial_advice, notarial_charges, registration_expenses, balance_cancellation, loan_cancellation_id, other_expenses, total_deductions, other_expenses_description) VALUES (01018, 01018, 36.0, 4.68, 0, 0, 0, NULL, 0.0, 946.17, '' );
        INSERT INTO outlay_conditions (outlay_condition_id, loan_id, type, date, place, amount, cash_to, check_to, bank, bank_account_number, bank_account_owner, local_account_number, local_account_owner) VALUES (NULL, 01018, 1, '2024-10-04', 'Agencia Central', 253.83, NULL, NULL, NULL, NULL, NULL, NULL, NULL);
        INSERT INTO amortizations (amortization_id, amortizationable_id, amortizationable_type, date, amount, term, interest_rate, include_iva, include_insurance, payment, payment_frequency_id, amortization_method_id, last_payment_date)  VALUES ( NULL, 01018,  'App\\Models\\Loan',  '2024-10-04',  1200.0,  24,  3.35, 4.68, '1', 74.15, 3, 2, 'NULL');
        INSERT INTO amortizations (amortization_id, amortizationable_id, amortizationable_type, date, amount, term, interest_rate, include_iva, include_insurance, payment, payment_frequency_id, amortization_method_id, last_payment_date) VALUES ( NULL, 01018, 'App\\Models\\LoanApplication', '2024-10-04', 1200.0, 24, 3.35, 4.68, 1, 74.15, 3, 2, 'NULL');

        INSERT INTO clients (client_id, employee_id, registration_date, client_type_id, first_name, second_name, first_surname, second_surname, married_name, family_status_id, phone_number, cellphone_number, identification_type_id, identification_number, nit_homologation) 
        VALUES ('01019', '4', NOW(), 1, 'Dinora', 'Concepcion', 'Merino', 'Lopez', '', 1, 's/a', 0, 1, '', 'true');
        INSERT INTO loan_applications (loan_application_id, loan_application_number, application_date, agency_id, client_id, employee_id, destination_id, guarantee_type_id, amount, term, status) VALUES (01019, LPAD(01019, 8, '0'), '2024-10-03', 1, 01019, 4, 1, 1, 1000.0, 12, 'approved');
        INSERT INTO loans (loan_id, loan_number, loan_application_id, destination_id, approval_date, outlay_date, due_date, last_payment_date, next_payment_date, balance, status) VALUES (01019, LPAD(01019, 9, '0'), 01019, 1, '2024-10-03', '2024-10-04', NULL, '2024-10-19', NULL, 930.77, 'in_progress');
        INSERT INTO loan_deductions (loan_deduction_id, loan_id, financial_advice, iva_financial_advice, notarial_charges, registration_expenses, balance_cancellation, loan_cancellation_id, other_expenses, total_deductions, other_expenses_description) VALUES (01019, 01019, 30.0, 3.9, 0, 0, 0, NULL, 0.0, 593.87, '' );
        INSERT INTO outlay_conditions (outlay_condition_id, loan_id, type, date, place, amount, cash_to, check_to, bank, bank_account_number, bank_account_owner, local_account_number, local_account_owner) VALUES (NULL, 01019, 1, '2024-10-04', 'Agencia Central', 406.13, NULL, NULL, NULL, NULL, NULL, NULL, NULL);
        INSERT INTO amortizations (amortization_id, amortizationable_id, amortizationable_type, date, amount, term, interest_rate, include_iva, include_insurance, payment, payment_frequency_id, amortization_method_id, last_payment_date)  VALUES ( NULL, 01019,  'App\\Models\\Loan',  '2024-10-04',  1000.0,  12,  3.31, 3.9, '0', 102.33, 3, 2, '2024-10-19');
        INSERT INTO amortizations (amortization_id, amortizationable_id, amortizationable_type, date, amount, term, interest_rate, include_iva, include_insurance, payment, payment_frequency_id, amortization_method_id, last_payment_date) VALUES ( NULL, 01019, 'App\\Models\\LoanApplication', '2024-10-04', 1000.0, 12, 3.31, 3.9, 0, 102.33, 3, 2, '2024-10-19');

        INSERT INTO clients (client_id, employee_id, registration_date, client_type_id, first_name, second_name, first_surname, second_surname, married_name, family_status_id, phone_number, cellphone_number, identification_type_id, identification_number, nit_homologation) 
        VALUES ('01020', '4', NOW(), 1, 'Mayra', 'Elisa', 'Granados', 'Romero', '', 1, 's/a', 0, 1, '', 'true');
        INSERT INTO loan_applications (loan_application_id, loan_application_number, application_date, agency_id, client_id, employee_id, destination_id, guarantee_type_id, amount, term, status) VALUES (01020, LPAD(01020, 8, '0'), '2024-09-03', 1, 01020, 4, 1, 1, 300.0, 14, 'approved');
        INSERT INTO loans (loan_id, loan_number, loan_application_id, destination_id, approval_date, outlay_date, due_date, last_payment_date, next_payment_date, balance, status) VALUES (01020, LPAD(01020, 9, '0'), 01020, 1, '2024-09-03', '2024-09-04', NULL, '2024-10-25', NULL, 237.90000000000003, 'in_progress');
        INSERT INTO loan_deductions (loan_deduction_id, loan_id, financial_advice, iva_financial_advice, notarial_charges, registration_expenses, balance_cancellation, loan_cancellation_id, other_expenses, total_deductions, other_expenses_description) VALUES (01020, 01020, 9.0, 1.17, 0, 0, 0, NULL, 0.0, 169.07, '' );
        INSERT INTO outlay_conditions (outlay_condition_id, loan_id, type, date, place, amount, cash_to, check_to, bank, bank_account_number, bank_account_owner, local_account_number, local_account_owner) VALUES (NULL, 01020, 1, '2024-09-04', 'Agencia Central', 130.93, NULL, NULL, NULL, NULL, NULL, NULL, NULL);
        INSERT INTO amortizations (amortization_id, amortizationable_id, amortizationable_type, date, amount, term, interest_rate, include_iva, include_insurance, payment, payment_frequency_id, amortization_method_id, last_payment_date)  VALUES ( NULL, 01020,  'App\\Models\\Loan',  '2024-09-04',  300.0,  14,  1.45, 1.17, '0', 23.83, 1, 2, '2024-10-25');
        INSERT INTO amortizations (amortization_id, amortizationable_id, amortizationable_type, date, amount, term, interest_rate, include_iva, include_insurance, payment, payment_frequency_id, amortization_method_id, last_payment_date) VALUES ( NULL, 01020, 'App\\Models\\LoanApplication', '2024-09-04', 300.0, 14, 1.45, 1.17, 0, 23.83, 1, 2, '2024-10-25');

        INSERT INTO clients (client_id, employee_id, registration_date, client_type_id, first_name, second_name, first_surname, second_surname, married_name, family_status_id, phone_number, cellphone_number, identification_type_id, identification_number, nit_homologation) 
        VALUES ('01021', '2', NOW(), 1, 'Blanca', 'Arely', 'Cartagena', 'Ramos', '', 1, 's/a', 0, 1, '', 'true');
        INSERT INTO loan_applications (loan_application_id, loan_application_number, application_date, agency_id, client_id, employee_id, destination_id, guarantee_type_id, amount, term, status) VALUES (01021, LPAD(01021, 8, '0'), '2024-10-03', 1, 01021, 2, 1, 1, 200.0, 14, 'approved');
        INSERT INTO loans (loan_id, loan_number, loan_application_id, destination_id, approval_date, outlay_date, due_date, last_payment_date, next_payment_date, balance, status) VALUES (01021, LPAD(01021, 9, '0'), 01021, 1, '2024-10-03', '2024-10-04', NULL, '2024-10-25', NULL, 144.46, 'in_progress');
        INSERT INTO loan_deductions (loan_deduction_id, loan_id, financial_advice, iva_financial_advice, notarial_charges, registration_expenses, balance_cancellation, loan_cancellation_id, other_expenses, total_deductions, other_expenses_description) VALUES (01021, 01021, 6.0, 0.78, 0, 0, 0, NULL, 0.0, 6.78, '' );
        INSERT INTO outlay_conditions (outlay_condition_id, loan_id, type, date, place, amount, cash_to, check_to, bank, bank_account_number, bank_account_owner, local_account_number, local_account_owner) VALUES (NULL, 01021, 1, '2024-10-04', 'Agencia Central', 193.22, NULL, NULL, NULL, NULL, NULL, NULL, NULL);
        INSERT INTO amortizations (amortization_id, amortizationable_id, amortizationable_type, date, amount, term, interest_rate, include_iva, include_insurance, payment, payment_frequency_id, amortization_method_id, last_payment_date)  VALUES ( NULL, 01021,  'App\\Models\\Loan',  '2024-10-04',  200.0,  14,  1.5, 0.78, '0', 15.94, 1, 2, '2024-10-25');
        INSERT INTO amortizations (amortization_id, amortizationable_id, amortizationable_type, date, amount, term, interest_rate, include_iva, include_insurance, payment, payment_frequency_id, amortization_method_id, last_payment_date) VALUES ( NULL, 01021, 'App\\Models\\LoanApplication', '2024-10-04', 200.0, 14, 1.5, 0.78, 0, 15.94, 1, 2, '2024-10-25');

        INSERT INTO clients (client_id, employee_id, registration_date, client_type_id, first_name, second_name, first_surname, second_surname, married_name, family_status_id, phone_number, cellphone_number, identification_type_id, identification_number, nit_homologation) 
        VALUES ('01022', '2', NOW(), 1, 'Delmy', 'Guadalupe', 'Prado', 'De', 'Montes', 1, 's/a', 0, 1, '', 'true');
        INSERT INTO loan_applications (loan_application_id, loan_application_number, application_date, agency_id, client_id, employee_id, destination_id, guarantee_type_id, amount, term, status) VALUES (01022, LPAD(01022, 8, '0'), '2024-10-03', 1, 01022, 2, 1, 1, 300.0, 14, 'approved');
        INSERT INTO loans (loan_id, loan_number, loan_application_id, destination_id, approval_date, outlay_date, due_date, last_payment_date, next_payment_date, balance, status) VALUES (01022, LPAD(01022, 9, '0'), 01022, 1, '2024-10-03', '2024-10-04', NULL, '2024-10-28', NULL, 238.62, 'in_progress');
        INSERT INTO loan_deductions (loan_deduction_id, loan_id, financial_advice, iva_financial_advice, notarial_charges, registration_expenses, balance_cancellation, loan_cancellation_id, other_expenses, total_deductions, other_expenses_description) VALUES (01022, 01022, 9.0, 1.17, 0, 0, 0, NULL, 0.0, 166.46, '' );
        INSERT INTO outlay_conditions (outlay_condition_id, loan_id, type, date, place, amount, cash_to, check_to, bank, bank_account_number, bank_account_owner, local_account_number, local_account_owner) VALUES (NULL, 01022, 1, '2024-10-04', 'Agencia Central', 133.54, NULL, NULL, NULL, NULL, NULL, NULL, NULL);
        INSERT INTO amortizations (amortization_id, amortizationable_id, amortizationable_type, date, amount, term, interest_rate, include_iva, include_insurance, payment, payment_frequency_id, amortization_method_id, last_payment_date)  VALUES ( NULL, 01022,  'App\\Models\\Loan',  '2024-10-04',  300.0,  14,  1.5, 1.17, '0', 23.92, 1, 2, '2024-10-28');
        INSERT INTO amortizations (amortization_id, amortizationable_id, amortizationable_type, date, amount, term, interest_rate, include_iva, include_insurance, payment, payment_frequency_id, amortization_method_id, last_payment_date) VALUES ( NULL, 01022, 'App\\Models\\LoanApplication', '2024-10-04', 300.0, 14, 1.5, 1.17, 0, 23.92, 1, 2, '2024-10-28');

        INSERT INTO clients (client_id, employee_id, registration_date, client_type_id, first_name, second_name, first_surname, second_surname, married_name, family_status_id, phone_number, cellphone_number, identification_type_id, identification_number, nit_homologation) 
        VALUES ('01023', '2', NOW(), 1, 'Marina', 'Elsa', 'Martinez', 'De', 'Badio', 1, 's/a', 0, 1, '', 'true');
        INSERT INTO loan_applications (loan_application_id, loan_application_number, application_date, agency_id, client_id, employee_id, destination_id, guarantee_type_id, amount, term, status) VALUES (01023, LPAD(01023, 8, '0'), '2024-10-04', 1, 01023, 2, 1, 1, 1000.0, 16, 'approved');
        INSERT INTO loans (loan_id, loan_number, loan_application_id, destination_id, approval_date, outlay_date, due_date, last_payment_date, next_payment_date, balance, status) VALUES (01023, LPAD(01023, 9, '0'), 01023, 1, '2024-10-04', '2024-10-05', NULL, '2024-10-23', NULL, 952.28, 'in_progress');
        INSERT INTO loan_deductions (loan_deduction_id, loan_id, financial_advice, iva_financial_advice, notarial_charges, registration_expenses, balance_cancellation, loan_cancellation_id, other_expenses, total_deductions, other_expenses_description) VALUES (01023, 01023, 30.0, 3.9, 0, 0, 0, NULL, 0.0, 68.9, '' );
        INSERT INTO outlay_conditions (outlay_condition_id, loan_id, type, date, place, amount, cash_to, check_to, bank, bank_account_number, bank_account_owner, local_account_number, local_account_owner) VALUES (NULL, 01023, 1, '2024-10-05', 'Agencia Central', 931.1, NULL, NULL, NULL, NULL, NULL, NULL, NULL);
        INSERT INTO amortizations (amortization_id, amortizationable_id, amortizationable_type, date, amount, term, interest_rate, include_iva, include_insurance, payment, payment_frequency_id, amortization_method_id, last_payment_date)  VALUES ( NULL, 01023,  'App\\Models\\Loan',  '2024-10-05',  1000.0,  16,  3.49, 3.9, '0', 82.62, 3, 2, '2024-10-23');
        INSERT INTO amortizations (amortization_id, amortizationable_id, amortizationable_type, date, amount, term, interest_rate, include_iva, include_insurance, payment, payment_frequency_id, amortization_method_id, last_payment_date) VALUES ( NULL, 01023, 'App\\Models\\LoanApplication', '2024-10-05', 1000.0, 16, 3.49, 3.9, 0, 82.62, 3, 2, '2024-10-23');

        INSERT INTO clients (client_id, employee_id, registration_date, client_type_id, first_name, second_name, first_surname, second_surname, married_name, family_status_id, phone_number, cellphone_number, identification_type_id, identification_number, nit_homologation) 
        VALUES ('01024', '2', NOW(), 1, 'Soila', 'Esperanza', 'Cruz', 'De', 'Rivera', 1, 's/a', 0, 1, '', 'true');
        INSERT INTO loan_applications (loan_application_id, loan_application_number, application_date, agency_id, client_id, employee_id, destination_id, guarantee_type_id, amount, term, status) VALUES (01024, LPAD(01024, 8, '0'), '2024-10-05', 1, 01024, 2, 1, 1, 400.0, 14, 'approved');
        INSERT INTO loans (loan_id, loan_number, loan_application_id, destination_id, approval_date, outlay_date, due_date, last_payment_date, next_payment_date, balance, status) VALUES (01024, LPAD(01024, 9, '0'), 01024, 1, '2024-10-05', '2024-10-07', NULL, '2024-10-28', NULL, 312.91, 'in_progress');
        INSERT INTO loan_deductions (loan_deduction_id, loan_id, financial_advice, iva_financial_advice, notarial_charges, registration_expenses, balance_cancellation, loan_cancellation_id, other_expenses, total_deductions, other_expenses_description) VALUES (01024, 01024, 12.0, 1.56, 0, 0, 0, NULL, 0.0, 107.08, '' );
        INSERT INTO outlay_conditions (outlay_condition_id, loan_id, type, date, place, amount, cash_to, check_to, bank, bank_account_number, bank_account_owner, local_account_number, local_account_owner) VALUES (NULL, 01024, 1, '2024-10-07', 'Agencia Central', 292.92, NULL, NULL, NULL, NULL, NULL, NULL, NULL);
        INSERT INTO amortizations (amortization_id, amortizationable_id, amortizationable_type, date, amount, term, interest_rate, include_iva, include_insurance, payment, payment_frequency_id, amortization_method_id, last_payment_date)  VALUES ( NULL, 01024,  'App\\Models\\Loan',  '2024-10-07',  400.0,  14,  1.5, 1.56, '0', 31.89, 1, 2, '2024-10-28');
        INSERT INTO amortizations (amortization_id, amortizationable_id, amortizationable_type, date, amount, term, interest_rate, include_iva, include_insurance, payment, payment_frequency_id, amortization_method_id, last_payment_date) VALUES ( NULL, 01024, 'App\\Models\\LoanApplication', '2024-10-07', 400.0, 14, 1.5, 1.56, 0, 31.89, 1, 2, '2024-10-28');

        INSERT INTO clients (client_id, employee_id, registration_date, client_type_id, first_name, second_name, first_surname, second_surname, married_name, family_status_id, phone_number, cellphone_number, identification_type_id, identification_number, nit_homologation) 
        VALUES ('01025', '2', NOW(), 1, 'Carlos', 'Roberto', 'Avalos', '', '', 1, 's/a', 0, 1, '', 'true');
        INSERT INTO loan_applications (loan_application_id, loan_application_number, application_date, agency_id, client_id, employee_id, destination_id, guarantee_type_id, amount, term, status) VALUES (01025, LPAD(01025, 8, '0'), '2024-10-05', 1, 01025, 2, 1, 1, 600.0, 14, 'approved');
        INSERT INTO loans (loan_id, loan_number, loan_application_id, destination_id, approval_date, outlay_date, due_date, last_payment_date, next_payment_date, balance, status) VALUES (01025, LPAD(01025, 9, '0'), 01025, 1, '2024-10-05', '2024-10-07', NULL, '2024-10-31', NULL, 482.65, 'in_progress');
        INSERT INTO loan_deductions (loan_deduction_id, loan_id, financial_advice, iva_financial_advice, notarial_charges, registration_expenses, balance_cancellation, loan_cancellation_id, other_expenses, total_deductions, other_expenses_description) VALUES (01025, 01025, 18.0, 2.34, 0, 0, 0, NULL, 0.0, 338.06, '' );
        INSERT INTO outlay_conditions (outlay_condition_id, loan_id, type, date, place, amount, cash_to, check_to, bank, bank_account_number, bank_account_owner, local_account_number, local_account_owner) VALUES (NULL, 01025, 1, '2024-10-07', 'Agencia Central', 261.94, NULL, NULL, NULL, NULL, NULL, NULL, NULL);
        INSERT INTO amortizations (amortization_id, amortizationable_id, amortizationable_type, date, amount, term, interest_rate, include_iva, include_insurance, payment, payment_frequency_id, amortization_method_id, last_payment_date)  VALUES ( NULL, 01025,  'App\\Models\\Loan',  '2024-10-07',  600.0,  14,  1.45, 2.34, '0', 47.66, 1, 2, '2024-10-31');
        INSERT INTO amortizations (amortization_id, amortizationable_id, amortizationable_type, date, amount, term, interest_rate, include_iva, include_insurance, payment, payment_frequency_id, amortization_method_id, last_payment_date) VALUES ( NULL, 01025, 'App\\Models\\LoanApplication', '2024-10-07', 600.0, 14, 1.45, 2.34, 0, 47.66, 1, 2, '2024-10-31');

        INSERT INTO clients (client_id, employee_id, registration_date, client_type_id, first_name, second_name, first_surname, second_surname, married_name, family_status_id, phone_number, cellphone_number, identification_type_id, identification_number, nit_homologation) 
        VALUES ('01026', '4', NOW(), 1, 'Sandra', 'Lisseth', 'Anaya', '', '', 1, 's/a', 0, 1, '', 'true');
        INSERT INTO loan_applications (loan_application_id, loan_application_number, application_date, agency_id, client_id, employee_id, destination_id, guarantee_type_id, amount, term, status) VALUES (01026, LPAD(01026, 8, '0'), '2024-10-07', 1, 01026, 4, 1, 1, 600.0, 14, 'approved');
        INSERT INTO loans (loan_id, loan_number, loan_application_id, destination_id, approval_date, outlay_date, due_date, last_payment_date, next_payment_date, balance, status) VALUES (01026, LPAD(01026, 9, '0'), 01026, 1, '2024-10-07', '2024-10-08', NULL, '2024-10-31', NULL, 468.24, 'in_progress');
        INSERT INTO loan_deductions (loan_deduction_id, loan_id, financial_advice, iva_financial_advice, notarial_charges, registration_expenses, balance_cancellation, loan_cancellation_id, other_expenses, total_deductions, other_expenses_description) VALUES (01026, 01026, 18.0, 2.34, 0, 0, 0, NULL, 0.0, 318.19, '' );
        INSERT INTO outlay_conditions (outlay_condition_id, loan_id, type, date, place, amount, cash_to, check_to, bank, bank_account_number, bank_account_owner, local_account_number, local_account_owner) VALUES (NULL, 01026, 1, '2024-10-08', 'Agencia Central', 281.81, NULL, NULL, NULL, NULL, NULL, NULL, NULL);
        INSERT INTO amortizations (amortization_id, amortizationable_id, amortizationable_type, date, amount, term, interest_rate, include_iva, include_insurance, payment, payment_frequency_id, amortization_method_id, last_payment_date)  VALUES ( NULL, 01026,  'App\\Models\\Loan',  '2024-10-08',  600.0,  14,  1.5, 2.34, '0', 47.83, 1, 2, '2024-10-31');
        INSERT INTO amortizations (amortization_id, amortizationable_id, amortizationable_type, date, amount, term, interest_rate, include_iva, include_insurance, payment, payment_frequency_id, amortization_method_id, last_payment_date) VALUES ( NULL, 01026, 'App\\Models\\LoanApplication', '2024-10-08', 600.0, 14, 1.5, 2.34, 0, 47.83, 1, 2, '2024-10-31');

        INSERT INTO clients (client_id, employee_id, registration_date, client_type_id, first_name, second_name, first_surname, second_surname, married_name, family_status_id, phone_number, cellphone_number, identification_type_id, identification_number, nit_homologation) 
        VALUES ('01027', '4', NOW(), 1, 'Daniel', 'Eduardo', 'Mendez', 'Huezo', '', 1, 's/a', 0, 1, '', 'true');
        INSERT INTO loan_applications (loan_application_id, loan_application_number, application_date, agency_id, client_id, employee_id, destination_id, guarantee_type_id, amount, term, status) VALUES (01027, LPAD(01027, 8, '0'), '2024-10-07', 1, 01027, 4, 1, 1, 900.0, 14, 'approved');
        INSERT INTO loans (loan_id, loan_number, loan_application_id, destination_id, approval_date, outlay_date, due_date, last_payment_date, next_payment_date, balance, status) VALUES (01027, LPAD(01027, 9, '0'), 01027, 1, '2024-10-07', '2024-10-09', NULL, 'NULL', NULL, NULL, 'in_progress');
        INSERT INTO loan_deductions (loan_deduction_id, loan_id, financial_advice, iva_financial_advice, notarial_charges, registration_expenses, balance_cancellation, loan_cancellation_id, other_expenses, total_deductions, other_expenses_description) VALUES (01027, 01027, 27.0, 3.51, 0, 0, 0, NULL, 0.0, 527.1, '' );
        INSERT INTO outlay_conditions (outlay_condition_id, loan_id, type, date, place, amount, cash_to, check_to, bank, bank_account_number, bank_account_owner, local_account_number, local_account_owner) VALUES (NULL, 01027, 1, '2024-10-09', 'Agencia Central', 372.9, NULL, NULL, NULL, NULL, NULL, NULL, NULL);
        INSERT INTO amortizations (amortization_id, amortizationable_id, amortizationable_type, date, amount, term, interest_rate, include_iva, include_insurance, payment, payment_frequency_id, amortization_method_id, last_payment_date)  VALUES ( NULL, 01027,  'App\\Models\\Loan',  '2024-10-09',  900.0,  14,  6.5, 3.51, '0', 99.85, 4, 2, 'NULL');
        INSERT INTO amortizations (amortization_id, amortizationable_id, amortizationable_type, date, amount, term, interest_rate, include_iva, include_insurance, payment, payment_frequency_id, amortization_method_id, last_payment_date) VALUES ( NULL, 01027, 'App\\Models\\LoanApplication', '2024-10-09', 900.0, 14, 6.5, 3.51, 0, 99.85, 4, 2, 'NULL');

        INSERT INTO clients (client_id, employee_id, registration_date, client_type_id, first_name, second_name, first_surname, second_surname, married_name, family_status_id, phone_number, cellphone_number, identification_type_id, identification_number, nit_homologation) 
        VALUES ('01028', '2', NOW(), 1, 'Silvia', 'Noemi', 'Castro', 'De', 'Orellana', 1, 's/a', 0, 1, '', 'true');
        INSERT INTO loan_applications (loan_application_id, loan_application_number, application_date, agency_id, client_id, employee_id, destination_id, guarantee_type_id, amount, term, status) VALUES (01028, LPAD(01028, 8, '0'), '2024-10-04', 1, 01028, 2, 1, 1, 500.0, 14, 'approved');
        INSERT INTO loans (loan_id, loan_number, loan_application_id, destination_id, approval_date, outlay_date, due_date, last_payment_date, next_payment_date, balance, status) VALUES (01028, LPAD(01028, 9, '0'), 01028, 1, '2024-10-04', '2024-10-10', NULL, '2024-10-31', NULL, 370.58000000000004, 'in_progress');
        INSERT INTO loan_deductions (loan_deduction_id, loan_id, financial_advice, iva_financial_advice, notarial_charges, registration_expenses, balance_cancellation, loan_cancellation_id, other_expenses, total_deductions, other_expenses_description) VALUES (01028, 01028, 15.0, 1.95, 0, 0, 0, NULL, 0.0, 16.95, '' );
        INSERT INTO outlay_conditions (outlay_condition_id, loan_id, type, date, place, amount, cash_to, check_to, bank, bank_account_number, bank_account_owner, local_account_number, local_account_owner) VALUES (NULL, 01028, 1, '2024-10-10', 'Agencia Central', 483.05, NULL, NULL, NULL, NULL, NULL, NULL, NULL);
        INSERT INTO amortizations (amortization_id, amortizationable_id, amortizationable_type, date, amount, term, interest_rate, include_iva, include_insurance, payment, payment_frequency_id, amortization_method_id, last_payment_date)  VALUES ( NULL, 01028,  'App\\Models\\Loan',  '2024-10-10',  500.0,  14,  1.5, 1.95, '0', 32.86, 1, 2, '2024-10-31');
        INSERT INTO amortizations (amortization_id, amortizationable_id, amortizationable_type, date, amount, term, interest_rate, include_iva, include_insurance, payment, payment_frequency_id, amortization_method_id, last_payment_date) VALUES ( NULL, 01028, 'App\\Models\\LoanApplication', '2024-10-10', 500.0, 14, 1.5, 1.95, 0, 32.86, 1, 2, '2024-10-31');

        INSERT INTO clients (client_id, employee_id, registration_date, client_type_id, first_name, second_name, first_surname, second_surname, married_name, family_status_id, phone_number, cellphone_number, identification_type_id, identification_number, nit_homologation) 
        VALUES ('01029', '4', NOW(), 1, 'Fernando', 'Josue', 'Corpeño', 'Castillo', '', 1, 's/a', 0, 1, '', 'true');
        INSERT INTO loan_applications (loan_application_id, loan_application_number, application_date, agency_id, client_id, employee_id, destination_id, guarantee_type_id, amount, term, status) VALUES (01029, LPAD(01029, 8, '0'), '2024-10-10', 1, 01029, 4, 1, 1, 400.0, 14, 'approved');
        INSERT INTO loans (loan_id, loan_number, loan_application_id, destination_id, approval_date, outlay_date, due_date, last_payment_date, next_payment_date, balance, status) VALUES (01029, LPAD(01029, 9, '0'), 01029, 1, '2024-10-10', '2024-10-11', NULL, '2024-10-25', NULL, 347.61, 'in_progress');
        INSERT INTO loan_deductions (loan_deduction_id, loan_id, financial_advice, iva_financial_advice, notarial_charges, registration_expenses, balance_cancellation, loan_cancellation_id, other_expenses, total_deductions, other_expenses_description) VALUES (01029, 01029, 12.0, 1.56, 0, 0, 0, NULL, 0.0, 13.56, '' );
        INSERT INTO outlay_conditions (outlay_condition_id, loan_id, type, date, place, amount, cash_to, check_to, bank, bank_account_number, bank_account_owner, local_account_number, local_account_owner) VALUES (NULL, 01029, 1, '2024-10-11', 'Agencia Central', 386.44, NULL, NULL, NULL, NULL, NULL, NULL, NULL);
        INSERT INTO amortizations (amortization_id, amortizationable_id, amortizationable_type, date, amount, term, interest_rate, include_iva, include_insurance, payment, payment_frequency_id, amortization_method_id, last_payment_date)  VALUES ( NULL, 01029,  'App\\Models\\Loan',  '2024-10-11',  400.0,  14,  1.5, 1.56, '0', 31.89, 1, 2, '2024-10-25');
        INSERT INTO amortizations (amortization_id, amortizationable_id, amortizationable_type, date, amount, term, interest_rate, include_iva, include_insurance, payment, payment_frequency_id, amortization_method_id, last_payment_date) VALUES ( NULL, 01029, 'App\\Models\\LoanApplication', '2024-10-11', 400.0, 14, 1.5, 1.56, 0, 31.89, 1, 2, '2024-10-25');

        INSERT INTO clients (client_id, employee_id, registration_date, client_type_id, first_name, second_name, first_surname, second_surname, married_name, family_status_id, phone_number, cellphone_number, identification_type_id, identification_number, nit_homologation) 
        VALUES ('01030', '2', NOW(), 1, 'Ylda', 'Esperanza', 'Arevalo', 'Vda.', 'Mejia', 1, 's/a', 0, 1, '', 'true');
        INSERT INTO loan_applications (loan_application_id, loan_application_number, application_date, agency_id, client_id, employee_id, destination_id, guarantee_type_id, amount, term, status) VALUES (01030, LPAD(01030, 8, '0'), '2024-10-10', 1, 01030, 2, 1, 1, 600.0, 14, 'approved');
        INSERT INTO loans (loan_id, loan_number, loan_application_id, destination_id, approval_date, outlay_date, due_date, last_payment_date, next_payment_date, balance, status) VALUES (01030, LPAD(01030, 9, '0'), 01030, 1, '2024-10-10', '2024-10-11', NULL, '2024-10-25', NULL, 517.39, 'in_progress');
        INSERT INTO loan_deductions (loan_deduction_id, loan_id, financial_advice, iva_financial_advice, notarial_charges, registration_expenses, balance_cancellation, loan_cancellation_id, other_expenses, total_deductions, other_expenses_description) VALUES (01030, 01030, 18.0, 2.34, 0, 0, 0, NULL, 0.0, 196.32, '' );
        INSERT INTO outlay_conditions (outlay_condition_id, loan_id, type, date, place, amount, cash_to, check_to, bank, bank_account_number, bank_account_owner, local_account_number, local_account_owner) VALUES (NULL, 01030, 1, '2024-10-11', 'Agencia Central', 403.68, NULL, NULL, NULL, NULL, NULL, NULL, NULL);
        INSERT INTO amortizations (amortization_id, amortizationable_id, amortizationable_type, date, amount, term, interest_rate, include_iva, include_insurance, payment, payment_frequency_id, amortization_method_id, last_payment_date)  VALUES ( NULL, 01030,  'App\\Models\\Loan',  '2024-10-11',  600.0,  14,  1.5, 2.34, '0', 47.83, 1, 2, '2024-10-25');
        INSERT INTO amortizations (amortization_id, amortizationable_id, amortizationable_type, date, amount, term, interest_rate, include_iva, include_insurance, payment, payment_frequency_id, amortization_method_id, last_payment_date) VALUES ( NULL, 01030, 'App\\Models\\LoanApplication', '2024-10-11', 600.0, 14, 1.5, 2.34, 0, 47.83, 1, 2, '2024-10-25');

        INSERT INTO clients (client_id, employee_id, registration_date, client_type_id, first_name, second_name, first_surname, second_surname, married_name, family_status_id, phone_number, cellphone_number, identification_type_id, identification_number, nit_homologation) 
        VALUES ('01031', '2', NOW(), 1, 'Nancy', 'Yamileth', 'Navidad', 'Ortiz', '', 1, 's/a', 0, 1, '', 'true');
        INSERT INTO loan_applications (loan_application_id, loan_application_number, application_date, agency_id, client_id, employee_id, destination_id, guarantee_type_id, amount, term, status) VALUES (01031, LPAD(01031, 8, '0'), '2024-10-10', 1, 01031, 2, 1, 1, 767.25, 36, 'approved');
        INSERT INTO loans (loan_id, loan_number, loan_application_id, destination_id, approval_date, outlay_date, due_date, last_payment_date, next_payment_date, balance, status) VALUES (01031, LPAD(01031, 9, '0'), 01031, 1, '2024-10-10', '2024-10-11', NULL, 'NULL', NULL, NULL, 'in_progress');
        INSERT INTO loan_deductions (loan_deduction_id, loan_id, financial_advice, iva_financial_advice, notarial_charges, registration_expenses, balance_cancellation, loan_cancellation_id, other_expenses, total_deductions, other_expenses_description) VALUES (01031, 01031, 21.24, 2.76, 0, 0, 0, NULL, 708.25087, 767.25, '' );
        INSERT INTO outlay_conditions (outlay_condition_id, loan_id, type, date, place, amount, cash_to, check_to, bank, bank_account_number, bank_account_owner, local_account_number, local_account_owner) VALUES (NULL, 01031, 1, '2024-10-11', 'Agencia Central', 0.0, NULL, NULL, NULL, NULL, NULL, NULL, NULL);
        INSERT INTO amortizations (amortization_id, amortizationable_id, amortizationable_type, date, amount, term, interest_rate, include_iva, include_insurance, payment, payment_frequency_id, amortization_method_id, last_payment_date)  VALUES ( NULL, 01031,  'App\\Models\\Loan',  '2024-10-11',  767.25,  36,  2.0, 2.76, '0', 30.1, 3, 2, 'NULL');
        INSERT INTO amortizations (amortization_id, amortizationable_id, amortizationable_type, date, amount, term, interest_rate, include_iva, include_insurance, payment, payment_frequency_id, amortization_method_id, last_payment_date) VALUES ( NULL, 01031, 'App\\Models\\LoanApplication', '2024-10-11', 767.25, 36, 2.0, 2.76, 0, 30.1, 3, 2, 'NULL');

        INSERT INTO clients (client_id, employee_id, registration_date, client_type_id, first_name, second_name, first_surname, second_surname, married_name, family_status_id, phone_number, cellphone_number, identification_type_id, identification_number, nit_homologation) 
        VALUES ('01032', '2', NOW(), 1, 'Maria', 'Del', 'Carmen', 'Sosa', '', 1, 's/a', 0, 1, '', 'true');
        INSERT INTO loan_applications (loan_application_id, loan_application_number, application_date, agency_id, client_id, employee_id, destination_id, guarantee_type_id, amount, term, status) VALUES (01032, LPAD(01032, 8, '0'), '2024-10-10', 1, 01032, 2, 1, 1, 800.0, 12, 'approved');
        INSERT INTO loans (loan_id, loan_number, loan_application_id, destination_id, approval_date, outlay_date, due_date, last_payment_date, next_payment_date, balance, status) VALUES (01032, LPAD(01032, 9, '0'), 01032, 1, '2024-10-10', '2024-10-11', NULL, 'NULL', NULL, NULL, 'in_progress');
        INSERT INTO loan_deductions (loan_deduction_id, loan_id, financial_advice, iva_financial_advice, notarial_charges, registration_expenses, balance_cancellation, loan_cancellation_id, other_expenses, total_deductions, other_expenses_description) VALUES (01032, 01032, 24.0, 3.12, 0, 0, 0, NULL, 0.0, 293.17, '' );
        INSERT INTO outlay_conditions (outlay_condition_id, loan_id, type, date, place, amount, cash_to, check_to, bank, bank_account_number, bank_account_owner, local_account_number, local_account_owner) VALUES (NULL, 01032, 1, '2024-10-11', 'Agencia Central', 506.83, NULL, NULL, NULL, NULL, NULL, NULL, NULL);
        INSERT INTO amortizations (amortization_id, amortizationable_id, amortizationable_type, date, amount, term, interest_rate, include_iva, include_insurance, payment, payment_frequency_id, amortization_method_id, last_payment_date)  VALUES ( NULL, 01032,  'App\\Models\\Loan',  '2024-10-11',  800.0,  12,  7.2, 3.12, '0', 101.8, 4, 2, 'NULL');
        INSERT INTO amortizations (amortization_id, amortizationable_id, amortizationable_type, date, amount, term, interest_rate, include_iva, include_insurance, payment, payment_frequency_id, amortization_method_id, last_payment_date) VALUES ( NULL, 01032, 'App\\Models\\LoanApplication', '2024-10-11', 800.0, 12, 7.2, 3.12, 0, 101.8, 4, 2, 'NULL');

        INSERT INTO clients (client_id, employee_id, registration_date, client_type_id, first_name, second_name, first_surname, second_surname, married_name, family_status_id, phone_number, cellphone_number, identification_type_id, identification_number, nit_homologation) 
        VALUES ('01033', '1', NOW(), 1, 'Rachel', 'Nohemy', 'Palacios', 'Reina', '', 1, 's/a', 0, 1, '', 'true');
        INSERT INTO loan_applications (loan_application_id, loan_application_number, application_date, agency_id, client_id, employee_id, destination_id, guarantee_type_id, amount, term, status) VALUES (01033, LPAD(01033, 8, '0'), 'NULL', 1, 01033, 1, 1, 1, 1000.0, 12, 'approved');
        INSERT INTO loans (loan_id, loan_number, loan_application_id, destination_id, approval_date, outlay_date, due_date, last_payment_date, next_payment_date, balance, status) VALUES (01033, LPAD(01033, 9, '0'), 01033, 1, 'NULL', 'NULL', NULL, 'NULL', NULL, NULL, 'in_progress');
        INSERT INTO loan_deductions (loan_deduction_id, loan_id, financial_advice, iva_financial_advice, notarial_charges, registration_expenses, balance_cancellation, loan_cancellation_id, other_expenses, total_deductions, other_expenses_description) VALUES (01033, 01033, 30.0, 3.9, 0, 0, 0, NULL, 0.0, 68.9, '' );
        INSERT INTO outlay_conditions (outlay_condition_id, loan_id, type, date, place, amount, cash_to, check_to, bank, bank_account_number, bank_account_owner, local_account_number, local_account_owner) VALUES (NULL, 01033, 1, 'NULL', 'Agencia Central', 931.1, NULL, NULL, NULL, NULL, NULL, NULL, NULL);
        INSERT INTO amortizations (amortization_id, amortizationable_id, amortizationable_type, date, amount, term, interest_rate, include_iva, include_insurance, payment, payment_frequency_id, amortization_method_id, last_payment_date)  VALUES ( NULL, 01033,  'App\\Models\\Loan',  'NULL',  1000.0,  12,  7.2, 3.9, '0', 127.25, 4, 2, 'NULL');
        INSERT INTO amortizations (amortization_id, amortizationable_id, amortizationable_type, date, amount, term, interest_rate, include_iva, include_insurance, payment, payment_frequency_id, amortization_method_id, last_payment_date) VALUES ( NULL, 01033, 'App\\Models\\LoanApplication', 'NULL', 1000.0, 12, 7.2, 3.9, 0, 127.25, 4, 2, 'NULL');

        INSERT INTO clients (client_id, employee_id, registration_date, client_type_id, first_name, second_name, first_surname, second_surname, married_name, family_status_id, phone_number, cellphone_number, identification_type_id, identification_number, nit_homologation) 
        VALUES ('01034', '4', NOW(), 1, 'Maria', 'Elva', 'Flores', 'Palacios', '', 1, 's/a', 0, 1, '', 'true');
        INSERT INTO loan_applications (loan_application_id, loan_application_number, application_date, agency_id, client_id, employee_id, destination_id, guarantee_type_id, amount, term, status) VALUES (01034, LPAD(01034, 8, '0'), '2024-10-07', 1, 01034, 4, 1, 1, 868.31, 22, 'approved');
        INSERT INTO loans (loan_id, loan_number, loan_application_id, destination_id, approval_date, outlay_date, due_date, last_payment_date, next_payment_date, balance, status) VALUES (01034, LPAD(01034, 9, '0'), 01034, 1, '2024-10-07', '2024-10-15', NULL, '2024-10-30', NULL, 838.02, 'in_progress');
        INSERT INTO loan_deductions (loan_deduction_id, loan_id, financial_advice, iva_financial_advice, notarial_charges, registration_expenses, balance_cancellation, loan_cancellation_id, other_expenses, total_deductions, other_expenses_description) VALUES (01034, 01034, 24.18, 3.14, 0, 0, 0, NULL, 0.0, 868.31, '' );
        INSERT INTO outlay_conditions (outlay_condition_id, loan_id, type, date, place, amount, cash_to, check_to, bank, bank_account_number, bank_account_owner, local_account_number, local_account_owner) VALUES (NULL, 01034, 1, '2024-10-15', 'Agencia Central', 0.0, NULL, NULL, NULL, NULL, NULL, NULL, NULL);
        INSERT INTO amortizations (amortization_id, amortizationable_id, amortizationable_type, date, amount, term, interest_rate, include_iva, include_insurance, payment, payment_frequency_id, amortization_method_id, last_payment_date)  VALUES ( NULL, 01034,  'App\\Models\\Loan',  '2024-10-15',  868.31,  22,  2.5, 3.14, '0', 51.79, 3, 2, '2024-10-30');
        INSERT INTO amortizations (amortization_id, amortizationable_id, amortizationable_type, date, amount, term, interest_rate, include_iva, include_insurance, payment, payment_frequency_id, amortization_method_id, last_payment_date) VALUES ( NULL, 01034, 'App\\Models\\LoanApplication', '2024-10-15', 868.31, 22, 2.5, 3.14, 0, 51.79, 3, 2, '2024-10-30');

        INSERT INTO clients (client_id, employee_id, registration_date, client_type_id, first_name, second_name, first_surname, second_surname, married_name, family_status_id, phone_number, cellphone_number, identification_type_id, identification_number, nit_homologation) 
        VALUES ('01035', '2', NOW(), 1, 'Josefina', 'Del', 'Carmen', 'Aguilar', 'Jimenez', 1, 's/a', 0, 1, '', 'true');
        INSERT INTO loan_applications (loan_application_id, loan_application_number, application_date, agency_id, client_id, employee_id, destination_id, guarantee_type_id, amount, term, status) VALUES (01035, LPAD(01035, 8, '0'), '2024-10-15', 1, 01035, 2, 1, 1, 1000.0, 14, 'approved');
        INSERT INTO loans (loan_id, loan_number, loan_application_id, destination_id, approval_date, outlay_date, due_date, last_payment_date, next_payment_date, balance, status) VALUES (01035, LPAD(01035, 9, '0'), 01035, 1, '2024-10-15', '2024-10-16', NULL, '2024-10-30', NULL, 869.03, 'in_progress');
        INSERT INTO loan_deductions (loan_deduction_id, loan_id, financial_advice, iva_financial_advice, notarial_charges, registration_expenses, balance_cancellation, loan_cancellation_id, other_expenses, total_deductions, other_expenses_description) VALUES (01035, 01035, 30.0, 3.9, 0, 0, 0, NULL, 0.0, 301.46, '' );
        INSERT INTO outlay_conditions (outlay_condition_id, loan_id, type, date, place, amount, cash_to, check_to, bank, bank_account_number, bank_account_owner, local_account_number, local_account_owner) VALUES (NULL, 01035, 1, '2024-10-16', 'Agencia Central', 698.54, NULL, NULL, NULL, NULL, NULL, NULL, NULL);
        INSERT INTO amortizations (amortization_id, amortizationable_id, amortizationable_type, date, amount, term, interest_rate, include_iva, include_insurance, payment, payment_frequency_id, amortization_method_id, last_payment_date)  VALUES ( NULL, 01035,  'App\\Models\\Loan',  '2024-10-16',  1000.0,  14,  1.5, 3.9, '0', 79.72, 1, 2, '2024-10-30');
        INSERT INTO amortizations (amortization_id, amortizationable_id, amortizationable_type, date, amount, term, interest_rate, include_iva, include_insurance, payment, payment_frequency_id, amortization_method_id, last_payment_date) VALUES ( NULL, 01035, 'App\\Models\\LoanApplication', '2024-10-16', 1000.0, 14, 1.5, 3.9, 0, 79.72, 1, 2, '2024-10-30');

        INSERT INTO clients (client_id, employee_id, registration_date, client_type_id, first_name, second_name, first_surname, second_surname, married_name, family_status_id, phone_number, cellphone_number, identification_type_id, identification_number, nit_homologation) 
        VALUES ('01036', '2', NOW(), 1, 'Javier', 'Valladares', 'Castillo', '', '', 1, 's/a', 0, 1, '', 'true');
        INSERT INTO loan_applications (loan_application_id, loan_application_number, application_date, agency_id, client_id, employee_id, destination_id, guarantee_type_id, amount, term, status) VALUES (01036, LPAD(01036, 8, '0'), '2024-10-15', 1, 01036, 2, 1, 1, 400.0, 14, 'approved');
        INSERT INTO loans (loan_id, loan_number, loan_application_id, destination_id, approval_date, outlay_date, due_date, last_payment_date, next_payment_date, balance, status) VALUES (01036, LPAD(01036, 9, '0'), 01036, 1, '2024-10-15', '2024-10-16', NULL, '2024-10-30', NULL, 347.61, 'in_progress');
        INSERT INTO loan_deductions (loan_deduction_id, loan_id, financial_advice, iva_financial_advice, notarial_charges, registration_expenses, balance_cancellation, loan_cancellation_id, other_expenses, total_deductions, other_expenses_description) VALUES (01036, 01036, 12.0, 1.56, 0, 0, 0, NULL, 0.0, 13.56, '' );
        INSERT INTO outlay_conditions (outlay_condition_id, loan_id, type, date, place, amount, cash_to, check_to, bank, bank_account_number, bank_account_owner, local_account_number, local_account_owner) VALUES (NULL, 01036, 1, '2024-10-16', 'Agencia Central', 386.44, NULL, NULL, NULL, NULL, NULL, NULL, NULL);
        INSERT INTO amortizations (amortization_id, amortizationable_id, amortizationable_type, date, amount, term, interest_rate, include_iva, include_insurance, payment, payment_frequency_id, amortization_method_id, last_payment_date)  VALUES ( NULL, 01036,  'App\\Models\\Loan',  '2024-10-16',  400.0,  14,  1.5, 1.56, '0', 31.89, 1, 2, '2024-10-30');
        INSERT INTO amortizations (amortization_id, amortizationable_id, amortizationable_type, date, amount, term, interest_rate, include_iva, include_insurance, payment, payment_frequency_id, amortization_method_id, last_payment_date) VALUES ( NULL, 01036, 'App\\Models\\LoanApplication', '2024-10-16', 400.0, 14, 1.5, 1.56, 0, 31.89, 1, 2, '2024-10-30');

        INSERT INTO clients (client_id, employee_id, registration_date, client_type_id, first_name, second_name, first_surname, second_surname, married_name, family_status_id, phone_number, cellphone_number, identification_type_id, identification_number, nit_homologation) 
        VALUES ('01037', '4', NOW(), 1, 'Maria', 'Del', 'Carmen', 'Solorzano', '', 1, 's/a', 0, 1, '', 'true');
        INSERT INTO loan_applications (loan_application_id, loan_application_number, application_date, agency_id, client_id, employee_id, destination_id, guarantee_type_id, amount, term, status) VALUES (01037, LPAD(01037, 8, '0'), '2024-10-15', 1, 01037, 4, 1, 1, 500.0, 14, 'approved');
        INSERT INTO loans (loan_id, loan_number, loan_application_id, destination_id, approval_date, outlay_date, due_date, last_payment_date, next_payment_date, balance, status) VALUES (01037, LPAD(01037, 9, '0'), 01037, 1, '2024-10-15', '2024-10-16', NULL, '2024-10-31', NULL, 433.21, 'in_progress');
        INSERT INTO loan_deductions (loan_deduction_id, loan_id, financial_advice, iva_financial_advice, notarial_charges, registration_expenses, balance_cancellation, loan_cancellation_id, other_expenses, total_deductions, other_expenses_description) VALUES (01037, 01037, 15.0, 1.95, 0, 0, 0, NULL, 0.0, 147.38, '' );
        INSERT INTO outlay_conditions (outlay_condition_id, loan_id, type, date, place, amount, cash_to, check_to, bank, bank_account_number, bank_account_owner, local_account_number, local_account_owner) VALUES (NULL, 01037, 1, '2024-10-16', 'Agencia Central', 352.62, NULL, NULL, NULL, NULL, NULL, NULL, NULL);
        INSERT INTO amortizations (amortization_id, amortizationable_id, amortizationable_type, date, amount, term, interest_rate, include_iva, include_insurance, payment, payment_frequency_id, amortization_method_id, last_payment_date)  VALUES ( NULL, 01037,  'App\\Models\\Loan',  '2024-10-16',  500.0,  14,  1.5, 1.95, '0', 39.86, 1, 2, '2024-10-31');
        INSERT INTO amortizations (amortization_id, amortizationable_id, amortizationable_type, date, amount, term, interest_rate, include_iva, include_insurance, payment, payment_frequency_id, amortization_method_id, last_payment_date) VALUES ( NULL, 01037, 'App\\Models\\LoanApplication', '2024-10-16', 500.0, 14, 1.5, 1.95, 0, 39.86, 1, 2, '2024-10-31');

        INSERT INTO clients (client_id, employee_id, registration_date, client_type_id, first_name, second_name, first_surname, second_surname, married_name, family_status_id, phone_number, cellphone_number, identification_type_id, identification_number, nit_homologation) 
        VALUES ('01038', '2', NOW(), 1, 'Yancy', 'Jhoana', 'Contreras', 'Melendez', '', 1, 's/a', 0, 1, '', 'true');
        INSERT INTO loan_applications (loan_application_id, loan_application_number, application_date, agency_id, client_id, employee_id, destination_id, guarantee_type_id, amount, term, status) VALUES (01038, LPAD(01038, 8, '0'), '2024-10-16', 1, 01038, 2, 1, 1, 400.0, 14, 'approved');
        INSERT INTO loans (loan_id, loan_number, loan_application_id, destination_id, approval_date, outlay_date, due_date, last_payment_date, next_payment_date, balance, status) VALUES (01038, LPAD(01038, 9, '0'), 01038, 1, '2024-10-16', '2024-10-17', NULL, '2024-10-31', NULL, 345.61, 'in_progress');
        INSERT INTO loan_deductions (loan_deduction_id, loan_id, financial_advice, iva_financial_advice, notarial_charges, registration_expenses, balance_cancellation, loan_cancellation_id, other_expenses, total_deductions, other_expenses_description) VALUES (01038, 01038, 12.0, 1.56, 0, 0, 0, NULL, 0.0, 103.73, '' );
        INSERT INTO outlay_conditions (outlay_condition_id, loan_id, type, date, place, amount, cash_to, check_to, bank, bank_account_number, bank_account_owner, local_account_number, local_account_owner) VALUES (NULL, 01038, 1, '2024-10-17', 'Agencia Central', 296.27, NULL, NULL, NULL, NULL, NULL, NULL, NULL);
        INSERT INTO amortizations (amortization_id, amortizationable_id, amortizationable_type, date, amount, term, interest_rate, include_iva, include_insurance, payment, payment_frequency_id, amortization_method_id, last_payment_date)  VALUES ( NULL, 01038,  'App\\Models\\Loan',  '2024-10-17',  400.0,  14,  1.5, 1.56, '0', 31.89, 1, 2, '2024-10-31');
        INSERT INTO amortizations (amortization_id, amortizationable_id, amortizationable_type, date, amount, term, interest_rate, include_iva, include_insurance, payment, payment_frequency_id, amortization_method_id, last_payment_date) VALUES ( NULL, 01038, 'App\\Models\\LoanApplication', '2024-10-17', 400.0, 14, 1.5, 1.56, 0, 31.89, 1, 2, '2024-10-31');

        INSERT INTO clients (client_id, employee_id, registration_date, client_type_id, first_name, second_name, first_surname, second_surname, married_name, family_status_id, phone_number, cellphone_number, identification_type_id, identification_number, nit_homologation) 
        VALUES ('01039', '2', NOW(), 1, 'Maria', 'Juana', 'Morales', '', '', 1, 's/a', 0, 1, '', 'true');
        INSERT INTO loan_applications (loan_application_id, loan_application_number, application_date, agency_id, client_id, employee_id, destination_id, guarantee_type_id, amount, term, status) VALUES (01039, LPAD(01039, 8, '0'), '2024-10-16', 1, 01039, 2, 1, 1, 300.0, 14, 'approved');
        INSERT INTO loans (loan_id, loan_number, loan_application_id, destination_id, approval_date, outlay_date, due_date, last_payment_date, next_payment_date, balance, status) VALUES (01039, LPAD(01039, 9, '0'), 01039, 1, '2024-10-16', '2024-10-17', NULL, '2024-10-31', NULL, 259.76, 'in_progress');
        INSERT INTO loan_deductions (loan_deduction_id, loan_id, financial_advice, iva_financial_advice, notarial_charges, registration_expenses, balance_cancellation, loan_cancellation_id, other_expenses, total_deductions, other_expenses_description) VALUES (01039, 01039, 9.0, 1.17, 0, 0, 0, NULL, 0.0, 112.59, '' );
        INSERT INTO outlay_conditions (outlay_condition_id, loan_id, type, date, place, amount, cash_to, check_to, bank, bank_account_number, bank_account_owner, local_account_number, local_account_owner) VALUES (NULL, 01039, 1, '2024-10-17', 'Agencia Central', 187.41, NULL, NULL, NULL, NULL, NULL, NULL, NULL);
        INSERT INTO amortizations (amortization_id, amortizationable_id, amortizationable_type, date, amount, term, interest_rate, include_iva, include_insurance, payment, payment_frequency_id, amortization_method_id, last_payment_date)  VALUES ( NULL, 01039,  'App\\Models\\Loan',  '2024-10-17',  300.0,  14,  1.5, 1.17, '0', 23.92, 1, 2, '2024-10-31');
        INSERT INTO amortizations (amortization_id, amortizationable_id, amortizationable_type, date, amount, term, interest_rate, include_iva, include_insurance, payment, payment_frequency_id, amortization_method_id, last_payment_date) VALUES ( NULL, 01039, 'App\\Models\\LoanApplication', '2024-10-17', 300.0, 14, 1.5, 1.17, 0, 23.92, 1, 2, '2024-10-31');

        INSERT INTO clients (client_id, employee_id, registration_date, client_type_id, first_name, second_name, first_surname, second_surname, married_name, family_status_id, phone_number, cellphone_number, identification_type_id, identification_number, nit_homologation) 
        VALUES ('01040', '4', NOW(), 1, 'Miguel', 'Angel', 'Munoz', 'Castellon', '', 1, 's/a', 0, 1, '', 'true');
        INSERT INTO loan_applications (loan_application_id, loan_application_number, application_date, agency_id, client_id, employee_id, destination_id, guarantee_type_id, amount, term, status) VALUES (01040, LPAD(01040, 8, '0'), '2024-10-15', 1, 01040, 4, 1, 1, 300.0, 12, 'approved');
        INSERT INTO loans (loan_id, loan_number, loan_application_id, destination_id, approval_date, outlay_date, due_date, last_payment_date, next_payment_date, balance, status) VALUES (01040, LPAD(01040, 9, '0'), 01040, 1, '2024-10-15', '2024-10-17', NULL, 'NULL', NULL, NULL, 'in_progress');
        INSERT INTO loan_deductions (loan_deduction_id, loan_id, financial_advice, iva_financial_advice, notarial_charges, registration_expenses, balance_cancellation, loan_cancellation_id, other_expenses, total_deductions, other_expenses_description) VALUES (01040, 01040, 9.0, 1.17, 0, 0, 0, NULL, 0.0, 10.17, '' );
        INSERT INTO outlay_conditions (outlay_condition_id, loan_id, type, date, place, amount, cash_to, check_to, bank, bank_account_number, bank_account_owner, local_account_number, local_account_owner) VALUES (NULL, 01040, 1, '2024-10-17', 'Agencia Central', 289.83, NULL, NULL, NULL, NULL, NULL, NULL, NULL);
        INSERT INTO amortizations (amortization_id, amortizationable_id, amortizationable_type, date, amount, term, interest_rate, include_iva, include_insurance, payment, payment_frequency_id, amortization_method_id, last_payment_date)  VALUES ( NULL, 01040,  'App\\Models\\Loan',  '2024-10-17',  300.0,  12,  2.8, 1.17, '0', 29.78, 3, 2, 'NULL');
        INSERT INTO amortizations (amortization_id, amortizationable_id, amortizationable_type, date, amount, term, interest_rate, include_iva, include_insurance, payment, payment_frequency_id, amortization_method_id, last_payment_date) VALUES ( NULL, 01040, 'App\\Models\\LoanApplication', '2024-10-17', 300.0, 12, 2.8, 1.17, 0, 29.78, 3, 2, 'NULL');

        INSERT INTO clients (client_id, employee_id, registration_date, client_type_id, first_name, second_name, first_surname, second_surname, married_name, family_status_id, phone_number, cellphone_number, identification_type_id, identification_number, nit_homologation) 
        VALUES ('01041', '2', NOW(), 1, 'Karla', 'Beatriz', 'Garcia', 'De', 'Reyes', 1, 's/a', 0, 1, '', 'true');
        INSERT INTO loan_applications (loan_application_id, loan_application_number, application_date, agency_id, client_id, employee_id, destination_id, guarantee_type_id, amount, term, status) VALUES (01041, LPAD(01041, 8, '0'), '2024-10-17', 1, 01041, 2, 1, 1, 1400.0, 24, 'approved');
        INSERT INTO loans (loan_id, loan_number, loan_application_id, destination_id, approval_date, outlay_date, due_date, last_payment_date, next_payment_date, balance, status) VALUES (01041, LPAD(01041, 9, '0'), 01041, 1, '2024-10-17', '2024-10-18', NULL, 'NULL', NULL, NULL, 'in_progress');
        INSERT INTO loan_deductions (loan_deduction_id, loan_id, financial_advice, iva_financial_advice, notarial_charges, registration_expenses, balance_cancellation, loan_cancellation_id, other_expenses, total_deductions, other_expenses_description) VALUES (01041, 01041, 42.0, 5.46, 0, 0, 0, NULL, 0.0, 235.72, '' );
        INSERT INTO outlay_conditions (outlay_condition_id, loan_id, type, date, place, amount, cash_to, check_to, bank, bank_account_number, bank_account_owner, local_account_number, local_account_owner) VALUES (NULL, 01041, 1, '2024-10-18', 'Agencia Central', 1164.28, NULL, NULL, NULL, NULL, NULL, NULL, NULL);
        INSERT INTO amortizations (amortization_id, amortizationable_id, amortizationable_type, date, amount, term, interest_rate, include_iva, include_insurance, payment, payment_frequency_id, amortization_method_id, last_payment_date)  VALUES ( NULL, 01041,  'App\\Models\\Loan',  '2024-10-18',  1400.0,  24,  3.5, 5.46, '0', 87.18, 3, 2, 'NULL');
        INSERT INTO amortizations (amortization_id, amortizationable_id, amortizationable_type, date, amount, term, interest_rate, include_iva, include_insurance, payment, payment_frequency_id, amortization_method_id, last_payment_date) VALUES ( NULL, 01041, 'App\\Models\\LoanApplication', '2024-10-18', 1400.0, 24, 3.5, 5.46, 0, 87.18, 3, 2, 'NULL');

        INSERT INTO clients (client_id, employee_id, registration_date, client_type_id, first_name, second_name, first_surname, second_surname, married_name, family_status_id, phone_number, cellphone_number, identification_type_id, identification_number, nit_homologation) 
        VALUES ('01042', '4', NOW(), 1, 'Silvia', 'Elizabeth', 'Regalado', 'De', 'Melara', 1, 's/a', 0, 1, '', 'true');
        INSERT INTO loan_applications (loan_application_id, loan_application_number, application_date, agency_id, client_id, employee_id, destination_id, guarantee_type_id, amount, term, status) VALUES (01042, LPAD(01042, 8, '0'), '2024-10-17', 1, 01042, 4, 1, 1, 400.0, 14, 'approved');
        INSERT INTO loans (loan_id, loan_number, loan_application_id, destination_id, approval_date, outlay_date, due_date, last_payment_date, next_payment_date, balance, status) VALUES (01042, LPAD(01042, 9, '0'), 01042, 1, '2024-10-17', '2024-10-18', NULL, 'NULL', NULL, NULL, 'in_progress');
        INSERT INTO loan_deductions (loan_deduction_id, loan_id, financial_advice, iva_financial_advice, notarial_charges, registration_expenses, balance_cancellation, loan_cancellation_id, other_expenses, total_deductions, other_expenses_description) VALUES (01042, 01042, 12.0, 1.56, 0, 0, 0, NULL, 0.0, 225.8, '' );
        INSERT INTO outlay_conditions (outlay_condition_id, loan_id, type, date, place, amount, cash_to, check_to, bank, bank_account_number, bank_account_owner, local_account_number, local_account_owner) VALUES (NULL, 01042, 1, '2024-10-18', 'Agencia Central', 174.2, NULL, NULL, NULL, NULL, NULL, NULL, NULL);
        INSERT INTO amortizations (amortization_id, amortizationable_id, amortizationable_type, date, amount, term, interest_rate, include_iva, include_insurance, payment, payment_frequency_id, amortization_method_id, last_payment_date)  VALUES ( NULL, 01042,  'App\\Models\\Loan',  '2024-10-18',  400.0,  14,  1.5, 1.56, '0', 31.89, 1, 2, 'NULL');
        INSERT INTO amortizations (amortization_id, amortizationable_id, amortizationable_type, date, amount, term, interest_rate, include_iva, include_insurance, payment, payment_frequency_id, amortization_method_id, last_payment_date) VALUES ( NULL, 01042, 'App\\Models\\LoanApplication', '2024-10-18', 400.0, 14, 1.5, 1.56, 0, 31.89, 1, 2, 'NULL');

        INSERT INTO clients (client_id, employee_id, registration_date, client_type_id, first_name, second_name, first_surname, second_surname, married_name, family_status_id, phone_number, cellphone_number, identification_type_id, identification_number, nit_homologation) 
        VALUES ('01043', '2', NOW(), 1, 'Johana', 'Marcela', 'Molina', 'De', 'Diaz', 1, 's/a', 0, 1, '', 'true');
        INSERT INTO loan_applications (loan_application_id, loan_application_number, application_date, agency_id, client_id, employee_id, destination_id, guarantee_type_id, amount, term, status) VALUES (01043, LPAD(01043, 8, '0'), '2024-10-18', 1, 01043, 2, 1, 1, 1000.0, 12, 'approved');
        INSERT INTO loans (loan_id, loan_number, loan_application_id, destination_id, approval_date, outlay_date, due_date, last_payment_date, next_payment_date, balance, status) VALUES (01043, LPAD(01043, 9, '0'), 01043, 1, '2024-10-18', '2024-10-19', NULL, 'NULL', NULL, NULL, 'in_progress');
        INSERT INTO loan_deductions (loan_deduction_id, loan_id, financial_advice, iva_financial_advice, notarial_charges, registration_expenses, balance_cancellation, loan_cancellation_id, other_expenses, total_deductions, other_expenses_description) VALUES (01043, 01043, 30.0, 3.9, 0, 0, 0, NULL, 0.0, 278.0, '' );
        INSERT INTO outlay_conditions (outlay_condition_id, loan_id, type, date, place, amount, cash_to, check_to, bank, bank_account_number, bank_account_owner, local_account_number, local_account_owner) VALUES (NULL, 01043, 1, '2024-10-19', 'Agencia Central', 722.0, NULL, NULL, NULL, NULL, NULL, NULL, NULL);
        INSERT INTO amortizations (amortization_id, amortizationable_id, amortizationable_type, date, amount, term, interest_rate, include_iva, include_insurance, payment, payment_frequency_id, amortization_method_id, last_payment_date)  VALUES ( NULL, 01043,  'App\\Models\\Loan',  '2024-10-19',  1000.0,  12,  6.98, 3.9, '0', 125.77, 4, 2, 'NULL');
        INSERT INTO amortizations (amortization_id, amortizationable_id, amortizationable_type, date, amount, term, interest_rate, include_iva, include_insurance, payment, payment_frequency_id, amortization_method_id, last_payment_date) VALUES ( NULL, 01043, 'App\\Models\\LoanApplication', '2024-10-19', 1000.0, 12, 6.98, 3.9, 0, 125.77, 4, 2, 'NULL');

        INSERT INTO clients (client_id, employee_id, registration_date, client_type_id, first_name, second_name, first_surname, second_surname, married_name, family_status_id, phone_number, cellphone_number, identification_type_id, identification_number, nit_homologation) 
        VALUES ('01044', '2', NOW(), 1, 'Susana', 'Yamileth', 'Recinos', 'Perez', '', 1, 's/a', 0, 1, '', 'true');
        INSERT INTO loan_applications (loan_application_id, loan_application_number, application_date, agency_id, client_id, employee_id, destination_id, guarantee_type_id, amount, term, status) VALUES (01044, LPAD(01044, 8, '0'), '2024-10-21', 1, 01044, 2, 1, 1, 500.0, 14, 'approved');
        INSERT INTO loans (loan_id, loan_number, loan_application_id, destination_id, approval_date, outlay_date, due_date, last_payment_date, next_payment_date, balance, status) VALUES (01044, LPAD(01044, 9, '0'), 01044, 1, '2024-10-21', '2024-10-21', NULL, '2024-10-28', NULL, 467.5, 'in_progress');
        INSERT INTO loan_deductions (loan_deduction_id, loan_id, financial_advice, iva_financial_advice, notarial_charges, registration_expenses, balance_cancellation, loan_cancellation_id, other_expenses, total_deductions, other_expenses_description) VALUES (01044, 01044, 15.0, 1.95, 0, 0, 0, NULL, 0.0, 16.95, '' );
        INSERT INTO outlay_conditions (outlay_condition_id, loan_id, type, date, place, amount, cash_to, check_to, bank, bank_account_number, bank_account_owner, local_account_number, local_account_owner) VALUES (NULL, 01044, 1, '2024-10-21', 'Agencia Central', 483.05, NULL, NULL, NULL, NULL, NULL, NULL, NULL);
        INSERT INTO amortizations (amortization_id, amortizationable_id, amortizationable_type, date, amount, term, interest_rate, include_iva, include_insurance, payment, payment_frequency_id, amortization_method_id, last_payment_date)  VALUES ( NULL, 01044,  'App\\Models\\Loan',  '2024-10-21',  500.0,  14,  1.5, 1.95, '0', 39.86, 1, 2, '2024-10-28');
        INSERT INTO amortizations (amortization_id, amortizationable_id, amortizationable_type, date, amount, term, interest_rate, include_iva, include_insurance, payment, payment_frequency_id, amortization_method_id, last_payment_date) VALUES ( NULL, 01044, 'App\\Models\\LoanApplication', '2024-10-21', 500.0, 14, 1.5, 1.95, 0, 39.86, 1, 2, '2024-10-28');

        INSERT INTO clients (client_id, employee_id, registration_date, client_type_id, first_name, second_name, first_surname, second_surname, married_name, family_status_id, phone_number, cellphone_number, identification_type_id, identification_number, nit_homologation) 
        VALUES ('01045', '1', NOW(), 1, 'Roberto', 'Carlos', 'Ramirez', 'Cortez', '', 1, 's/a', 0, 1, '', 'true');
        INSERT INTO loan_applications (loan_application_id, loan_application_number, application_date, agency_id, client_id, employee_id, destination_id, guarantee_type_id, amount, term, status) VALUES (01045, LPAD(01045, 8, '0'), 'NULL', 1, 01045, 1, 1, 1, 1300.0, 14, 'approved');
        INSERT INTO loans (loan_id, loan_number, loan_application_id, destination_id, approval_date, outlay_date, due_date, last_payment_date, next_payment_date, balance, status) VALUES (01045, LPAD(01045, 9, '0'), 01045, 1, 'NULL', 'NULL', NULL, '2024-10-29', NULL, 1215.5, 'in_progress');
        INSERT INTO loan_deductions (loan_deduction_id, loan_id, financial_advice, iva_financial_advice, notarial_charges, registration_expenses, balance_cancellation, loan_cancellation_id, other_expenses, total_deductions, other_expenses_description) VALUES (01045, 01045, 39.0, 5.07, 0, 0, 0, NULL, 0.0, 765.26, '' );
        INSERT INTO outlay_conditions (outlay_condition_id, loan_id, type, date, place, amount, cash_to, check_to, bank, bank_account_number, bank_account_owner, local_account_number, local_account_owner) VALUES (NULL, 01045, 1, 'NULL', 'Agencia Central', 534.74, NULL, NULL, NULL, NULL, NULL, NULL, NULL);
        INSERT INTO amortizations (amortization_id, amortizationable_id, amortizationable_type, date, amount, term, interest_rate, include_iva, include_insurance, payment, payment_frequency_id, amortization_method_id, last_payment_date)  VALUES ( NULL, 01045,  'App\\Models\\Loan',  'NULL',  1300.0,  14,  1.5, 5.07, '0', 103.64, 1, 2, '2024-10-29');
        INSERT INTO amortizations (amortization_id, amortizationable_id, amortizationable_type, date, amount, term, interest_rate, include_iva, include_insurance, payment, payment_frequency_id, amortization_method_id, last_payment_date) VALUES ( NULL, 01045, 'App\\Models\\LoanApplication', 'NULL', 1300.0, 14, 1.5, 5.07, 0, 103.64, 1, 2, '2024-10-29');

        INSERT INTO clients (client_id, employee_id, registration_date, client_type_id, first_name, second_name, first_surname, second_surname, married_name, family_status_id, phone_number, cellphone_number, identification_type_id, identification_number, nit_homologation) 
        VALUES ('01046', '2', NOW(), 1, 'Adriana', 'Del', 'Carmen', 'Cienfuegos', '', 1, 's/a', 0, 1, '', 'true');
        INSERT INTO loan_applications (loan_application_id, loan_application_number, application_date, agency_id, client_id, employee_id, destination_id, guarantee_type_id, amount, term, status) VALUES (01046, LPAD(01046, 8, '0'), '2024-10-21', 1, 01046, 2, 1, 1, 500.0, 14, 'approved');
        INSERT INTO loans (loan_id, loan_number, loan_application_id, destination_id, approval_date, outlay_date, due_date, last_payment_date, next_payment_date, balance, status) VALUES (01046, LPAD(01046, 9, '0'), 01046, 1, '2024-10-21', '2024-10-22', NULL, '2024-10-29', NULL, 467.5, 'in_progress');
        INSERT INTO loan_deductions (loan_deduction_id, loan_id, financial_advice, iva_financial_advice, notarial_charges, registration_expenses, balance_cancellation, loan_cancellation_id, other_expenses, total_deductions, other_expenses_description) VALUES (01046, 01046, 15.0, 1.95, 0, 0, 0, NULL, 0.0, 133.23, '' );
        INSERT INTO outlay_conditions (outlay_condition_id, loan_id, type, date, place, amount, cash_to, check_to, bank, bank_account_number, bank_account_owner, local_account_number, local_account_owner) VALUES (NULL, 01046, 1, '2024-10-22', 'Agencia Central', 366.77, NULL, NULL, NULL, NULL, NULL, NULL, NULL);
        INSERT INTO amortizations (amortization_id, amortizationable_id, amortizationable_type, date, amount, term, interest_rate, include_iva, include_insurance, payment, payment_frequency_id, amortization_method_id, last_payment_date)  VALUES ( NULL, 01046,  'App\\Models\\Loan',  '2024-10-22',  500.0,  14,  1.5, 1.95, '0', 39.86, 1, 2, '2024-10-29');
        INSERT INTO amortizations (amortization_id, amortizationable_id, amortizationable_type, date, amount, term, interest_rate, include_iva, include_insurance, payment, payment_frequency_id, amortization_method_id, last_payment_date) VALUES ( NULL, 01046, 'App\\Models\\LoanApplication', '2024-10-22', 500.0, 14, 1.5, 1.95, 0, 39.86, 1, 2, '2024-10-29');

        INSERT INTO clients (client_id, employee_id, registration_date, client_type_id, first_name, second_name, first_surname, second_surname, married_name, family_status_id, phone_number, cellphone_number, identification_type_id, identification_number, nit_homologation) 
        VALUES ('01047', '4', NOW(), 1, 'Dora', 'Esmeralda', 'Aguilar', 'Garcia', '', 1, 's/a', 0, 1, '', 'true');
        INSERT INTO loan_applications (loan_application_id, loan_application_number, application_date, agency_id, client_id, employee_id, destination_id, guarantee_type_id, amount, term, status) VALUES (01047, LPAD(01047, 8, '0'), '2024-10-21', 1, 01047, 4, 1, 1, 1000.0, 14, 'approved');
        INSERT INTO loans (loan_id, loan_number, loan_application_id, destination_id, approval_date, outlay_date, due_date, last_payment_date, next_payment_date, balance, status) VALUES (01047, LPAD(01047, 9, '0'), 01047, 1, '2024-10-21', '2024-10-22', NULL, '2024-10-29', NULL, 935.0, 'in_progress');
        INSERT INTO loan_deductions (loan_deduction_id, loan_id, financial_advice, iva_financial_advice, notarial_charges, registration_expenses, balance_cancellation, loan_cancellation_id, other_expenses, total_deductions, other_expenses_description) VALUES (01047, 01047, 30.0, 3.9, 0, 0, 0, NULL, 0.0, 68.9, '' );
        INSERT INTO outlay_conditions (outlay_condition_id, loan_id, type, date, place, amount, cash_to, check_to, bank, bank_account_number, bank_account_owner, local_account_number, local_account_owner) VALUES (NULL, 01047, 1, '2024-10-22', 'Agencia Central', 931.1, NULL, NULL, NULL, NULL, NULL, NULL, NULL);
        INSERT INTO amortizations (amortization_id, amortizationable_id, amortizationable_type, date, amount, term, interest_rate, include_iva, include_insurance, payment, payment_frequency_id, amortization_method_id, last_payment_date)  VALUES ( NULL, 01047,  'App\\Models\\Loan',  '2024-10-22',  1000.0,  14,  1.5, 3.9, '0', 79.72, 1, 2, '2024-10-29');
        INSERT INTO amortizations (amortization_id, amortizationable_id, amortizationable_type, date, amount, term, interest_rate, include_iva, include_insurance, payment, payment_frequency_id, amortization_method_id, last_payment_date) VALUES ( NULL, 01047, 'App\\Models\\LoanApplication', '2024-10-22', 1000.0, 14, 1.5, 3.9, 0, 79.72, 1, 2, '2024-10-29');

        INSERT INTO clients (client_id, employee_id, registration_date, client_type_id, first_name, second_name, first_surname, second_surname, married_name, family_status_id, phone_number, cellphone_number, identification_type_id, identification_number, nit_homologation) 
        VALUES ('01048', '4', NOW(), 1, 'Sandra', 'Carolina', 'Rodriguez', 'De', 'Lue', 1, 's/a', 0, 1, '', 'true');
        INSERT INTO loan_applications (loan_application_id, loan_application_number, application_date, agency_id, client_id, employee_id, destination_id, guarantee_type_id, amount, term, status) VALUES (01048, LPAD(01048, 8, '0'), '2024-10-22', 1, 01048, 4, 1, 1, 1000.0, 14, 'approved');
        INSERT INTO loans (loan_id, loan_number, loan_application_id, destination_id, approval_date, outlay_date, due_date, last_payment_date, next_payment_date, balance, status) VALUES (01048, LPAD(01048, 9, '0'), 01048, 1, '2024-10-22', '2024-10-23', NULL, '2024-10-30', NULL, 935.0, 'in_progress');
        INSERT INTO loan_deductions (loan_deduction_id, loan_id, financial_advice, iva_financial_advice, notarial_charges, registration_expenses, balance_cancellation, loan_cancellation_id, other_expenses, total_deductions, other_expenses_description) VALUES (01048, 01048, 30.0, 3.9, 0, 0, 0, NULL, 0.0, 68.9, '' );
        INSERT INTO outlay_conditions (outlay_condition_id, loan_id, type, date, place, amount, cash_to, check_to, bank, bank_account_number, bank_account_owner, local_account_number, local_account_owner) VALUES (NULL, 01048, 1, '2024-10-23', 'Agencia Central', 931.1, NULL, NULL, NULL, NULL, NULL, NULL, NULL);
        INSERT INTO amortizations (amortization_id, amortizationable_id, amortizationable_type, date, amount, term, interest_rate, include_iva, include_insurance, payment, payment_frequency_id, amortization_method_id, last_payment_date)  VALUES ( NULL, 01048,  'App\\Models\\Loan',  '2024-10-23',  1000.0,  14,  1.5, 3.9, '0', 79.72, 1, 2, '2024-10-30');
        INSERT INTO amortizations (amortization_id, amortizationable_id, amortizationable_type, date, amount, term, interest_rate, include_iva, include_insurance, payment, payment_frequency_id, amortization_method_id, last_payment_date) VALUES ( NULL, 01048, 'App\\Models\\LoanApplication', '2024-10-23', 1000.0, 14, 1.5, 3.9, 0, 79.72, 1, 2, '2024-10-30');

        INSERT INTO clients (client_id, employee_id, registration_date, client_type_id, first_name, second_name, first_surname, second_surname, married_name, family_status_id, phone_number, cellphone_number, identification_type_id, identification_number, nit_homologation) 
        VALUES ('01049', '2', NOW(), 1, 'Jose', 'Luis', 'Luna', 'Gonzalez', '', 1, 's/a', 0, 1, '', 'true');
        INSERT INTO loan_applications (loan_application_id, loan_application_number, application_date, agency_id, client_id, employee_id, destination_id, guarantee_type_id, amount, term, status) VALUES (01049, LPAD(01049, 8, '0'), '2024-10-23', 1, 01049, 2, 1, 1, 900.0, 14, 'approved');
        INSERT INTO loans (loan_id, loan_number, loan_application_id, destination_id, approval_date, outlay_date, due_date, last_payment_date, next_payment_date, balance, status) VALUES (01049, LPAD(01049, 9, '0'), 01049, 1, '2024-10-23', '2024-10-24', NULL, 'NULL', NULL, NULL, 'in_progress');
        INSERT INTO loan_deductions (loan_deduction_id, loan_id, financial_advice, iva_financial_advice, notarial_charges, registration_expenses, balance_cancellation, loan_cancellation_id, other_expenses, total_deductions, other_expenses_description) VALUES (01049, 01049, 27.0, 3.51, 0, 0, 0, NULL, 0.0, 505.88, '' );
        INSERT INTO outlay_conditions (outlay_condition_id, loan_id, type, date, place, amount, cash_to, check_to, bank, bank_account_number, bank_account_owner, local_account_number, local_account_owner) VALUES (NULL, 01049, 1, '2024-10-24', 'Agencia Central', 394.12, NULL, NULL, NULL, NULL, NULL, NULL, NULL);
        INSERT INTO amortizations (amortization_id, amortizationable_id, amortizationable_type, date, amount, term, interest_rate, include_iva, include_insurance, payment, payment_frequency_id, amortization_method_id, last_payment_date)  VALUES ( NULL, 01049,  'App\\Models\\Loan',  '2024-10-24',  900.0,  14,  1.29, 3.51, '0', 70.68, 1, 2, 'NULL');
        INSERT INTO amortizations (amortization_id, amortizationable_id, amortizationable_type, date, amount, term, interest_rate, include_iva, include_insurance, payment, payment_frequency_id, amortization_method_id, last_payment_date) VALUES ( NULL, 01049, 'App\\Models\\LoanApplication', '2024-10-24', 900.0, 14, 1.29, 3.51, 0, 70.68, 1, 2, 'NULL');

        INSERT INTO clients (client_id, employee_id, registration_date, client_type_id, first_name, second_name, first_surname, second_surname, married_name, family_status_id, phone_number, cellphone_number, identification_type_id, identification_number, nit_homologation) 
        VALUES ('01050', '2', NOW(), 1, 'Johana', 'Isela', 'Castro', 'De', 'Alfaro', 1, 's/a', 0, 1, '', 'true');
        INSERT INTO loan_applications (loan_application_id, loan_application_number, application_date, agency_id, client_id, employee_id, destination_id, guarantee_type_id, amount, term, status) VALUES (01050, LPAD(01050, 8, '0'), '2024-10-23', 1, 01050, 2, 1, 1, 300.0, 14, 'approved');
        INSERT INTO loans (loan_id, loan_number, loan_application_id, destination_id, approval_date, outlay_date, due_date, last_payment_date, next_payment_date, balance, status) VALUES (01050, LPAD(01050, 9, '0'), 01050, 1, '2024-10-23', '2024-10-24', NULL, '2024-10-31', NULL, 280.35, 'in_progress');
        INSERT INTO loan_deductions (loan_deduction_id, loan_id, financial_advice, iva_financial_advice, notarial_charges, registration_expenses, balance_cancellation, loan_cancellation_id, other_expenses, total_deductions, other_expenses_description) VALUES (01050, 01050, 9.0, 1.17, 0, 0, 0, NULL, 0.0, 168.93, '' );
        INSERT INTO outlay_conditions (outlay_condition_id, loan_id, type, date, place, amount, cash_to, check_to, bank, bank_account_number, bank_account_owner, local_account_number, local_account_owner) VALUES (NULL, 01050, 1, '2024-10-24', 'Agencia Central', 131.07, NULL, NULL, NULL, NULL, NULL, NULL, NULL);
        INSERT INTO amortizations (amortization_id, amortizationable_id, amortizationable_type, date, amount, term, interest_rate, include_iva, include_insurance, payment, payment_frequency_id, amortization_method_id, last_payment_date)  VALUES ( NULL, 01050,  'App\\Models\\Loan',  '2024-10-24',  300.0,  14,  1.45, 1.17, '0', 23.83, 1, 2, '2024-10-31');
        INSERT INTO amortizations (amortization_id, amortizationable_id, amortizationable_type, date, amount, term, interest_rate, include_iva, include_insurance, payment, payment_frequency_id, amortization_method_id, last_payment_date) VALUES ( NULL, 01050, 'App\\Models\\LoanApplication', '2024-10-24', 300.0, 14, 1.45, 1.17, 0, 23.83, 1, 2, '2024-10-31');

        INSERT INTO clients (client_id, employee_id, registration_date, client_type_id, first_name, second_name, first_surname, second_surname, married_name, family_status_id, phone_number, cellphone_number, identification_type_id, identification_number, nit_homologation) 
        VALUES ('01051', '2', NOW(), 1, 'Milagro', 'Del', 'Rosario', 'Lira', '', 1, 's/a', 0, 1, '', 'true');
        INSERT INTO loan_applications (loan_application_id, loan_application_number, application_date, agency_id, client_id, employee_id, destination_id, guarantee_type_id, amount, term, status) VALUES (01051, LPAD(01051, 8, '0'), '2024-10-23', 1, 01051, 2, 1, 1, 600.0, 14, 'approved');
        INSERT INTO loans (loan_id, loan_number, loan_application_id, destination_id, approval_date, outlay_date, due_date, last_payment_date, next_payment_date, balance, status) VALUES (01051, LPAD(01051, 9, '0'), 01051, 1, '2024-10-23', '2024-10-24', NULL, '2024-10-31', NULL, 561.0, 'in_progress');
        INSERT INTO loan_deductions (loan_deduction_id, loan_id, financial_advice, iva_financial_advice, notarial_charges, registration_expenses, balance_cancellation, loan_cancellation_id, other_expenses, total_deductions, other_expenses_description) VALUES (01051, 01051, 18.0, 2.34, 0, 0, 0, NULL, 0.0, 318.64, '' );
        INSERT INTO outlay_conditions (outlay_condition_id, loan_id, type, date, place, amount, cash_to, check_to, bank, bank_account_number, bank_account_owner, local_account_number, local_account_owner) VALUES (NULL, 01051, 1, '2024-10-24', 'Agencia Central', 281.36, NULL, NULL, NULL, NULL, NULL, NULL, NULL);
        INSERT INTO amortizations (amortization_id, amortizationable_id, amortizationable_type, date, amount, term, interest_rate, include_iva, include_insurance, payment, payment_frequency_id, amortization_method_id, last_payment_date)  VALUES ( NULL, 01051,  'App\\Models\\Loan',  '2024-10-24',  600.0,  14,  1.5, 2.34, '0', 47.83, 1, 2, '2024-10-31');
        INSERT INTO amortizations (amortization_id, amortizationable_id, amortizationable_type, date, amount, term, interest_rate, include_iva, include_insurance, payment, payment_frequency_id, amortization_method_id, last_payment_date) VALUES ( NULL, 01051, 'App\\Models\\LoanApplication', '2024-10-24', 600.0, 14, 1.5, 2.34, 0, 47.83, 1, 2, '2024-10-31');

        INSERT INTO clients (client_id, employee_id, registration_date, client_type_id, first_name, second_name, first_surname, second_surname, married_name, family_status_id, phone_number, cellphone_number, identification_type_id, identification_number, nit_homologation) 
        VALUES ('01052', '2', NOW(), 1, 'Maria', 'De', 'Los', 'Angeles', 'Los', 1, 's/a', 0, 1, '', 'true');
        INSERT INTO loan_applications (loan_application_id, loan_application_number, application_date, agency_id, client_id, employee_id, destination_id, guarantee_type_id, amount, term, status) VALUES (01052, LPAD(01052, 8, '0'), '2024-10-23', 1, 01052, 2, 1, 1, 500.0, 14, 'approved');
        INSERT INTO loans (loan_id, loan_number, loan_application_id, destination_id, approval_date, outlay_date, due_date, last_payment_date, next_payment_date, balance, status) VALUES (01052, LPAD(01052, 9, '0'), 01052, 1, '2024-10-23', '2024-10-24', NULL, '2024-10-31', NULL, 457.5, 'in_progress');
        INSERT INTO loan_deductions (loan_deduction_id, loan_id, financial_advice, iva_financial_advice, notarial_charges, registration_expenses, balance_cancellation, loan_cancellation_id, other_expenses, total_deductions, other_expenses_description) VALUES (01052, 01052, 15.0, 1.95, 0, 0, 0, NULL, 0.0, 16.95, '' );
        INSERT INTO outlay_conditions (outlay_condition_id, loan_id, type, date, place, amount, cash_to, check_to, bank, bank_account_number, bank_account_owner, local_account_number, local_account_owner) VALUES (NULL, 01052, 1, '2024-10-24', 'Agencia Central', 483.05, NULL, NULL, NULL, NULL, NULL, NULL, NULL);
        INSERT INTO amortizations (amortization_id, amortizationable_id, amortizationable_type, date, amount, term, interest_rate, include_iva, include_insurance, payment, payment_frequency_id, amortization_method_id, last_payment_date)  VALUES ( NULL, 01052,  'App\\Models\\Loan',  '2024-10-24',  500.0,  14,  1.5, 1.95, '0', 39.86, 1, 2, '2024-10-31');
        INSERT INTO amortizations (amortization_id, amortizationable_id, amortizationable_type, date, amount, term, interest_rate, include_iva, include_insurance, payment, payment_frequency_id, amortization_method_id, last_payment_date) VALUES ( NULL, 01052, 'App\\Models\\LoanApplication', '2024-10-24', 500.0, 14, 1.5, 1.95, 0, 39.86, 1, 2, '2024-10-31');

        INSERT INTO clients (client_id, employee_id, registration_date, client_type_id, first_name, second_name, first_surname, second_surname, married_name, family_status_id, phone_number, cellphone_number, identification_type_id, identification_number, nit_homologation) 
        VALUES ('01053', '4', NOW(), 1, 'Gabriela', 'Alejandra', 'Melendez', 'Castro', '', 1, 's/a', 0, 1, '', 'true');
        INSERT INTO loan_applications (loan_application_id, loan_application_number, application_date, agency_id, client_id, employee_id, destination_id, guarantee_type_id, amount, term, status) VALUES (01053, LPAD(01053, 8, '0'), '2024-10-23', 1, 01053, 4, 1, 1, 1500.0, 12, 'approved');
        INSERT INTO loans (loan_id, loan_number, loan_application_id, destination_id, approval_date, outlay_date, due_date, last_payment_date, next_payment_date, balance, status) VALUES (01053, LPAD(01053, 9, '0'), 01053, 1, '2024-10-23', '2024-10-25', NULL, 'NULL', NULL, NULL, 'in_progress');
        INSERT INTO loan_deductions (loan_deduction_id, loan_id, financial_advice, iva_financial_advice, notarial_charges, registration_expenses, balance_cancellation, loan_cancellation_id, other_expenses, total_deductions, other_expenses_description) VALUES (01053, 01053, 45.0, 5.85, 0, 0, 0, NULL, 0.0, 85.85, '' );
        INSERT INTO outlay_conditions (outlay_condition_id, loan_id, type, date, place, amount, cash_to, check_to, bank, bank_account_number, bank_account_owner, local_account_number, local_account_owner) VALUES (NULL, 01053, 1, '2024-10-25', 'Agencia Central', 1414.15, NULL, NULL, NULL, NULL, NULL, NULL, NULL);
        INSERT INTO amortizations (amortization_id, amortizationable_id, amortizationable_type, date, amount, term, interest_rate, include_iva, include_insurance, payment, payment_frequency_id, amortization_method_id, last_payment_date)  VALUES ( NULL, 01053,  'App\\Models\\Loan',  '2024-10-25',  1500.0,  12,  6.98, 5.85, '1', 190.15, 4, 2, 'NULL');
        INSERT INTO amortizations (amortization_id, amortizationable_id, amortizationable_type, date, amount, term, interest_rate, include_iva, include_insurance, payment, payment_frequency_id, amortization_method_id, last_payment_date) VALUES ( NULL, 01053, 'App\\Models\\LoanApplication', '2024-10-25', 1500.0, 12, 6.98, 5.85, 1, 190.15, 4, 2, 'NULL');

        INSERT INTO clients (client_id, employee_id, registration_date, client_type_id, first_name, second_name, first_surname, second_surname, married_name, family_status_id, phone_number, cellphone_number, identification_type_id, identification_number, nit_homologation) 
        VALUES ('01054', '4', NOW(), 1, 'Yosceline', 'Iveth', 'Alferez', 'De', 'Monarca', 1, 's/a', 0, 1, '', 'true');
        INSERT INTO loan_applications (loan_application_id, loan_application_number, application_date, agency_id, client_id, employee_id, destination_id, guarantee_type_id, amount, term, status) VALUES (01054, LPAD(01054, 8, '0'), '2024-10-23', 1, 01054, 4, 1, 1, 1300.0, 15, 'approved');
        INSERT INTO loans (loan_id, loan_number, loan_application_id, destination_id, approval_date, outlay_date, due_date, last_payment_date, next_payment_date, balance, status) VALUES (01054, LPAD(01054, 9, '0'), 01054, 1, '2024-10-23', '2024-10-25', NULL, 'NULL', NULL, NULL, 'in_progress');
        INSERT INTO loan_deductions (loan_deduction_id, loan_id, financial_advice, iva_financial_advice, notarial_charges, registration_expenses, balance_cancellation, loan_cancellation_id, other_expenses, total_deductions, other_expenses_description) VALUES (01054, 01054, 39.0, 5.07, 0, 0, 0, NULL, 0.0, 309.64, '' );
        INSERT INTO outlay_conditions (outlay_condition_id, loan_id, type, date, place, amount, cash_to, check_to, bank, bank_account_number, bank_account_owner, local_account_number, local_account_owner) VALUES (NULL, 01054, 1, '2024-10-25', 'Agencia Central', 990.36, NULL, NULL, NULL, NULL, NULL, NULL, NULL);
        INSERT INTO amortizations (amortization_id, amortizationable_id, amortizationable_type, date, amount, term, interest_rate, include_iva, include_insurance, payment, payment_frequency_id, amortization_method_id, last_payment_date)  VALUES ( NULL, 01054,  'App\\Models\\Loan',  '2024-10-25',  1300.0,  15,  6.0, 5.07, '1', 135.15, 4, 2, 'NULL');
        INSERT INTO amortizations (amortization_id, amortizationable_id, amortizationable_type, date, amount, term, interest_rate, include_iva, include_insurance, payment, payment_frequency_id, amortization_method_id, last_payment_date) VALUES ( NULL, 01054, 'App\\Models\\LoanApplication', '2024-10-25', 1300.0, 15, 6.0, 5.07, 1, 135.15, 4, 2, 'NULL');

        INSERT INTO clients (client_id, employee_id, registration_date, client_type_id, first_name, second_name, first_surname, second_surname, married_name, family_status_id, phone_number, cellphone_number, identification_type_id, identification_number, nit_homologation) 
        VALUES ('01055', '2', NOW(), 1, 'Sandra', 'Gricelda', 'Perez', 'De', 'Vasquez.', 1, 's/a', 0, 1, '', 'true');
        INSERT INTO loan_applications (loan_application_id, loan_application_number, application_date, agency_id, client_id, employee_id, destination_id, guarantee_type_id, amount, term, status) VALUES (01055, LPAD(01055, 8, '0'), '2024-10-24', 1, 01055, 2, 1, 1, 500.0, 8, 'approved');
        INSERT INTO loans (loan_id, loan_number, loan_application_id, destination_id, approval_date, outlay_date, due_date, last_payment_date, next_payment_date, balance, status) VALUES (01055, LPAD(01055, 9, '0'), 01055, 1, '2024-10-24', '2024-10-25', NULL, 'NULL', NULL, NULL, 'in_progress');
        INSERT INTO loan_deductions (loan_deduction_id, loan_id, financial_advice, iva_financial_advice, notarial_charges, registration_expenses, balance_cancellation, loan_cancellation_id, other_expenses, total_deductions, other_expenses_description) VALUES (01055, 01055, 15.0, 1.95, 0, 0, 0, NULL, 0.0, 16.95, '' );
        INSERT INTO outlay_conditions (outlay_condition_id, loan_id, type, date, place, amount, cash_to, check_to, bank, bank_account_number, bank_account_owner, local_account_number, local_account_owner) VALUES (NULL, 01055, 1, '2024-10-25', 'Agencia Central', 483.05, NULL, NULL, NULL, NULL, NULL, NULL, NULL);
        INSERT INTO amortizations (amortization_id, amortizationable_id, amortizationable_type, date, amount, term, interest_rate, include_iva, include_insurance, payment, payment_frequency_id, amortization_method_id, last_payment_date)  VALUES ( NULL, 01055,  'App\\Models\\Loan',  '2024-10-25',  500.0,  8,  3.3, 1.95, '0', 72.13, 3, 2, 'NULL');
        INSERT INTO amortizations (amortization_id, amortizationable_id, amortizationable_type, date, amount, term, interest_rate, include_iva, include_insurance, payment, payment_frequency_id, amortization_method_id, last_payment_date) VALUES ( NULL, 01055, 'App\\Models\\LoanApplication', '2024-10-25', 500.0, 8, 3.3, 1.95, 0, 72.13, 3, 2, 'NULL');

        INSERT INTO clients (client_id, employee_id, registration_date, client_type_id, first_name, second_name, first_surname, second_surname, married_name, family_status_id, phone_number, cellphone_number, identification_type_id, identification_number, nit_homologation) 
        VALUES ('01056', '2', NOW(), 1, 'Griselda', 'Flores', 'De', 'Farela', 'Farela', 1, 's/a', 0, 1, '', 'true');
        INSERT INTO loan_applications (loan_application_id, loan_application_number, application_date, agency_id, client_id, employee_id, destination_id, guarantee_type_id, amount, term, status) VALUES (01056, LPAD(01056, 8, '0'), '2024-10-24', 1, 01056, 2, 1, 1, 500.0, 14, 'approved');
        INSERT INTO loans (loan_id, loan_number, loan_application_id, destination_id, approval_date, outlay_date, due_date, last_payment_date, next_payment_date, balance, status) VALUES (01056, LPAD(01056, 9, '0'), 01056, 1, '2024-10-24', '2024-10-25', NULL, 'NULL', NULL, NULL, 'in_progress');
        INSERT INTO loan_deductions (loan_deduction_id, loan_id, financial_advice, iva_financial_advice, notarial_charges, registration_expenses, balance_cancellation, loan_cancellation_id, other_expenses, total_deductions, other_expenses_description) VALUES (01056, 01056, 15.0, 1.95, 0, 0, 0, NULL, 0.0, 210.45, '' );
        INSERT INTO outlay_conditions (outlay_condition_id, loan_id, type, date, place, amount, cash_to, check_to, bank, bank_account_number, bank_account_owner, local_account_number, local_account_owner) VALUES (NULL, 01056, 1, '2024-10-25', 'Agencia Central', 289.55, NULL, NULL, NULL, NULL, NULL, NULL, NULL);
        INSERT INTO amortizations (amortization_id, amortizationable_id, amortizationable_type, date, amount, term, interest_rate, include_iva, include_insurance, payment, payment_frequency_id, amortization_method_id, last_payment_date)  VALUES ( NULL, 01056,  'App\\Models\\Loan',  '2024-10-25',  500.0,  14,  1.5, 1.95, '0', 39.86, 1, 2, 'NULL');
        INSERT INTO amortizations (amortization_id, amortizationable_id, amortizationable_type, date, amount, term, interest_rate, include_iva, include_insurance, payment, payment_frequency_id, amortization_method_id, last_payment_date) VALUES ( NULL, 01056, 'App\\Models\\LoanApplication', '2024-10-25', 500.0, 14, 1.5, 1.95, 0, 39.86, 1, 2, 'NULL');

        INSERT INTO clients (client_id, employee_id, registration_date, client_type_id, first_name, second_name, first_surname, second_surname, married_name, family_status_id, phone_number, cellphone_number, identification_type_id, identification_number, nit_homologation) 
        VALUES ('01057', '4', NOW(), 1, 'Yolanda', 'Marisol', 'Azucena', '', '', 1, 's/a', 0, 1, '', 'true');
        INSERT INTO loan_applications (loan_application_id, loan_application_number, application_date, agency_id, client_id, employee_id, destination_id, guarantee_type_id, amount, term, status) VALUES (01057, LPAD(01057, 8, '0'), '2024-10-24', 1, 01057, 4, 1, 1, 300.0, 14, 'approved');
        INSERT INTO loans (loan_id, loan_number, loan_application_id, destination_id, approval_date, outlay_date, due_date, last_payment_date, next_payment_date, balance, status) VALUES (01057, LPAD(01057, 9, '0'), 01057, 1, '2024-10-24', '2024-10-25', NULL, 'NULL', NULL, NULL, 'in_progress');
        INSERT INTO loan_deductions (loan_deduction_id, loan_id, financial_advice, iva_financial_advice, notarial_charges, registration_expenses, balance_cancellation, loan_cancellation_id, other_expenses, total_deductions, other_expenses_description) VALUES (01057, 01057, 9.0, 1.17, 0, 0, 0, NULL, 0.0, 10.17, '' );
        INSERT INTO outlay_conditions (outlay_condition_id, loan_id, type, date, place, amount, cash_to, check_to, bank, bank_account_number, bank_account_owner, local_account_number, local_account_owner) VALUES (NULL, 01057, 1, '2024-10-25', 'Agencia Central', 289.83, NULL, NULL, NULL, NULL, NULL, NULL, NULL);
        INSERT INTO amortizations (amortization_id, amortizationable_id, amortizationable_type, date, amount, term, interest_rate, include_iva, include_insurance, payment, payment_frequency_id, amortization_method_id, last_payment_date)  VALUES ( NULL, 01057,  'App\\Models\\Loan',  '2024-10-25',  300.0,  14,  1.5, 1.17, '0', 23.92, 1, 2, 'NULL');
        INSERT INTO amortizations (amortization_id, amortizationable_id, amortizationable_type, date, amount, term, interest_rate, include_iva, include_insurance, payment, payment_frequency_id, amortization_method_id, last_payment_date) VALUES ( NULL, 01057, 'App\\Models\\LoanApplication', '2024-10-25', 300.0, 14, 1.5, 1.17, 0, 23.92, 1, 2, 'NULL');

        INSERT INTO clients (client_id, employee_id, registration_date, client_type_id, first_name, second_name, first_surname, second_surname, married_name, family_status_id, phone_number, cellphone_number, identification_type_id, identification_number, nit_homologation) 
        VALUES ('01058', '4', NOW(), 1, 'Deysi', 'Arely', 'Portillo', 'De', 'Herrera', 1, 's/a', 0, 1, '', 'true');
        INSERT INTO loan_applications (loan_application_id, loan_application_number, application_date, agency_id, client_id, employee_id, destination_id, guarantee_type_id, amount, term, status) VALUES (01058, LPAD(01058, 8, '0'), '2024-10-24', 1, 01058, 4, 1, 1, 500.0, 8, 'approved');
        INSERT INTO loans (loan_id, loan_number, loan_application_id, destination_id, approval_date, outlay_date, due_date, last_payment_date, next_payment_date, balance, status) VALUES (01058, LPAD(01058, 9, '0'), 01058, 1, '2024-10-24', '2024-10-25', NULL, 'NULL', NULL, NULL, 'in_progress');
        INSERT INTO loan_deductions (loan_deduction_id, loan_id, financial_advice, iva_financial_advice, notarial_charges, registration_expenses, balance_cancellation, loan_cancellation_id, other_expenses, total_deductions, other_expenses_description) VALUES (01058, 01058, 15.0, 1.95, 0, 0, 0, NULL, 0.0, 147.71, '' );
        INSERT INTO outlay_conditions (outlay_condition_id, loan_id, type, date, place, amount, cash_to, check_to, bank, bank_account_number, bank_account_owner, local_account_number, local_account_owner) VALUES (NULL, 01058, 1, '2024-10-25', 'Agencia Central', 352.29, NULL, NULL, NULL, NULL, NULL, NULL, NULL);
        INSERT INTO amortizations (amortization_id, amortizationable_id, amortizationable_type, date, amount, term, interest_rate, include_iva, include_insurance, payment, payment_frequency_id, amortization_method_id, last_payment_date)  VALUES ( NULL, 01058,  'App\\Models\\Loan',  '2024-10-25',  500.0,  8,  3.3, 1.95, '0', 72.13, 3, 2, 'NULL');
        INSERT INTO amortizations (amortization_id, amortizationable_id, amortizationable_type, date, amount, term, interest_rate, include_iva, include_insurance, payment, payment_frequency_id, amortization_method_id, last_payment_date) VALUES ( NULL, 01058, 'App\\Models\\LoanApplication', '2024-10-25', 500.0, 8, 3.3, 1.95, 0, 72.13, 3, 2, 'NULL');

        INSERT INTO clients (client_id, employee_id, registration_date, client_type_id, first_name, second_name, first_surname, second_surname, married_name, family_status_id, phone_number, cellphone_number, identification_type_id, identification_number, nit_homologation) 
        VALUES ('01059', '2', NOW(), 1, 'Maria', 'Elena', 'Barrera', 'De', 'Avalos', 1, 's/a', 0, 1, '', 'true');
        INSERT INTO loan_applications (loan_application_id, loan_application_number, application_date, agency_id, client_id, employee_id, destination_id, guarantee_type_id, amount, term, status) VALUES (01059, LPAD(01059, 8, '0'), '2024-10-25', 1, 01059, 2, 1, 1, 700.0, 14, 'approved');
        INSERT INTO loans (loan_id, loan_number, loan_application_id, destination_id, approval_date, outlay_date, due_date, last_payment_date, next_payment_date, balance, status) VALUES (01059, LPAD(01059, 9, '0'), 01059, 1, '2024-10-25', '2024-10-26', NULL, 'NULL', NULL, NULL, 'in_progress');
        INSERT INTO loan_deductions (loan_deduction_id, loan_id, financial_advice, iva_financial_advice, notarial_charges, registration_expenses, balance_cancellation, loan_cancellation_id, other_expenses, total_deductions, other_expenses_description) VALUES (01059, 01059, 21.0, 2.73, 0, 0, 0, NULL, 0.0, 235.39, '' );
        INSERT INTO outlay_conditions (outlay_condition_id, loan_id, type, date, place, amount, cash_to, check_to, bank, bank_account_number, bank_account_owner, local_account_number, local_account_owner) VALUES (NULL, 01059, 1, '2024-10-26', 'Agencia Central', 464.61, NULL, NULL, NULL, NULL, NULL, NULL, NULL);
        INSERT INTO amortizations (amortization_id, amortizationable_id, amortizationable_type, date, amount, term, interest_rate, include_iva, include_insurance, payment, payment_frequency_id, amortization_method_id, last_payment_date)  VALUES ( NULL, 01059,  'App\\Models\\Loan',  '2024-10-26',  700.0,  14,  1.5, 2.73, '0', 55.81, 1, 2, 'NULL');
        INSERT INTO amortizations (amortization_id, amortizationable_id, amortizationable_type, date, amount, term, interest_rate, include_iva, include_insurance, payment, payment_frequency_id, amortization_method_id, last_payment_date) VALUES ( NULL, 01059, 'App\\Models\\LoanApplication', '2024-10-26', 700.0, 14, 1.5, 2.73, 0, 55.81, 1, 2, 'NULL');

        INSERT INTO clients (client_id, employee_id, registration_date, client_type_id, first_name, second_name, first_surname, second_surname, married_name, family_status_id, phone_number, cellphone_number, identification_type_id, identification_number, nit_homologation) 
        VALUES ('01060', '2', NOW(), 1, 'Cesar', 'Onan', 'Chavez', 'Chevez', '', 1, 's/a', 0, 1, '', 'true');
        INSERT INTO loan_applications (loan_application_id, loan_application_number, application_date, agency_id, client_id, employee_id, destination_id, guarantee_type_id, amount, term, status) VALUES (01060, LPAD(01060, 8, '0'), '2024-10-28', 1, 01060, 2, 1, 1, 1200.0, 12, 'approved');
        INSERT INTO loans (loan_id, loan_number, loan_application_id, destination_id, approval_date, outlay_date, due_date, last_payment_date, next_payment_date, balance, status) VALUES (01060, LPAD(01060, 9, '0'), 01060, 1, '2024-10-28', '2024-10-29', NULL, 'NULL', NULL, NULL, 'in_progress');
        INSERT INTO loan_deductions (loan_deduction_id, loan_id, financial_advice, iva_financial_advice, notarial_charges, registration_expenses, balance_cancellation, loan_cancellation_id, other_expenses, total_deductions, other_expenses_description) VALUES (01060, 01060, 36.0, 4.68, 0, 0, 0, NULL, 0.0, 729.1, '' );
        INSERT INTO outlay_conditions (outlay_condition_id, loan_id, type, date, place, amount, cash_to, check_to, bank, bank_account_number, bank_account_owner, local_account_number, local_account_owner) VALUES (NULL, 01060, 1, '2024-10-29', 'Agencia Central', 470.9, NULL, NULL, NULL, NULL, NULL, NULL, NULL);
        INSERT INTO amortizations (amortization_id, amortizationable_id, amortizationable_type, date, amount, term, interest_rate, include_iva, include_insurance, payment, payment_frequency_id, amortization_method_id, last_payment_date)  VALUES ( NULL, 01060,  'App\\Models\\Loan',  '2024-10-29',  1200.0,  12,  3.2, 4.68, '0', 122, 3, 2, 'NULL');
        INSERT INTO amortizations (amortization_id, amortizationable_id, amortizationable_type, date, amount, term, interest_rate, include_iva, include_insurance, payment, payment_frequency_id, amortization_method_id, last_payment_date) VALUES ( NULL, 01060, 'App\\Models\\LoanApplication', '2024-10-29', 1200.0, 12, 3.2, 4.68, 0, 122, 3, 2, 'NULL');

        INSERT INTO clients (client_id, employee_id, registration_date, client_type_id, first_name, second_name, first_surname, second_surname, married_name, family_status_id, phone_number, cellphone_number, identification_type_id, identification_number, nit_homologation) 
        VALUES ('01061', '4', NOW(), 1, 'Trinidad', 'De', 'Jesus', 'Hernandez', 'Jesus', 1, 's/a', 0, 1, '', 'true');
        INSERT INTO loan_applications (loan_application_id, loan_application_number, application_date, agency_id, client_id, employee_id, destination_id, guarantee_type_id, amount, term, status) VALUES (01061, LPAD(01061, 8, '0'), '2024-10-28', 1, 01061, 4, 1, 1, 500.0, 12, 'approved');
        INSERT INTO loans (loan_id, loan_number, loan_application_id, destination_id, approval_date, outlay_date, due_date, last_payment_date, next_payment_date, balance, status) VALUES (01061, LPAD(01061, 9, '0'), 01061, 1, '2024-10-28', '2024-10-29', NULL, 'NULL', NULL, NULL, 'in_progress');
        INSERT INTO loan_deductions (loan_deduction_id, loan_id, financial_advice, iva_financial_advice, notarial_charges, registration_expenses, balance_cancellation, loan_cancellation_id, other_expenses, total_deductions, other_expenses_description) VALUES (01061, 01061, 15.0, 1.95, 0, 0, 0, NULL, 0.0, 219.06, '' );
        INSERT INTO outlay_conditions (outlay_condition_id, loan_id, type, date, place, amount, cash_to, check_to, bank, bank_account_number, bank_account_owner, local_account_number, local_account_owner) VALUES (NULL, 01061, 1, '2024-10-29', 'Agencia Central', 280.94, NULL, NULL, NULL, NULL, NULL, NULL, NULL);
        INSERT INTO amortizations (amortization_id, amortizationable_id, amortizationable_type, date, amount, term, interest_rate, include_iva, include_insurance, payment, payment_frequency_id, amortization_method_id, last_payment_date)  VALUES ( NULL, 01061,  'App\\Models\\Loan',  '2024-10-29',  500.0,  12,  3.43, 1.95, '0', 51.53, 3, 2, 'NULL');
        INSERT INTO amortizations (amortization_id, amortizationable_id, amortizationable_type, date, amount, term, interest_rate, include_iva, include_insurance, payment, payment_frequency_id, amortization_method_id, last_payment_date) VALUES ( NULL, 01061, 'App\\Models\\LoanApplication', '2024-10-29', 500.0, 12, 3.43, 1.95, 0, 51.53, 3, 2, 'NULL');

        INSERT INTO clients (client_id, employee_id, registration_date, client_type_id, first_name, second_name, first_surname, second_surname, married_name, family_status_id, phone_number, cellphone_number, identification_type_id, identification_number, nit_homologation) 
        VALUES ('01062', '2', NOW(), 1, 'Edgardo', 'Otoniel', 'Ramirez', 'Maeda', '', 1, 's/a', 0, 1, '', 'true');
        INSERT INTO loan_applications (loan_application_id, loan_application_number, application_date, agency_id, client_id, employee_id, destination_id, guarantee_type_id, amount, term, status) VALUES (01062, LPAD(01062, 8, '0'), '2024-10-29', 1, 01062, 2, 1, 1, 300.0, 14, 'approved');
        INSERT INTO loans (loan_id, loan_number, loan_application_id, destination_id, approval_date, outlay_date, due_date, last_payment_date, next_payment_date, balance, status) VALUES (01062, LPAD(01062, 9, '0'), 01062, 1, '2024-10-29', '2024-10-30', NULL, 'NULL', NULL, NULL, 'in_progress');
        INSERT INTO loan_deductions (loan_deduction_id, loan_id, financial_advice, iva_financial_advice, notarial_charges, registration_expenses, balance_cancellation, loan_cancellation_id, other_expenses, total_deductions, other_expenses_description) VALUES (01062, 01062, 9.0, 1.17, 0, 0, 0, NULL, 0.0, 102.9, '' );
        INSERT INTO outlay_conditions (outlay_condition_id, loan_id, type, date, place, amount, cash_to, check_to, bank, bank_account_number, bank_account_owner, local_account_number, local_account_owner) VALUES (NULL, 01062, 1, '2024-10-30', 'Agencia Central', 197.1, NULL, NULL, NULL, NULL, NULL, NULL, NULL);
        INSERT INTO amortizations (amortization_id, amortizationable_id, amortizationable_type, date, amount, term, interest_rate, include_iva, include_insurance, payment, payment_frequency_id, amortization_method_id, last_payment_date)  VALUES ( NULL, 01062,  'App\\Models\\Loan',  '2024-10-30',  300.0,  14,  1.5, 1.17, '0', 23.92, 1, 2, 'NULL');
        INSERT INTO amortizations (amortization_id, amortizationable_id, amortizationable_type, date, amount, term, interest_rate, include_iva, include_insurance, payment, payment_frequency_id, amortization_method_id, last_payment_date) VALUES ( NULL, 01062, 'App\\Models\\LoanApplication', '2024-10-30', 300.0, 14, 1.5, 1.17, 0, 23.92, 1, 2, 'NULL');

        INSERT INTO clients (client_id, employee_id, registration_date, client_type_id, first_name, second_name, first_surname, second_surname, married_name, family_status_id, phone_number, cellphone_number, identification_type_id, identification_number, nit_homologation) 
        VALUES ('01063', '4', NOW(), 1, 'Nelson', 'Ernesto', 'Ramirez', 'Hernandez', '', 1, 's/a', 0, 1, '', 'true');
        INSERT INTO loan_applications (loan_application_id, loan_application_number, application_date, agency_id, client_id, employee_id, destination_id, guarantee_type_id, amount, term, status) VALUES (01063, LPAD(01063, 8, '0'), '2024-10-30', 1, 01063, 4, 1, 1, 3500.0, 48, 'approved');
        INSERT INTO loans (loan_id, loan_number, loan_application_id, destination_id, approval_date, outlay_date, due_date, last_payment_date, next_payment_date, balance, status) VALUES (01063, LPAD(01063, 9, '0'), 01063, 1, '2024-10-30', '2024-10-31', NULL, 'NULL', NULL, NULL, 'in_progress');
        INSERT INTO loan_deductions (loan_deduction_id, loan_id, financial_advice, iva_financial_advice, notarial_charges, registration_expenses, balance_cancellation, loan_cancellation_id, other_expenses, total_deductions, other_expenses_description) VALUES (01063, 01063, 105.0, 13.65, 0, 0, 0, NULL, 0.0, 205.1, '' );
        INSERT INTO outlay_conditions (outlay_condition_id, loan_id, type, date, place, amount, cash_to, check_to, bank, bank_account_number, bank_account_owner, local_account_number, local_account_owner) VALUES (NULL, 01063, 1, '2024-10-31', 'Agencia Central', 3294.9, NULL, NULL, NULL, NULL, NULL, NULL, NULL);
        INSERT INTO amortizations (amortization_id, amortizationable_id, amortizationable_type, date, amount, term, interest_rate, include_iva, include_insurance, payment, payment_frequency_id, amortization_method_id, last_payment_date)  VALUES ( NULL, 01063,  'App\\Models\\Loan',  '2024-10-31',  3500.0,  48,  7.0, 13.65, '0', 254.91, 4, 2, 'NULL');
        INSERT INTO amortizations (amortization_id, amortizationable_id, amortizationable_type, date, amount, term, interest_rate, include_iva, include_insurance, payment, payment_frequency_id, amortization_method_id, last_payment_date) VALUES ( NULL, 01063, 'App\\Models\\LoanApplication', '2024-10-31', 3500.0, 48, 7.0, 13.65, 0, 254.91, 4, 2, 'NULL');

        INSERT INTO clients (client_id, employee_id, registration_date, client_type_id, first_name, second_name, first_surname, second_surname, married_name, family_status_id, phone_number, cellphone_number, identification_type_id, identification_number, nit_homologation) 
        VALUES ('01064', '2', NOW(), 1, 'Areli', 'De', 'Los', 'Angeles', 'Los', 1, 's/a', 0, 1, '', 'true');
        INSERT INTO loan_applications (loan_application_id, loan_application_number, application_date, agency_id, client_id, employee_id, destination_id, guarantee_type_id, amount, term, status) VALUES (01064, LPAD(01064, 8, '0'), '2024-10-30', 1, 01064, 2, 1, 1, 1300.0, 14, 'approved');
        INSERT INTO loans (loan_id, loan_number, loan_application_id, destination_id, approval_date, outlay_date, due_date, last_payment_date, next_payment_date, balance, status) VALUES (01064, LPAD(01064, 9, '0'), 01064, 1, '2024-10-30', '2024-10-31', NULL, 'NULL', NULL, NULL, 'in_progress');
        INSERT INTO loan_deductions (loan_deduction_id, loan_id, financial_advice, iva_financial_advice, notarial_charges, registration_expenses, balance_cancellation, loan_cancellation_id, other_expenses, total_deductions, other_expenses_description) VALUES (01064, 01064, 39.0, 5.07, 0, 0, 0, NULL, 0.0, 762.94, '' );
        INSERT INTO outlay_conditions (outlay_condition_id, loan_id, type, date, place, amount, cash_to, check_to, bank, bank_account_number, bank_account_owner, local_account_number, local_account_owner) VALUES (NULL, 01064, 1, '2024-10-31', 'Agencia Central', 537.06, NULL, NULL, NULL, NULL, NULL, NULL, NULL);
        INSERT INTO amortizations (amortization_id, amortizationable_id, amortizationable_type, date, amount, term, interest_rate, include_iva, include_insurance, payment, payment_frequency_id, amortization_method_id, last_payment_date)  VALUES ( NULL, 01064,  'App\\Models\\Loan',  '2024-10-31',  1300.0,  14,  1.5, 5.07, '0', 103.64, 1, 2, 'NULL');
        INSERT INTO amortizations (amortization_id, amortizationable_id, amortizationable_type, date, amount, term, interest_rate, include_iva, include_insurance, payment, payment_frequency_id, amortization_method_id, last_payment_date) VALUES ( NULL, 01064, 'App\\Models\\LoanApplication', '2024-10-31', 1300.0, 14, 1.5, 5.07, 0, 103.64, 1, 2, 'NULL');

        INSERT INTO clients (client_id, employee_id, registration_date, client_type_id, first_name, second_name, first_surname, second_surname, married_name, family_status_id, phone_number, cellphone_number, identification_type_id, identification_number, nit_homologation) 
        VALUES ('01065', '2', NOW(), 1, 'Morena', 'Guadalupe', 'Lopez', 'De', 'Perez', 1, 's/a', 0, 1, '', 'true');
        INSERT INTO loan_applications (loan_application_id, loan_application_number, application_date, agency_id, client_id, employee_id, destination_id, guarantee_type_id, amount, term, status) VALUES (01065, LPAD(01065, 8, '0'), '2024-10-30', 1, 01065, 2, 1, 1, 200.0, 14, 'approved');
        INSERT INTO loans (loan_id, loan_number, loan_application_id, destination_id, approval_date, outlay_date, due_date, last_payment_date, next_payment_date, balance, status) VALUES (01065, LPAD(01065, 9, '0'), 01065, 1, '2024-10-30', '2024-10-31', NULL, 'NULL', NULL, NULL, 'in_progress');
        INSERT INTO loan_deductions (loan_deduction_id, loan_id, financial_advice, iva_financial_advice, notarial_charges, registration_expenses, balance_cancellation, loan_cancellation_id, other_expenses, total_deductions, other_expenses_description) VALUES (01065, 01065, 6.0, 0.78, 0, 0, 0, NULL, 0.0, 6.78, '' );
        INSERT INTO outlay_conditions (outlay_condition_id, loan_id, type, date, place, amount, cash_to, check_to, bank, bank_account_number, bank_account_owner, local_account_number, local_account_owner) VALUES (NULL, 01065, 1, '2024-10-31', 'Agencia Central', 193.22, NULL, NULL, NULL, NULL, NULL, NULL, NULL);
        INSERT INTO amortizations (amortization_id, amortizationable_id, amortizationable_type, date, amount, term, interest_rate, include_iva, include_insurance, payment, payment_frequency_id, amortization_method_id, last_payment_date)  VALUES ( NULL, 01065,  'App\\Models\\Loan',  '2024-10-31',  200.0,  14,  1.5, 0.78, '0', 15.94, 1, 2, 'NULL');
        INSERT INTO amortizations (amortization_id, amortizationable_id, amortizationable_type, date, amount, term, interest_rate, include_iva, include_insurance, payment, payment_frequency_id, amortization_method_id, last_payment_date) VALUES ( NULL, 01065, 'App\\Models\\LoanApplication', '2024-10-31', 200.0, 14, 1.5, 0.78, 0, 15.94, 1, 2, 'NULL');

        INSERT INTO clients (client_id, employee_id, registration_date, client_type_id, first_name, second_name, first_surname, second_surname, married_name, family_status_id, phone_number, cellphone_number, identification_type_id, identification_number, nit_homologation) 
        VALUES ('01066', '4', NOW(), 1, 'Claudia', 'Carolina', 'Barillas', 'De', 'Perez', 1, 's/a', 0, 1, '', 'true');
        INSERT INTO loan_applications (loan_application_id, loan_application_number, application_date, agency_id, client_id, employee_id, destination_id, guarantee_type_id, amount, term, status) VALUES (01066, LPAD(01066, 8, '0'), '2024-10-30', 1, 01066, 4, 1, 1, 700.0, 14, 'approved');
        INSERT INTO loans (loan_id, loan_number, loan_application_id, destination_id, approval_date, outlay_date, due_date, last_payment_date, next_payment_date, balance, status) VALUES (01066, LPAD(01066, 9, '0'), 01066, 1, '2024-10-30', '2024-10-31', NULL, 'NULL', NULL, NULL, 'in_progress');
        INSERT INTO loan_deductions (loan_deduction_id, loan_id, financial_advice, iva_financial_advice, notarial_charges, registration_expenses, balance_cancellation, loan_cancellation_id, other_expenses, total_deductions, other_expenses_description) VALUES (01066, 01066, 21.0, 2.73, 0, 0, 0, NULL, 0.0, 23.73, '' );
        INSERT INTO outlay_conditions (outlay_condition_id, loan_id, type, date, place, amount, cash_to, check_to, bank, bank_account_number, bank_account_owner, local_account_number, local_account_owner) VALUES (NULL, 01066, 1, '2024-10-31', 'Agencia Central', 676.27, NULL, NULL, NULL, NULL, NULL, NULL, NULL);
        INSERT INTO amortizations (amortization_id, amortizationable_id, amortizationable_type, date, amount, term, interest_rate, include_iva, include_insurance, payment, payment_frequency_id, amortization_method_id, last_payment_date)  VALUES ( NULL, 01066,  'App\\Models\\Loan',  '2024-10-31',  700.0,  14,  1.5, 2.73, '0', 55.81, 1, 2, 'NULL');
        INSERT INTO amortizations (amortization_id, amortizationable_id, amortizationable_type, date, amount, term, interest_rate, include_iva, include_insurance, payment, payment_frequency_id, amortization_method_id, last_payment_date) VALUES ( NULL, 01066, 'App\\Models\\LoanApplication', '2024-10-31', 700.0, 14, 1.5, 2.73, 0, 55.81, 1, 2, 'NULL');

        INSERT INTO clients (client_id, employee_id, registration_date, client_type_id, first_name, second_name, first_surname, second_surname, married_name, family_status_id, phone_number, cellphone_number, identification_type_id, identification_number, nit_homologation) 
        VALUES ('01067', '4', NOW(), 1, 'Ivania', 'Estefany', 'Rivera', 'Zavaleta', '', 1, 's/a', 0, 1, '', 'true');
        INSERT INTO loan_applications (loan_application_id, loan_application_number, application_date, agency_id, client_id, employee_id, destination_id, guarantee_type_id, amount, term, status) VALUES (01067, LPAD(01067, 8, '0'), '2024-10-30', 1, 01067, 4, 1, 1, 442.46, 12, 'approved');
        INSERT INTO loans (loan_id, loan_number, loan_application_id, destination_id, approval_date, outlay_date, due_date, last_payment_date, next_payment_date, balance, status) VALUES (01067, LPAD(01067, 9, '0'), 01067, 1, '2024-10-30', '2024-10-31', NULL, 'NULL', NULL, NULL, 'in_progress');
        INSERT INTO loan_deductions (loan_deduction_id, loan_id, financial_advice, iva_financial_advice, notarial_charges, registration_expenses, balance_cancellation, loan_cancellation_id, other_expenses, total_deductions, other_expenses_description) VALUES (01067, 01067, 12.84, 1.66, 0, 0, 0, NULL, 0.0, 442.46, '' );
        INSERT INTO outlay_conditions (outlay_condition_id, loan_id, type, date, place, amount, cash_to, check_to, bank, bank_account_number, bank_account_owner, local_account_number, local_account_owner) VALUES (NULL, 01067, 1, '2024-10-31', 'Agencia Central', 0.0, NULL, NULL, NULL, NULL, NULL, NULL, NULL);
        INSERT INTO amortizations (amortization_id, amortizationable_id, amortizationable_type, date, amount, term, interest_rate, include_iva, include_insurance, payment, payment_frequency_id, amortization_method_id, last_payment_date)  VALUES ( NULL, 01067,  'App\\Models\\Loan',  '2024-10-31',  442.46,  12,  3.0, 1.66, '0', 44.45, 3, 2, 'NULL');
        INSERT INTO amortizations (amortization_id, amortizationable_id, amortizationable_type, date, amount, term, interest_rate, include_iva, include_insurance, payment, payment_frequency_id, amortization_method_id, last_payment_date) VALUES ( NULL, 01067, 'App\\Models\\LoanApplication', '2024-10-31', 442.46, 12, 3.0, 1.66, 0, 44.45, 3, 2, 'NULL');

        INSERT INTO clients (client_id, employee_id, registration_date, client_type_id, first_name, second_name, first_surname, second_surname, married_name, family_status_id, phone_number, cellphone_number, identification_type_id, identification_number, nit_homologation) 
        VALUES ('01068', '4', NOW(), 1, 'Maria', 'Esther', 'Rivera', 'De', 'Retana', 1, 's/a', 0, 1, '', 'true');
        INSERT INTO loan_applications (loan_application_id, loan_application_number, application_date, agency_id, client_id, employee_id, destination_id, guarantee_type_id, amount, term, status) VALUES (01068, LPAD(01068, 8, '0'), '2024-10-30', 1, 01068, 4, 1, 1, 400.0, 12, 'approved');
        INSERT INTO loans (loan_id, loan_number, loan_application_id, destination_id, approval_date, outlay_date, due_date, last_payment_date, next_payment_date, balance, status) VALUES (01068, LPAD(01068, 9, '0'), 01068, 1, '2024-10-30', '2024-10-31', NULL, 'NULL', NULL, NULL, 'in_progress');
        INSERT INTO loan_deductions (loan_deduction_id, loan_id, financial_advice, iva_financial_advice, notarial_charges, registration_expenses, balance_cancellation, loan_cancellation_id, other_expenses, total_deductions, other_expenses_description) VALUES (01068, 01068, 12.0, 1.56, 0, 0, 0, NULL, 0.0, 166.29, '' );
        INSERT INTO outlay_conditions (outlay_condition_id, loan_id, type, date, place, amount, cash_to, check_to, bank, bank_account_number, bank_account_owner, local_account_number, local_account_owner) VALUES (NULL, 01068, 1, '2024-10-31', 'Agencia Central', 233.71, NULL, NULL, NULL, NULL, NULL, NULL, NULL);
        INSERT INTO amortizations (amortization_id, amortizationable_id, amortizationable_type, date, amount, term, interest_rate, include_iva, include_insurance, payment, payment_frequency_id, amortization_method_id, last_payment_date)  VALUES ( NULL, 01068,  'App\\Models\\Loan',  '2024-10-31',  400.0,  12,  3.38, 1.56, '0', 41.1, 3, 2, 'NULL');
        INSERT INTO amortizations (amortization_id, amortizationable_id, amortizationable_type, date, amount, term, interest_rate, include_iva, include_insurance, payment, payment_frequency_id, amortization_method_id, last_payment_date) VALUES ( NULL, 01068, 'App\\Models\\LoanApplication', '2024-10-31', 400.0, 12, 3.38, 1.56, 0, 41.1, 3, 2, 'NULL');

        INSERT INTO clients (client_id, employee_id, registration_date, client_type_id, first_name, second_name, first_surname, second_surname, married_name, family_status_id, phone_number, cellphone_number, identification_type_id, identification_number, nit_homologation) 
        VALUES ('0107', '3', NOW(), 1, 'Ana', 'Elizabeth', 'Hernandez', 'Quintanilla', '', 1, 's/a', 0, 1, '', 'true');
        INSERT INTO loan_applications (loan_application_id, loan_application_number, application_date, agency_id, client_id, employee_id, destination_id, guarantee_type_id, amount, term, status) VALUES (0107, LPAD(0107, 8, '0'), '2022-11-16', 1, 0107, 3, 1, 1, 400.0, 14, 'approved');
        INSERT INTO loans (loan_id, loan_number, loan_application_id, destination_id, approval_date, outlay_date, due_date, last_payment_date, next_payment_date, balance, status) VALUES (0107, LPAD(0107, 9, '0'), 0107, 1, '2022-11-16', '2022-11-17', NULL, '2022-12-29', NULL, 259.84, 'in_progress');
        INSERT INTO loan_deductions (loan_deduction_id, loan_id, financial_advice, iva_financial_advice, notarial_charges, registration_expenses, balance_cancellation, loan_cancellation_id, other_expenses, total_deductions, other_expenses_description) VALUES (0107, 0107, 12.0, 1.56, 0, 0, 0, NULL, 0.0, 13.56, '' );
        INSERT INTO outlay_conditions (outlay_condition_id, loan_id, type, date, place, amount, cash_to, check_to, bank, bank_account_number, bank_account_owner, local_account_number, local_account_owner) VALUES (NULL, 0107, 1, '2022-11-17', 'Agencia Central', 386.44, NULL, NULL, NULL, NULL, NULL, NULL, NULL);
        INSERT INTO amortizations (amortization_id, amortizationable_id, amortizationable_type, date, amount, term, interest_rate, include_iva, include_insurance, payment, payment_frequency_id, amortization_method_id, last_payment_date)  VALUES ( NULL, 0107,  'App\\Models\\Loan',  '2022-11-17',  400.0,  14,  4.8, 1.56, '0', 39.89, 1, 2, '2022-12-29');
        INSERT INTO amortizations (amortization_id, amortizationable_id, amortizationable_type, date, amount, term, interest_rate, include_iva, include_insurance, payment, payment_frequency_id, amortization_method_id, last_payment_date) VALUES ( NULL, 0107, 'App\\Models\\LoanApplication', '2022-11-17', 400.0, 14, 4.8, 1.56, 0, 39.89, 1, 2, '2022-12-29');

        INSERT INTO clients (client_id, employee_id, registration_date, client_type_id, first_name, second_name, first_surname, second_surname, married_name, family_status_id, phone_number, cellphone_number, identification_type_id, identification_number, nit_homologation) 
        VALUES ('0108', '3', NOW(), 1, 'Maria', 'Soledad', 'Rivera', 'Hernandez', '', 1, 's/a', 0, 1, '', 'true');
        INSERT INTO loan_applications (loan_application_id, loan_application_number, application_date, agency_id, client_id, employee_id, destination_id, guarantee_type_id, amount, term, status) VALUES (0108, LPAD(0108, 8, '0'), '2022-11-16', 1, 0108, 3, 1, 1, 300.0, 12, 'approved');
        INSERT INTO loans (loan_id, loan_number, loan_application_id, destination_id, approval_date, outlay_date, due_date, last_payment_date, next_payment_date, balance, status) VALUES (0108, LPAD(0108, 9, '0'), 0108, 1, '2022-11-16', '2022-11-17', NULL, '2024-07-05', NULL, 129.02, 'in_progress');
        INSERT INTO loan_deductions (loan_deduction_id, loan_id, financial_advice, iva_financial_advice, notarial_charges, registration_expenses, balance_cancellation, loan_cancellation_id, other_expenses, total_deductions, other_expenses_description) VALUES (0108, 0108, 9.0, 1.17, 0, 0, 0, NULL, 0.0, 10.17, '' );
        INSERT INTO outlay_conditions (outlay_condition_id, loan_id, type, date, place, amount, cash_to, check_to, bank, bank_account_number, bank_account_owner, local_account_number, local_account_owner) VALUES (NULL, 0108, 1, '2022-11-17', 'Agencia Central', 289.83, NULL, NULL, NULL, NULL, NULL, NULL, NULL);
        INSERT INTO amortizations (amortization_id, amortizationable_id, amortizationable_type, date, amount, term, interest_rate, include_iva, include_insurance, payment, payment_frequency_id, amortization_method_id, last_payment_date)  VALUES ( NULL, 0108,  'App\\Models\\Loan',  '2022-11-17',  300.0,  12,  4.8, 1.17, '0', 33.47, 1, 2, '2024-07-05');
        INSERT INTO amortizations (amortization_id, amortizationable_id, amortizationable_type, date, amount, term, interest_rate, include_iva, include_insurance, payment, payment_frequency_id, amortization_method_id, last_payment_date) VALUES ( NULL, 0108, 'App\\Models\\LoanApplication', '2022-11-17', 300.0, 12, 4.8, 1.17, 0, 33.47, 1, 2, '2024-07-05');

        INSERT INTO clients (client_id, employee_id, registration_date, client_type_id, first_name, second_name, first_surname, second_surname, married_name, family_status_id, phone_number, cellphone_number, identification_type_id, identification_number, nit_homologation) 
        VALUES ('0139', '3', NOW(), 1, 'Clara', 'Luz', 'Sanchez', 'Vda.', 'Contreras', 1, 's/a', 0, 1, '', 'true');
        INSERT INTO loan_applications (loan_application_id, loan_application_number, application_date, agency_id, client_id, employee_id, destination_id, guarantee_type_id, amount, term, status) VALUES (0139, LPAD(0139, 8, '0'), '2022-12-19', 1, 0139, 3, 1, 1, 695.1, 12, 'approved');
        INSERT INTO loans (loan_id, loan_number, loan_application_id, destination_id, approval_date, outlay_date, due_date, last_payment_date, next_payment_date, balance, status) VALUES (0139, LPAD(0139, 9, '0'), 0139, 1, '2022-12-19', '2022-12-20', NULL, 'NULL', NULL, NULL, 'in_progress');
        INSERT INTO loan_deductions (loan_deduction_id, loan_id, financial_advice, iva_financial_advice, notarial_charges, registration_expenses, balance_cancellation, loan_cancellation_id, other_expenses, total_deductions, other_expenses_description) VALUES (0139, 0139, 0.0, 0.0, 0, 0, 0, NULL, 0.0, 695.1, '' );
        INSERT INTO outlay_conditions (outlay_condition_id, loan_id, type, date, place, amount, cash_to, check_to, bank, bank_account_number, bank_account_owner, local_account_number, local_account_owner) VALUES (NULL, 0139, 1, '2022-12-20', 'Agencia Central', 0.0, NULL, NULL, NULL, NULL, NULL, NULL, NULL);
        INSERT INTO amortizations (amortization_id, amortizationable_id, amortizationable_type, date, amount, term, interest_rate, include_iva, include_insurance, payment, payment_frequency_id, amortization_method_id, last_payment_date)  VALUES ( NULL, 0139,  'App\\Models\\Loan',  '2022-12-20',  695.1,  12,  0, 0.0, '0', 0, 1, 2, 'NULL');
        INSERT INTO amortizations (amortization_id, amortizationable_id, amortizationable_type, date, amount, term, interest_rate, include_iva, include_insurance, payment, payment_frequency_id, amortization_method_id, last_payment_date) VALUES ( NULL, 0139, 'App\\Models\\LoanApplication', '2022-12-20', 695.1, 12, 0, 0.0, 0, 0, 1, 2, 'NULL');

        INSERT INTO clients (client_id, employee_id, registration_date, client_type_id, first_name, second_name, first_surname, second_surname, married_name, family_status_id, phone_number, cellphone_number, identification_type_id, identification_number, nit_homologation) 
        VALUES ('0146', '3', NOW(), 1, 'Kenia', 'Carolina', 'Martinez', 'De', 'Escobar', 1, 's/a', 0, 1, '', 'true');
        INSERT INTO loan_applications (loan_application_id, loan_application_number, application_date, agency_id, client_id, employee_id, destination_id, guarantee_type_id, amount, term, status) VALUES (0146, LPAD(0146, 8, '0'), '2022-12-19', 1, 0146, 3, 1, 1, 528.13, 18, 'approved');
        INSERT INTO loans (loan_id, loan_number, loan_application_id, destination_id, approval_date, outlay_date, due_date, last_payment_date, next_payment_date, balance, status) VALUES (0146, LPAD(0146, 9, '0'), 0146, 1, '2022-12-19', '2022-12-23', NULL, '2024-10-14', NULL, 357.62, 'in_progress');
        INSERT INTO loan_deductions (loan_deduction_id, loan_id, financial_advice, iva_financial_advice, notarial_charges, registration_expenses, balance_cancellation, loan_cancellation_id, other_expenses, total_deductions, other_expenses_description) VALUES (0146, 0146, 0.0, 0.0, 0, 0, 0, NULL, 0.0, 528.13, '' );
        INSERT INTO outlay_conditions (outlay_condition_id, loan_id, type, date, place, amount, cash_to, check_to, bank, bank_account_number, bank_account_owner, local_account_number, local_account_owner) VALUES (NULL, 0146, 1, '2022-12-23', 'Agencia Central', 0.0, NULL, NULL, NULL, NULL, NULL, NULL, NULL);
        INSERT INTO amortizations (amortization_id, amortizationable_id, amortizationable_type, date, amount, term, interest_rate, include_iva, include_insurance, payment, payment_frequency_id, amortization_method_id, last_payment_date)  VALUES ( NULL, 0146,  'App\\Models\\Loan',  '2022-12-23',  528.13,  18,  4.8, 0.0, '0', 44.48, 1, 2, '2024-10-14');
        INSERT INTO amortizations (amortization_id, amortizationable_id, amortizationable_type, date, amount, term, interest_rate, include_iva, include_insurance, payment, payment_frequency_id, amortization_method_id, last_payment_date) VALUES ( NULL, 0146, 'App\\Models\\LoanApplication', '2022-12-23', 528.13, 18, 4.8, 0.0, 0, 44.48, 1, 2, '2024-10-14');

        INSERT INTO clients (client_id, employee_id, registration_date, client_type_id, first_name, second_name, first_surname, second_surname, married_name, family_status_id, phone_number, cellphone_number, identification_type_id, identification_number, nit_homologation) 
        VALUES ('0147', '4', NOW(), 1, 'Dora', 'Isabel', 'Hernandez', 'Mata', '', 1, 's/a', 0, 1, '', 'true');
        INSERT INTO loan_applications (loan_application_id, loan_application_number, application_date, agency_id, client_id, employee_id, destination_id, guarantee_type_id, amount, term, status) VALUES (0147, LPAD(0147, 8, '0'), '2022-12-21', 1, 0147, 4, 1, 1, 416.86, 18, 'approved');
        INSERT INTO loans (loan_id, loan_number, loan_application_id, destination_id, approval_date, outlay_date, due_date, last_payment_date, next_payment_date, balance, status) VALUES (0147, LPAD(0147, 9, '0'), 0147, 1, '2022-12-21', '2022-12-23', NULL, '2023-08-17', NULL, 244.52999999999997, 'in_progress');
        INSERT INTO loan_deductions (loan_deduction_id, loan_id, financial_advice, iva_financial_advice, notarial_charges, registration_expenses, balance_cancellation, loan_cancellation_id, other_expenses, total_deductions, other_expenses_description) VALUES (0147, 0147, 0.0, 0.0, 0, 0, 0, NULL, 0.0, 416.86, '' );
        INSERT INTO outlay_conditions (outlay_condition_id, loan_id, type, date, place, amount, cash_to, check_to, bank, bank_account_number, bank_account_owner, local_account_number, local_account_owner) VALUES (NULL, 0147, 1, '2022-12-23', 'Agencia Central', 0.0, NULL, NULL, NULL, NULL, NULL, NULL, NULL);
        INSERT INTO amortizations (amortization_id, amortizationable_id, amortizationable_type, date, amount, term, interest_rate, include_iva, include_insurance, payment, payment_frequency_id, amortization_method_id, last_payment_date)  VALUES ( NULL, 0147,  'App\\Models\\Loan',  '2022-12-23',  416.86,  18,  4.8, 0.0, '0', 35.11, 1, 2, '2023-08-17');
        INSERT INTO amortizations (amortization_id, amortizationable_id, amortizationable_type, date, amount, term, interest_rate, include_iva, include_insurance, payment, payment_frequency_id, amortization_method_id, last_payment_date) VALUES ( NULL, 0147, 'App\\Models\\LoanApplication', '2022-12-23', 416.86, 18, 4.8, 0.0, 0, 35.11, 1, 2, '2023-08-17');

        INSERT INTO clients (client_id, employee_id, registration_date, client_type_id, first_name, second_name, first_surname, second_surname, married_name, family_status_id, phone_number, cellphone_number, identification_type_id, identification_number, nit_homologation) 
        VALUES ('0152', '3', NOW(), 1, 'Mirna', 'Elizabeth', 'Garcia', 'Zepeda', '', 1, 's/a', 0, 1, '', 'true');
        INSERT INTO loan_applications (loan_application_id, loan_application_number, application_date, agency_id, client_id, employee_id, destination_id, guarantee_type_id, amount, term, status) VALUES (0152, LPAD(0152, 8, '0'), '2022-12-22', 1, 0152, 3, 1, 1, 500.0, 10, 'approved');
        INSERT INTO loans (loan_id, loan_number, loan_application_id, destination_id, approval_date, outlay_date, due_date, last_payment_date, next_payment_date, balance, status) VALUES (0152, LPAD(0152, 9, '0'), 0152, 1, '2022-12-22', '2022-12-23', NULL, '2024-08-26', NULL, 91.98000000000002, 'in_progress');
        INSERT INTO loan_deductions (loan_deduction_id, loan_id, financial_advice, iva_financial_advice, notarial_charges, registration_expenses, balance_cancellation, loan_cancellation_id, other_expenses, total_deductions, other_expenses_description) VALUES (0152, 0152, 15.0, 1.95, 0, 0, 0, NULL, 0.0, 341.76, '' );
        INSERT INTO outlay_conditions (outlay_condition_id, loan_id, type, date, place, amount, cash_to, check_to, bank, bank_account_number, bank_account_owner, local_account_number, local_account_owner) VALUES (NULL, 0152, 1, '2022-12-23', 'Agencia Central', 158.24, NULL, NULL, NULL, NULL, NULL, NULL, NULL);
        INSERT INTO amortizations (amortization_id, amortizationable_id, amortizationable_type, date, amount, term, interest_rate, include_iva, include_insurance, payment, payment_frequency_id, amortization_method_id, last_payment_date)  VALUES ( NULL, 0152,  'App\\Models\\Loan',  '2022-12-23',  500.0,  10,  4.8, 1.95, '0', 64.12, 1, 2, '2024-08-26');
        INSERT INTO amortizations (amortization_id, amortizationable_id, amortizationable_type, date, amount, term, interest_rate, include_iva, include_insurance, payment, payment_frequency_id, amortization_method_id, last_payment_date) VALUES ( NULL, 0152, 'App\\Models\\LoanApplication', '2022-12-23', 500.0, 10, 4.8, 1.95, 0, 64.12, 1, 2, '2024-08-26');

        INSERT INTO clients (client_id, employee_id, registration_date, client_type_id, first_name, second_name, first_surname, second_surname, married_name, family_status_id, phone_number, cellphone_number, identification_type_id, identification_number, nit_homologation) 
        VALUES ('0239', '4', NOW(), 1, 'Jose', 'Oswaldo', 'Giron', 'Sanabria', '', 1, 's/a', 0, 1, '', 'true');
        INSERT INTO loan_applications (loan_application_id, loan_application_number, application_date, agency_id, client_id, employee_id, destination_id, guarantee_type_id, amount, term, status) VALUES (0239, LPAD(0239, 8, '0'), '2023-03-16', 1, 0239, 4, 1, 1, 487.79, 18, 'approved');
        INSERT INTO loans (loan_id, loan_number, loan_application_id, destination_id, approval_date, outlay_date, due_date, last_payment_date, next_payment_date, balance, status) VALUES (0239, LPAD(0239, 9, '0'), 0239, 1, '2023-03-16', '2023-03-17', NULL, '2024-06-19', NULL, 346.79, 'in_progress');
        INSERT INTO loan_deductions (loan_deduction_id, loan_id, financial_advice, iva_financial_advice, notarial_charges, registration_expenses, balance_cancellation, loan_cancellation_id, other_expenses, total_deductions, other_expenses_description) VALUES (0239, 0239, 0.0, 0.0, 0, 0, 0, NULL, 0.0, 487.79, '' );
        INSERT INTO outlay_conditions (outlay_condition_id, loan_id, type, date, place, amount, cash_to, check_to, bank, bank_account_number, bank_account_owner, local_account_number, local_account_owner) VALUES (NULL, 0239, 1, '2023-03-17', 'Agencia Central', 0.0, NULL, NULL, NULL, NULL, NULL, NULL, NULL);
        INSERT INTO amortizations (amortization_id, amortizationable_id, amortizationable_type, date, amount, term, interest_rate, include_iva, include_insurance, payment, payment_frequency_id, amortization_method_id, last_payment_date)  VALUES ( NULL, 0239,  'App\\Models\\Loan',  '2023-03-17',  487.79,  18,  4.8, 0.0, '0', 28.9, 1, 2, '2024-06-19');
        INSERT INTO amortizations (amortization_id, amortizationable_id, amortizationable_type, date, amount, term, interest_rate, include_iva, include_insurance, payment, payment_frequency_id, amortization_method_id, last_payment_date) VALUES ( NULL, 0239, 'App\\Models\\LoanApplication', '2023-03-17', 487.79, 18, 4.8, 0.0, 0, 28.9, 1, 2, '2024-06-19');

        INSERT INTO clients (client_id, employee_id, registration_date, client_type_id, first_name, second_name, first_surname, second_surname, married_name, family_status_id, phone_number, cellphone_number, identification_type_id, identification_number, nit_homologation) 
        VALUES ('0258', '4', NOW(), 1, 'Emerson', 'Stanley', 'Gaitan', 'Gomez', '', 1, 's/a', 0, 1, '', 'true');
        INSERT INTO loan_applications (loan_application_id, loan_application_number, application_date, agency_id, client_id, employee_id, destination_id, guarantee_type_id, amount, term, status) VALUES (0258, LPAD(0258, 8, '0'), '2023-04-03', 1, 0258, 4, 1, 1, 329.42, 15, 'approved');
        INSERT INTO loans (loan_id, loan_number, loan_application_id, destination_id, approval_date, outlay_date, due_date, last_payment_date, next_payment_date, balance, status) VALUES (0258, LPAD(0258, 9, '0'), 0258, 1, '2023-04-03', '2023-04-11', NULL, '2023-12-14', NULL, 133.36, 'in_progress');
        INSERT INTO loan_deductions (loan_deduction_id, loan_id, financial_advice, iva_financial_advice, notarial_charges, registration_expenses, balance_cancellation, loan_cancellation_id, other_expenses, total_deductions, other_expenses_description) VALUES (0258, 0258, 0.0, 0.0, 0, 0, 0, NULL, 0.0, 329.42, '' );
        INSERT INTO outlay_conditions (outlay_condition_id, loan_id, type, date, place, amount, cash_to, check_to, bank, bank_account_number, bank_account_owner, local_account_number, local_account_owner) VALUES (NULL, 0258, 1, '2023-04-11', 'Agencia Central', 0.0, NULL, NULL, NULL, NULL, NULL, NULL, NULL);
        INSERT INTO amortizations (amortization_id, amortizationable_id, amortizationable_type, date, amount, term, interest_rate, include_iva, include_insurance, payment, payment_frequency_id, amortization_method_id, last_payment_date)  VALUES ( NULL, 0258,  'App\\Models\\Loan',  '2023-04-11',  329.42,  15,  2.0, 0.0, '0', 25.64, 1, 2, '2023-12-14');
        INSERT INTO amortizations (amortization_id, amortizationable_id, amortizationable_type, date, amount, term, interest_rate, include_iva, include_insurance, payment, payment_frequency_id, amortization_method_id, last_payment_date) VALUES ( NULL, 0258, 'App\\Models\\LoanApplication', '2023-04-11', 329.42, 15, 2.0, 0.0, 0, 25.64, 1, 2, '2023-12-14');

        INSERT INTO clients (client_id, employee_id, registration_date, client_type_id, first_name, second_name, first_surname, second_surname, married_name, family_status_id, phone_number, cellphone_number, identification_type_id, identification_number, nit_homologation) 
        VALUES ('0286', '4', NOW(), 1, 'Crescencio', 'Enrique', 'Vasquez', 'Oviedo', '', 1, 's/a', 0, 1, '', 'true');
        INSERT INTO loan_applications (loan_application_id, loan_application_number, application_date, agency_id, client_id, employee_id, destination_id, guarantee_type_id, amount, term, status) VALUES (0286, LPAD(0286, 8, '0'), '2023-05-03', 1, 0286, 4, 1, 1, 500.0, 8, 'approved');
        INSERT INTO loans (loan_id, loan_number, loan_application_id, destination_id, approval_date, outlay_date, due_date, last_payment_date, next_payment_date, balance, status) VALUES (0286, LPAD(0286, 9, '0'), 0286, 1, '2023-05-03', '2023-05-04', NULL, '2023-06-15', NULL, 152.05, 'in_progress');
        INSERT INTO loan_deductions (loan_deduction_id, loan_id, financial_advice, iva_financial_advice, notarial_charges, registration_expenses, balance_cancellation, loan_cancellation_id, other_expenses, total_deductions, other_expenses_description) VALUES (0286, 0286, 15.0, 1.95, 0, 0, 0, NULL, 0.0, 16.95, '' );
        INSERT INTO outlay_conditions (outlay_condition_id, loan_id, type, date, place, amount, cash_to, check_to, bank, bank_account_number, bank_account_owner, local_account_number, local_account_owner) VALUES (NULL, 0286, 1, '2023-05-04', 'Agencia Central', 483.05, NULL, NULL, NULL, NULL, NULL, NULL, NULL);
        INSERT INTO amortizations (amortization_id, amortizationable_id, amortizationable_type, date, amount, term, interest_rate, include_iva, include_insurance, payment, payment_frequency_id, amortization_method_id, last_payment_date)  VALUES ( NULL, 0286,  'App\\Models\\Loan',  '2023-05-04',  500.0,  8,  4.8, 1.95, '0', 76.74, 1, 2, '2023-06-15');
        INSERT INTO amortizations (amortization_id, amortizationable_id, amortizationable_type, date, amount, term, interest_rate, include_iva, include_insurance, payment, payment_frequency_id, amortization_method_id, last_payment_date) VALUES ( NULL, 0286, 'App\\Models\\LoanApplication', '2023-05-04', 500.0, 8, 4.8, 1.95, 0, 76.74, 1, 2, '2023-06-15');

        INSERT INTO clients (client_id, employee_id, registration_date, client_type_id, first_name, second_name, first_surname, second_surname, married_name, family_status_id, phone_number, cellphone_number, identification_type_id, identification_number, nit_homologation) 
        VALUES ('0304', '4', NOW(), 1, 'Giselle', 'Ivonne', 'Garcia', 'Lopez', '', 1, 's/a', 0, 1, '', 'true');
        INSERT INTO loan_applications (loan_application_id, loan_application_number, application_date, agency_id, client_id, employee_id, destination_id, guarantee_type_id, amount, term, status) VALUES (0304, LPAD(0304, 8, '0'), '2023-05-26', 1, 0304, 4, 1, 1, 300.0, 10, 'approved');
        INSERT INTO loans (loan_id, loan_number, loan_application_id, destination_id, approval_date, outlay_date, due_date, last_payment_date, next_payment_date, balance, status) VALUES (0304, LPAD(0304, 9, '0'), 0304, 1, '2023-05-26', '2023-05-27', NULL, '2023-06-03', NULL, 275.93, 'in_progress');
        INSERT INTO loan_deductions (loan_deduction_id, loan_id, financial_advice, iva_financial_advice, notarial_charges, registration_expenses, balance_cancellation, loan_cancellation_id, other_expenses, total_deductions, other_expenses_description) VALUES (0304, 0304, 9.0, 1.17, 0, 0, 0, NULL, 0.0, 10.17, '' );
        INSERT INTO outlay_conditions (outlay_condition_id, loan_id, type, date, place, amount, cash_to, check_to, bank, bank_account_number, bank_account_owner, local_account_number, local_account_owner) VALUES (NULL, 0304, 1, '2023-05-27', 'Agencia Central', 289.83, NULL, NULL, NULL, NULL, NULL, NULL, NULL);
        INSERT INTO amortizations (amortization_id, amortizationable_id, amortizationable_type, date, amount, term, interest_rate, include_iva, include_insurance, payment, payment_frequency_id, amortization_method_id, last_payment_date)  VALUES ( NULL, 0304,  'App\\Models\\Loan',  '2023-05-27',  300.0,  10,  4.8, 1.17, '0', 38.47, 1, 2, '2023-06-03');
        INSERT INTO amortizations (amortization_id, amortizationable_id, amortizationable_type, date, amount, term, interest_rate, include_iva, include_insurance, payment, payment_frequency_id, amortization_method_id, last_payment_date) VALUES ( NULL, 0304, 'App\\Models\\LoanApplication', '2023-05-27', 300.0, 10, 4.8, 1.17, 0, 38.47, 1, 2, '2023-06-03');

        INSERT INTO clients (client_id, employee_id, registration_date, client_type_id, first_name, second_name, first_surname, second_surname, married_name, family_status_id, phone_number, cellphone_number, identification_type_id, identification_number, nit_homologation) 
        VALUES ('0326', '4', NOW(), 1, 'Cristian', 'Alexander', 'Chevez', 'Jimenez', '', 1, 's/a', 0, 1, '', 'true');
        INSERT INTO loan_applications (loan_application_id, loan_application_number, application_date, agency_id, client_id, employee_id, destination_id, guarantee_type_id, amount, term, status) VALUES (0326, LPAD(0326, 8, '0'), '2023-06-21', 1, 0326, 4, 1, 1, 1948.03, 24, 'approved');
        INSERT INTO loans (loan_id, loan_number, loan_application_id, destination_id, approval_date, outlay_date, due_date, last_payment_date, next_payment_date, balance, status) VALUES (0326, LPAD(0326, 9, '0'), 0326, 1, '2023-06-21', '2023-06-22', NULL, '20--', NULL, 1023.55, 'in_progress');
        INSERT INTO loan_deductions (loan_deduction_id, loan_id, financial_advice, iva_financial_advice, notarial_charges, registration_expenses, balance_cancellation, loan_cancellation_id, other_expenses, total_deductions, other_expenses_description) VALUES (0326, 0326, 56.52, 7.35, 0, 0, 0, NULL, 0.0, 1948.03, '' );
        INSERT INTO outlay_conditions (outlay_condition_id, loan_id, type, date, place, amount, cash_to, check_to, bank, bank_account_number, bank_account_owner, local_account_number, local_account_owner) VALUES (NULL, 0326, 1, '2023-06-22', 'Agencia Central', 0.0, NULL, NULL, NULL, NULL, NULL, NULL, NULL);
        INSERT INTO amortizations (amortization_id, amortizationable_id, amortizationable_type, date, amount, term, interest_rate, include_iva, include_insurance, payment, payment_frequency_id, amortization_method_id, last_payment_date)  VALUES ( NULL, 0326,  'App\\Models\\Loan',  '2023-06-22',  1948.03,  24,  2.7, 7.35, '0', 111.34, 3, 2, '20--');
        INSERT INTO amortizations (amortization_id, amortizationable_id, amortizationable_type, date, amount, term, interest_rate, include_iva, include_insurance, payment, payment_frequency_id, amortization_method_id, last_payment_date) VALUES ( NULL, 0326, 'App\\Models\\LoanApplication', '2023-06-22', 1948.03, 24, 2.7, 7.35, 0, 111.34, 3, 2, '20--');

        INSERT INTO clients (client_id, employee_id, registration_date, client_type_id, first_name, second_name, first_surname, second_surname, married_name, family_status_id, phone_number, cellphone_number, identification_type_id, identification_number, nit_homologation) 
        VALUES ('0331', '1', NOW(), 1, 'Jose', 'Mauricio', 'Flores', 'Hernandez', '', 1, 's/a', 0, 1, '', 'true');
        INSERT INTO loan_applications (loan_application_id, loan_application_number, application_date, agency_id, client_id, employee_id, destination_id, guarantee_type_id, amount, term, status) VALUES (0331, LPAD(0331, 8, '0'), 'NULL', 1, 0331, 1, 1, 1, 600.0, 12, 'approved');
        INSERT INTO loans (loan_id, loan_number, loan_application_id, destination_id, approval_date, outlay_date, due_date, last_payment_date, next_payment_date, balance, status) VALUES (0331, LPAD(0331, 9, '0'), 0331, 1, 'NULL', 'NULL', NULL, 'NULL', NULL, NULL, 'in_progress');
        INSERT INTO loan_deductions (loan_deduction_id, loan_id, financial_advice, iva_financial_advice, notarial_charges, registration_expenses, balance_cancellation, loan_cancellation_id, other_expenses, total_deductions, other_expenses_description) VALUES (0331, 0331, 18.0, 2.34, 0, 0, 0, NULL, 0.0, 197.55, '' );
        INSERT INTO outlay_conditions (outlay_condition_id, loan_id, type, date, place, amount, cash_to, check_to, bank, bank_account_number, bank_account_owner, local_account_number, local_account_owner) VALUES (NULL, 0331, 1, 'NULL', 'Agencia Central', 402.45, NULL, NULL, NULL, NULL, NULL, NULL, NULL);
        INSERT INTO amortizations (amortization_id, amortizationable_id, amortizationable_type, date, amount, term, interest_rate, include_iva, include_insurance, payment, payment_frequency_id, amortization_method_id, last_payment_date)  VALUES ( NULL, 0331,  'App\\Models\\Loan',  'NULL',  600.0,  12,  2.6, 2.34, '0', 15.6, 3, 2, 'NULL');
        INSERT INTO amortizations (amortization_id, amortizationable_id, amortizationable_type, date, amount, term, interest_rate, include_iva, include_insurance, payment, payment_frequency_id, amortization_method_id, last_payment_date) VALUES ( NULL, 0331, 'App\\Models\\LoanApplication', 'NULL', 600.0, 12, 2.6, 2.34, 0, 15.6, 3, 2, 'NULL');

        INSERT INTO clients (client_id, employee_id, registration_date, client_type_id, first_name, second_name, first_surname, second_surname, married_name, family_status_id, phone_number, cellphone_number, identification_type_id, identification_number, nit_homologation) 
        VALUES ('0358', '1', NOW(), 1, 'Johanna', 'Alejandra', 'De', 'La', 'La', 1, 's/a', 0, 1, '', 'true');
        INSERT INTO loan_applications (loan_application_id, loan_application_number, application_date, agency_id, client_id, employee_id, destination_id, guarantee_type_id, amount, term, status) VALUES (0358, LPAD(0358, 8, '0'), '2023-07-29', 1, 0358, 1, 1, 1, 316.63, 16, 'approved');
        INSERT INTO loans (loan_id, loan_number, loan_application_id, destination_id, approval_date, outlay_date, due_date, last_payment_date, next_payment_date, balance, status) VALUES (0358, LPAD(0358, 9, '0'), 0358, 1, '2023-07-29', '2023-07-31', NULL, '2024-10-16', NULL, 204.55, 'in_progress');
        INSERT INTO loan_deductions (loan_deduction_id, loan_id, financial_advice, iva_financial_advice, notarial_charges, registration_expenses, balance_cancellation, loan_cancellation_id, other_expenses, total_deductions, other_expenses_description) VALUES (0358, 0358, 0.0, 0.0, 0, 0, 0, NULL, 0.0, 316.63, '' );
        INSERT INTO outlay_conditions (outlay_condition_id, loan_id, type, date, place, amount, cash_to, check_to, bank, bank_account_number, bank_account_owner, local_account_number, local_account_owner) VALUES (NULL, 0358, 1, '2023-07-31', 'Agencia Central', 0.0, NULL, NULL, NULL, NULL, NULL, NULL, NULL);
        INSERT INTO amortizations (amortization_id, amortizationable_id, amortizationable_type, date, amount, term, interest_rate, include_iva, include_insurance, payment, payment_frequency_id, amortization_method_id, last_payment_date)  VALUES ( NULL, 0358,  'App\\Models\\Loan',  '2023-07-31',  316.63,  16,  1.0, 0.0, '0', 21.51, 1, 2, '2024-10-16');
        INSERT INTO amortizations (amortization_id, amortizationable_id, amortizationable_type, date, amount, term, interest_rate, include_iva, include_insurance, payment, payment_frequency_id, amortization_method_id, last_payment_date) VALUES ( NULL, 0358, 'App\\Models\\LoanApplication', '2023-07-31', 316.63, 16, 1.0, 0.0, 0, 21.51, 1, 2, '2024-10-16');

        INSERT INTO clients (client_id, employee_id, registration_date, client_type_id, first_name, second_name, first_surname, second_surname, married_name, family_status_id, phone_number, cellphone_number, identification_type_id, identification_number, nit_homologation) 
        VALUES ('0404', '1', NOW(), 1, 'Elva', 'Del', 'Carmen', 'Galdamez', 'Figueroa', 1, 's/a', 0, 1, '', 'true');
        INSERT INTO loan_applications (loan_application_id, loan_application_number, application_date, agency_id, client_id, employee_id, destination_id, guarantee_type_id, amount, term, status) VALUES (0404, LPAD(0404, 8, '0'), '2023-09-07', 1, 0404, 1, 1, 1, 500.0, 14, 'approved');
        INSERT INTO loans (loan_id, loan_number, loan_application_id, destination_id, approval_date, outlay_date, due_date, last_payment_date, next_payment_date, balance, status) VALUES (0404, LPAD(0404, 9, '0'), 0404, 1, '2023-09-07', '2023-09-08', NULL, '20--', NULL, 184.57999999999996, 'in_progress');
        INSERT INTO loan_deductions (loan_deduction_id, loan_id, financial_advice, iva_financial_advice, notarial_charges, registration_expenses, balance_cancellation, loan_cancellation_id, other_expenses, total_deductions, other_expenses_description) VALUES (0404, 0404, 15.0, 1.95, 0, 0, 0, NULL, 0.0, 16.95, '' );
        INSERT INTO outlay_conditions (outlay_condition_id, loan_id, type, date, place, amount, cash_to, check_to, bank, bank_account_number, bank_account_owner, local_account_number, local_account_owner) VALUES (NULL, 0404, 1, '2023-09-08', 'Agencia Central', 483.05, NULL, NULL, NULL, NULL, NULL, NULL, NULL);
        INSERT INTO amortizations (amortization_id, amortizationable_id, amortizationable_type, date, amount, term, interest_rate, include_iva, include_insurance, payment, payment_frequency_id, amortization_method_id, last_payment_date)  VALUES ( NULL, 0404,  'App\\Models\\Loan',  '2023-09-08',  500.0,  14,  1.29, 1.95, '0', 39.27, 1, 2, '20--');
        INSERT INTO amortizations (amortization_id, amortizationable_id, amortizationable_type, date, amount, term, interest_rate, include_iva, include_insurance, payment, payment_frequency_id, amortization_method_id, last_payment_date) VALUES ( NULL, 0404, 'App\\Models\\LoanApplication', '2023-09-08', 500.0, 14, 1.29, 1.95, 0, 39.27, 1, 2, '20--');

        INSERT INTO clients (client_id, employee_id, registration_date, client_type_id, first_name, second_name, first_surname, second_surname, married_name, family_status_id, phone_number, cellphone_number, identification_type_id, identification_number, nit_homologation) 
        VALUES ('0426', '2', NOW(), 1, 'Maria', 'Candelaria', 'Abrego', 'De', 'Reyes', 1, 's/a', 0, 1, '', 'true');
        INSERT INTO loan_applications (loan_application_id, loan_application_number, application_date, agency_id, client_id, employee_id, destination_id, guarantee_type_id, amount, term, status) VALUES (0426, LPAD(0426, 8, '0'), '2023-09-21', 1, 0426, 2, 1, 1, 3000.0, 72, 'approved');
        INSERT INTO loans (loan_id, loan_number, loan_application_id, destination_id, approval_date, outlay_date, due_date, last_payment_date, next_payment_date, balance, status) VALUES (0426, LPAD(0426, 9, '0'), 0426, 1, '2023-09-21', '2023-09-22', NULL, '2024-10-29', NULL, 2439.9899999999993, 'in_progress');
        INSERT INTO loan_deductions (loan_deduction_id, loan_id, financial_advice, iva_financial_advice, notarial_charges, registration_expenses, balance_cancellation, loan_cancellation_id, other_expenses, total_deductions, other_expenses_description) VALUES (0426, 0426, 72.0, 9.36, 0, 0, 0, NULL, 0.0, 898.21, '' );
        INSERT INTO outlay_conditions (outlay_condition_id, loan_id, type, date, place, amount, cash_to, check_to, bank, bank_account_number, bank_account_owner, local_account_number, local_account_owner) VALUES (NULL, 0426, 1, '2023-09-22', 'Agencia Central', 2101.79, NULL, NULL, NULL, NULL, NULL, NULL, NULL);
        INSERT INTO amortizations (amortization_id, amortizationable_id, amortizationable_type, date, amount, term, interest_rate, include_iva, include_insurance, payment, payment_frequency_id, amortization_method_id, last_payment_date)  VALUES ( NULL, 0426,  'App\\Models\\Loan',  '2023-09-22',  3000.0,  72,  3.0, 9.36, '1', 103.66, 3, 2, '2024-10-29');
        INSERT INTO amortizations (amortization_id, amortizationable_id, amortizationable_type, date, amount, term, interest_rate, include_iva, include_insurance, payment, payment_frequency_id, amortization_method_id, last_payment_date) VALUES ( NULL, 0426, 'App\\Models\\LoanApplication', '2023-09-22', 3000.0, 72, 3.0, 9.36, 1, 103.66, 3, 2, '2024-10-29');

        INSERT INTO clients (client_id, employee_id, registration_date, client_type_id, first_name, second_name, first_surname, second_surname, married_name, family_status_id, phone_number, cellphone_number, identification_type_id, identification_number, nit_homologation) 
        VALUES ('0477', '2', NOW(), 1, 'Norma', 'Esperanza', 'Herrera', '', '', 1, 's/a', 0, 1, '', 'true');
        INSERT INTO loan_applications (loan_application_id, loan_application_number, application_date, agency_id, client_id, employee_id, destination_id, guarantee_type_id, amount, term, status) VALUES (0477, LPAD(0477, 8, '0'), '2023-10-25', 1, 0477, 2, 1, 1, 1733.47, 22, 'approved');
        INSERT INTO loans (loan_id, loan_number, loan_application_id, destination_id, approval_date, outlay_date, due_date, last_payment_date, next_payment_date, balance, status) VALUES (0477, LPAD(0477, 9, '0'), 0477, 1, '2023-10-25', '2023-10-27', NULL, '2023-12-26', NULL, 1471.75, 'in_progress');
        INSERT INTO loan_deductions (loan_deduction_id, loan_id, financial_advice, iva_financial_advice, notarial_charges, registration_expenses, balance_cancellation, loan_cancellation_id, other_expenses, total_deductions, other_expenses_description) VALUES (0477, 0477, 12.0, 1.56, 0, 0, 0, NULL, 1333.47091, 1382.03, '' );
        INSERT INTO outlay_conditions (outlay_condition_id, loan_id, type, date, place, amount, cash_to, check_to, bank, bank_account_number, bank_account_owner, local_account_number, local_account_owner) VALUES (NULL, 0477, 1, '2023-10-27', 'Agencia Central', 351.44, NULL, NULL, NULL, NULL, NULL, NULL, NULL);
        INSERT INTO amortizations (amortization_id, amortizationable_id, amortizationable_type, date, amount, term, interest_rate, include_iva, include_insurance, payment, payment_frequency_id, amortization_method_id, last_payment_date)  VALUES ( NULL, 0477,  'App\\Models\\Loan',  '2023-10-27',  1733.47,  22,  2.0, 1.56, '0', 98.17, 3, 2, '2023-12-26');
        INSERT INTO amortizations (amortization_id, amortizationable_id, amortizationable_type, date, amount, term, interest_rate, include_iva, include_insurance, payment, payment_frequency_id, amortization_method_id, last_payment_date) VALUES ( NULL, 0477, 'App\\Models\\LoanApplication', '2023-10-27', 1733.47, 22, 2.0, 1.56, 0, 98.17, 3, 2, '2023-12-26');

        INSERT INTO clients (client_id, employee_id, registration_date, client_type_id, first_name, second_name, first_surname, second_surname, married_name, family_status_id, phone_number, cellphone_number, identification_type_id, identification_number, nit_homologation) 
        VALUES ('0485', '1', NOW(), 1, 'Saul', 'Armando', 'Ramirez', 'Ramirez', '', 1, 's/a', 0, 1, '', 'true');
        INSERT INTO loan_applications (loan_application_id, loan_application_number, application_date, agency_id, client_id, employee_id, destination_id, guarantee_type_id, amount, term, status) VALUES (0485, LPAD(0485, 8, '0'), '2023-10-30', 1, 0485, 1, 1, 1, 300.0, 14, 'approved');
        INSERT INTO loans (loan_id, loan_number, loan_application_id, destination_id, approval_date, outlay_date, due_date, last_payment_date, next_payment_date, balance, status) VALUES (0485, LPAD(0485, 9, '0'), 0485, 1, '2023-10-30', '2023-10-31', NULL, '2024-06-03', NULL, 102.18000000000004, 'in_progress');
        INSERT INTO loan_deductions (loan_deduction_id, loan_id, financial_advice, iva_financial_advice, notarial_charges, registration_expenses, balance_cancellation, loan_cancellation_id, other_expenses, total_deductions, other_expenses_description) VALUES (0485, 0485, 9.0, 1.17, 0, 0, 0, NULL, 0.0, 160.16, '' );
        INSERT INTO outlay_conditions (outlay_condition_id, loan_id, type, date, place, amount, cash_to, check_to, bank, bank_account_number, bank_account_owner, local_account_number, local_account_owner) VALUES (NULL, 0485, 1, '2023-10-31', 'Agencia Central', 139.84, NULL, NULL, NULL, NULL, NULL, NULL, NULL);
        INSERT INTO amortizations (amortization_id, amortizationable_id, amortizationable_type, date, amount, term, interest_rate, include_iva, include_insurance, payment, payment_frequency_id, amortization_method_id, last_payment_date)  VALUES ( NULL, 0485,  'App\\Models\\Loan',  '2023-10-31',  300.0,  14,  1.29, 1.17, '0', 23.56, 1, 2, '2024-06-03');
        INSERT INTO amortizations (amortization_id, amortizationable_id, amortizationable_type, date, amount, term, interest_rate, include_iva, include_insurance, payment, payment_frequency_id, amortization_method_id, last_payment_date) VALUES ( NULL, 0485, 'App\\Models\\LoanApplication', '2023-10-31', 300.0, 14, 1.29, 1.17, 0, 23.56, 1, 2, '2024-06-03');

        INSERT INTO clients (client_id, employee_id, registration_date, client_type_id, first_name, second_name, first_surname, second_surname, married_name, family_status_id, phone_number, cellphone_number, identification_type_id, identification_number, nit_homologation) 
        VALUES ('0525', '1', NOW(), 1, 'Claudia', 'Gabriela', 'Vasquez', 'Nuñez', '', 1, 's/a', 0, 1, '', 'true');
        INSERT INTO loan_applications (loan_application_id, loan_application_number, application_date, agency_id, client_id, employee_id, destination_id, guarantee_type_id, amount, term, status) VALUES (0525, LPAD(0525, 8, '0'), '2023-11-23', 1, 0525, 1, 1, 1, 585.0, 27, 'approved');
        INSERT INTO loans (loan_id, loan_number, loan_application_id, destination_id, approval_date, outlay_date, due_date, last_payment_date, next_payment_date, balance, status) VALUES (0525, LPAD(0525, 9, '0'), 0525, 1, '2023-11-23', '2023-11-24', NULL, '2023-12-29', NULL, 485.40000000000003, 'in_progress');
        INSERT INTO loan_deductions (loan_deduction_id, loan_id, financial_advice, iva_financial_advice, notarial_charges, registration_expenses, balance_cancellation, loan_cancellation_id, other_expenses, total_deductions, other_expenses_description) VALUES (0525, 0525, 0.0, 0.0, 0, 0, 0, NULL, 0.0, 585.0, '' );
        INSERT INTO outlay_conditions (outlay_condition_id, loan_id, type, date, place, amount, cash_to, check_to, bank, bank_account_number, bank_account_owner, local_account_number, local_account_owner) VALUES (NULL, 0525, 1, '2023-11-24', 'Agencia Central', 0.0, NULL, NULL, NULL, NULL, NULL, NULL, NULL);
        INSERT INTO amortizations (amortization_id, amortizationable_id, amortizationable_type, date, amount, term, interest_rate, include_iva, include_insurance, payment, payment_frequency_id, amortization_method_id, last_payment_date)  VALUES ( NULL, 0525,  'App\\Models\\Loan',  '2023-11-24',  585.0,  27,  1.0, 0.0, '0', 24.83, 1, 2, '2023-12-29');
        INSERT INTO amortizations (amortization_id, amortizationable_id, amortizationable_type, date, amount, term, interest_rate, include_iva, include_insurance, payment, payment_frequency_id, amortization_method_id, last_payment_date) VALUES ( NULL, 0525, 'App\\Models\\LoanApplication', '2023-11-24', 585.0, 27, 1.0, 0.0, 0, 24.83, 1, 2, '2023-12-29');

        INSERT INTO clients (client_id, employee_id, registration_date, client_type_id, first_name, second_name, first_surname, second_surname, married_name, family_status_id, phone_number, cellphone_number, identification_type_id, identification_number, nit_homologation) 
        VALUES ('0053', '3', NOW(), 1, 'Deisy', 'Judith', 'Vanegas', 'Cabezas', '', 1, 's/a', 0, 1, '', 'true');
        INSERT INTO loan_applications (loan_application_id, loan_application_number, application_date, agency_id, client_id, employee_id, destination_id, guarantee_type_id, amount, term, status) VALUES (0053, LPAD(0053, 8, '0'), '2022-09-29', 1, 0053, 3, 1, 1, 376.32, 24, 'approved');
        INSERT INTO loans (loan_id, loan_number, loan_application_id, destination_id, approval_date, outlay_date, due_date, last_payment_date, next_payment_date, balance, status) VALUES (0053, LPAD(0053, 9, '0'), 0053, 1, '2022-09-29', '2022-09-30', NULL, '2024-04-12', NULL, 83.49000000000001, 'in_progress');
        INSERT INTO loan_deductions (loan_deduction_id, loan_id, financial_advice, iva_financial_advice, notarial_charges, registration_expenses, balance_cancellation, loan_cancellation_id, other_expenses, total_deductions, other_expenses_description) VALUES (0053, 0053, 0.0, 0.0, 0, 0, 0, NULL, 0.0, 376.32, '' );
        INSERT INTO outlay_conditions (outlay_condition_id, loan_id, type, date, place, amount, cash_to, check_to, bank, bank_account_number, bank_account_owner, local_account_number, local_account_owner) VALUES (NULL, 0053, 1, '2022-09-30', 'Agencia Central', 0.0, NULL, NULL, NULL, NULL, NULL, NULL, NULL);
        INSERT INTO amortizations (amortization_id, amortizationable_id, amortizationable_type, date, amount, term, interest_rate, include_iva, include_insurance, payment, payment_frequency_id, amortization_method_id, last_payment_date)  VALUES ( NULL, 0053,  'App\\Models\\Loan',  '2022-09-30',  376.32,  24,  4.8, 0.0, '0', 26.74, 1, 2, '2024-04-12');
        INSERT INTO amortizations (amortization_id, amortizationable_id, amortizationable_type, date, amount, term, interest_rate, include_iva, include_insurance, payment, payment_frequency_id, amortization_method_id, last_payment_date) VALUES ( NULL, 0053, 'App\\Models\\LoanApplication', '2022-09-30', 376.32, 24, 4.8, 0.0, 0, 26.74, 1, 2, '2024-04-12');

        INSERT INTO clients (client_id, employee_id, registration_date, client_type_id, first_name, second_name, first_surname, second_surname, married_name, family_status_id, phone_number, cellphone_number, identification_type_id, identification_number, nit_homologation) 
        VALUES ('0531', '1', NOW(), 1, 'Luis', 'Alfredo', 'Meza', 'Cruz', '', 1, 's/a', 0, 1, '', 'true');
        INSERT INTO loan_applications (loan_application_id, loan_application_number, application_date, agency_id, client_id, employee_id, destination_id, guarantee_type_id, amount, term, status) VALUES (0531, LPAD(0531, 8, '0'), '2023-11-25', 1, 0531, 1, 1, 1, 595.0, 28, 'approved');
        INSERT INTO loans (loan_id, loan_number, loan_application_id, destination_id, approval_date, outlay_date, due_date, last_payment_date, next_payment_date, balance, status) VALUES (0531, LPAD(0531, 9, '0'), 0531, 1, '2023-11-25', '2023-11-28', NULL, '2024-03-27', NULL, 439.62, 'in_progress');
        INSERT INTO loan_deductions (loan_deduction_id, loan_id, financial_advice, iva_financial_advice, notarial_charges, registration_expenses, balance_cancellation, loan_cancellation_id, other_expenses, total_deductions, other_expenses_description) VALUES (0531, 0531, 0.0, 0.0, 0, 0, 0, NULL, 0.0, 595.0, '' );
        INSERT INTO outlay_conditions (outlay_condition_id, loan_id, type, date, place, amount, cash_to, check_to, bank, bank_account_number, bank_account_owner, local_account_number, local_account_owner) VALUES (NULL, 0531, 1, '2023-11-28', 'Agencia Central', 0.0, NULL, NULL, NULL, NULL, NULL, NULL, NULL);
        INSERT INTO amortizations (amortization_id, amortizationable_id, amortizationable_type, date, amount, term, interest_rate, include_iva, include_insurance, payment, payment_frequency_id, amortization_method_id, last_payment_date)  VALUES ( NULL, 0531,  'App\\Models\\Loan',  '2023-11-28',  595.0,  28,  1.0, 0.0, '0', 24.47, 3, 2, '2024-03-27');
        INSERT INTO amortizations (amortization_id, amortizationable_id, amortizationable_type, date, amount, term, interest_rate, include_iva, include_insurance, payment, payment_frequency_id, amortization_method_id, last_payment_date) VALUES ( NULL, 0531, 'App\\Models\\LoanApplication', '2023-11-28', 595.0, 28, 1.0, 0.0, 0, 24.47, 3, 2, '2024-03-27');

        INSERT INTO clients (client_id, employee_id, registration_date, client_type_id, first_name, second_name, first_surname, second_surname, married_name, family_status_id, phone_number, cellphone_number, identification_type_id, identification_number, nit_homologation) 
        VALUES ('0547', '2', NOW(), 1, 'Claudia', 'Yesenia', 'Ortiz', '', '', 1, 's/a', 0, 1, '', 'true');
        INSERT INTO loan_applications (loan_application_id, loan_application_number, application_date, agency_id, client_id, employee_id, destination_id, guarantee_type_id, amount, term, status) VALUES (0547, LPAD(0547, 8, '0'), '2023-12-06', 1, 0547, 2, 1, 1, 373.91, 17, 'approved');
        INSERT INTO loans (loan_id, loan_number, loan_application_id, destination_id, approval_date, outlay_date, due_date, last_payment_date, next_payment_date, balance, status) VALUES (0547, LPAD(0547, 9, '0'), 0547, 1, '2023-12-06', '2023-12-08', NULL, '2024-10-25', NULL, 208.91000000000003, 'in_progress');
        INSERT INTO loan_deductions (loan_deduction_id, loan_id, financial_advice, iva_financial_advice, notarial_charges, registration_expenses, balance_cancellation, loan_cancellation_id, other_expenses, total_deductions, other_expenses_description) VALUES (0547, 0547, 0.0, 0.0, 0, 0, 0, NULL, 0.0, 373.91, '' );
        INSERT INTO outlay_conditions (outlay_condition_id, loan_id, type, date, place, amount, cash_to, check_to, bank, bank_account_number, bank_account_owner, local_account_number, local_account_owner) VALUES (NULL, 0547, 1, '2023-12-08', 'Agencia Central', 0.0, NULL, NULL, NULL, NULL, NULL, NULL, NULL);
        INSERT INTO amortizations (amortization_id, amortizationable_id, amortizationable_type, date, amount, term, interest_rate, include_iva, include_insurance, payment, payment_frequency_id, amortization_method_id, last_payment_date)  VALUES ( NULL, 0547,  'App\\Models\\Loan',  '2023-12-08',  373.91,  17,  1.0, 0.0, '0', 24.03, 3, 2, '2024-10-25');
        INSERT INTO amortizations (amortization_id, amortizationable_id, amortizationable_type, date, amount, term, interest_rate, include_iva, include_insurance, payment, payment_frequency_id, amortization_method_id, last_payment_date) VALUES ( NULL, 0547, 'App\\Models\\LoanApplication', '2023-12-08', 373.91, 17, 1.0, 0.0, 0, 24.03, 3, 2, '2024-10-25');

        INSERT INTO clients (client_id, employee_id, registration_date, client_type_id, first_name, second_name, first_surname, second_surname, married_name, family_status_id, phone_number, cellphone_number, identification_type_id, identification_number, nit_homologation) 
        VALUES ('0552', '2', NOW(), 1, 'Sandra', 'Gricelda', 'Perez', 'De', 'Vasquez', 1, 's/a', 0, 1, '', 'true');
        INSERT INTO loan_applications (loan_application_id, loan_application_number, application_date, agency_id, client_id, employee_id, destination_id, guarantee_type_id, amount, term, status) VALUES (0552, LPAD(0552, 8, '0'), '2023-12-11', 1, 0552, 2, 1, 1, 3500.0, 24, 'approved');
        INSERT INTO loans (loan_id, loan_number, loan_application_id, destination_id, approval_date, outlay_date, due_date, last_payment_date, next_payment_date, balance, status) VALUES (0552, LPAD(0552, 9, '0'), 0552, 1, '2023-12-11', '2023-12-13', NULL, '2024-10-21', NULL, 2551.29, 'in_progress');
        INSERT INTO loan_deductions (loan_deduction_id, loan_id, financial_advice, iva_financial_advice, notarial_charges, registration_expenses, balance_cancellation, loan_cancellation_id, other_expenses, total_deductions, other_expenses_description) VALUES (0552, 0552, 105.0, 13.65, 0, 0, 0, NULL, 0.0, 2016.61, '' );
        INSERT INTO outlay_conditions (outlay_condition_id, loan_id, type, date, place, amount, cash_to, check_to, bank, bank_account_number, bank_account_owner, local_account_number, local_account_owner) VALUES (NULL, 0552, 1, '2023-12-13', 'Agencia Central', 1483.39, NULL, NULL, NULL, NULL, NULL, NULL, NULL);
        INSERT INTO amortizations (amortization_id, amortizationable_id, amortizationable_type, date, amount, term, interest_rate, include_iva, include_insurance, payment, payment_frequency_id, amortization_method_id, last_payment_date)  VALUES ( NULL, 0552,  'App\\Models\\Loan',  '2023-12-13',  3500.0,  24,  5.5, 13.65, '1', 269.63, 4, 2, '2024-10-21');
        INSERT INTO amortizations (amortization_id, amortizationable_id, amortizationable_type, date, amount, term, interest_rate, include_iva, include_insurance, payment, payment_frequency_id, amortization_method_id, last_payment_date) VALUES ( NULL, 0552, 'App\\Models\\LoanApplication', '2023-12-13', 3500.0, 24, 5.5, 13.65, 1, 269.63, 4, 2, '2024-10-21');

        INSERT INTO clients (client_id, employee_id, registration_date, client_type_id, first_name, second_name, first_surname, second_surname, married_name, family_status_id, phone_number, cellphone_number, identification_type_id, identification_number, nit_homologation) 
        VALUES ('0058', '4', NOW(), 1, 'Dina', 'Ester', 'Perez', 'Ruballo', '', 1, 's/a', 0, 1, '', 'true');
        INSERT INTO loan_applications (loan_application_id, loan_application_number, application_date, agency_id, client_id, employee_id, destination_id, guarantee_type_id, amount, term, status) VALUES (0058, LPAD(0058, 8, '0'), '2022-10-03', 1, 0058, 4, 1, 1, 851.55, 20, 'approved');
        INSERT INTO loans (loan_id, loan_number, loan_application_id, destination_id, approval_date, outlay_date, due_date, last_payment_date, next_payment_date, balance, status) VALUES (0058, LPAD(0058, 9, '0'), 0058, 1, '2022-10-03', '2022-10-04', NULL, '2023-12-08', NULL, 321.76, 'in_progress');
        INSERT INTO loan_deductions (loan_deduction_id, loan_id, financial_advice, iva_financial_advice, notarial_charges, registration_expenses, balance_cancellation, loan_cancellation_id, other_expenses, total_deductions, other_expenses_description) VALUES (0058, 0058, 0.0, 0.0, 0, 0, 0, NULL, 0.0, 851.55, '' );
        INSERT INTO outlay_conditions (outlay_condition_id, loan_id, type, date, place, amount, cash_to, check_to, bank, bank_account_number, bank_account_owner, local_account_number, local_account_owner) VALUES (NULL, 0058, 1, '2022-10-04', 'Agencia Central', 0.0, NULL, NULL, NULL, NULL, NULL, NULL, NULL);
        INSERT INTO amortizations (amortization_id, amortizationable_id, amortizationable_type, date, amount, term, interest_rate, include_iva, include_insurance, payment, payment_frequency_id, amortization_method_id, last_payment_date)  VALUES ( NULL, 0058,  'App\\Models\\Loan',  '2022-10-04',  851.55,  20,  4.8, 0.0, '0', 67.18, 1, 2, '2023-12-08');
        INSERT INTO amortizations (amortization_id, amortizationable_id, amortizationable_type, date, amount, term, interest_rate, include_iva, include_insurance, payment, payment_frequency_id, amortization_method_id, last_payment_date) VALUES ( NULL, 0058, 'App\\Models\\LoanApplication', '2022-10-04', 851.55, 20, 4.8, 0.0, 0, 67.18, 1, 2, '2023-12-08');

        INSERT INTO clients (client_id, employee_id, registration_date, client_type_id, first_name, second_name, first_surname, second_surname, married_name, family_status_id, phone_number, cellphone_number, identification_type_id, identification_number, nit_homologation) 
        VALUES ('0590', '1', NOW(), 1, 'Sandra', 'Jeannette', 'Navarro', 'Cortez', '', 1, 's/a', 0, 1, '', 'true');
        INSERT INTO loan_applications (loan_application_id, loan_application_number, application_date, agency_id, client_id, employee_id, destination_id, guarantee_type_id, amount, term, status) VALUES (0590, LPAD(0590, 8, '0'), '2024-01-12', 1, 0590, 1, 1, 1, 601.0, 22, 'approved');
        INSERT INTO loans (loan_id, loan_number, loan_application_id, destination_id, approval_date, outlay_date, due_date, last_payment_date, next_payment_date, balance, status) VALUES (0590, LPAD(0590, 9, '0'), 0590, 1, '2024-01-12', '2024-01-13', NULL, '2024-09-09', NULL, 198.29999999999993, 'in_progress');
        INSERT INTO loan_deductions (loan_deduction_id, loan_id, financial_advice, iva_financial_advice, notarial_charges, registration_expenses, balance_cancellation, loan_cancellation_id, other_expenses, total_deductions, other_expenses_description) VALUES (0590, 0590, 0.0, 0.0, 0, 0, 0, NULL, 0.0, 601.0, '' );
        INSERT INTO outlay_conditions (outlay_condition_id, loan_id, type, date, place, amount, cash_to, check_to, bank, bank_account_number, bank_account_owner, local_account_number, local_account_owner) VALUES (NULL, 0590, 1, '2024-01-13', 'Agencia Central', 0.0, NULL, NULL, NULL, NULL, NULL, NULL, NULL);
        INSERT INTO amortizations (amortization_id, amortizationable_id, amortizationable_type, date, amount, term, interest_rate, include_iva, include_insurance, payment, payment_frequency_id, amortization_method_id, last_payment_date)  VALUES ( NULL, 0590,  'App\\Models\\Loan',  '2024-01-13',  601.0,  22,  1.0, 0.0, '0', 30.57, 3, 2, '2024-09-09');
        INSERT INTO amortizations (amortization_id, amortizationable_id, amortizationable_type, date, amount, term, interest_rate, include_iva, include_insurance, payment, payment_frequency_id, amortization_method_id, last_payment_date) VALUES ( NULL, 0590, 'App\\Models\\LoanApplication', '2024-01-13', 601.0, 22, 1.0, 0.0, 0, 30.57, 3, 2, '2024-09-09');

        INSERT INTO clients (client_id, employee_id, registration_date, client_type_id, first_name, second_name, first_surname, second_surname, married_name, family_status_id, phone_number, cellphone_number, identification_type_id, identification_number, nit_homologation) 
        VALUES ('0627', '1', NOW(), 1, 'Saul', 'Alberto', 'Hernandez', 'Figueroa', '', 1, 's/a', 0, 1, '', 'true');
        INSERT INTO loan_applications (loan_application_id, loan_application_number, application_date, agency_id, client_id, employee_id, destination_id, guarantee_type_id, amount, term, status) VALUES (0627, LPAD(0627, 8, '0'), '2024-02-03', 1, 0627, 1, 1, 1, 500.0, 24, 'approved');
        INSERT INTO loans (loan_id, loan_number, loan_application_id, destination_id, approval_date, outlay_date, due_date, last_payment_date, next_payment_date, balance, status) VALUES (0627, LPAD(0627, 9, '0'), 0627, 1, '2024-02-03', '2024-02-06', NULL, '2024-10-31', NULL, 153.4, 'in_progress');
        INSERT INTO loan_deductions (loan_deduction_id, loan_id, financial_advice, iva_financial_advice, notarial_charges, registration_expenses, balance_cancellation, loan_cancellation_id, other_expenses, total_deductions, other_expenses_description) VALUES (0627, 0627, 15.0, 1.95, 0, 0, 0, NULL, 0.0, 16.95, '' );
        INSERT INTO outlay_conditions (outlay_condition_id, loan_id, type, date, place, amount, cash_to, check_to, bank, bank_account_number, bank_account_owner, local_account_number, local_account_owner) VALUES (NULL, 0627, 1, '2024-02-06', 'Agencia Central', 483.05, NULL, NULL, NULL, NULL, NULL, NULL, NULL);
        INSERT INTO amortizations (amortization_id, amortizationable_id, amortizationable_type, date, amount, term, interest_rate, include_iva, include_insurance, payment, payment_frequency_id, amortization_method_id, last_payment_date)  VALUES ( NULL, 0627,  'App\\Models\\Loan',  '2024-02-06',  500.0,  24,  3.21, 1.95, '0', 30.2, 3, 2, '2024-10-31');
        INSERT INTO amortizations (amortization_id, amortizationable_id, amortizationable_type, date, amount, term, interest_rate, include_iva, include_insurance, payment, payment_frequency_id, amortization_method_id, last_payment_date) VALUES ( NULL, 0627, 'App\\Models\\LoanApplication', '2024-02-06', 500.0, 24, 3.21, 1.95, 0, 30.2, 3, 2, '2024-10-31');

        INSERT INTO clients (client_id, employee_id, registration_date, client_type_id, first_name, second_name, first_surname, second_surname, married_name, family_status_id, phone_number, cellphone_number, identification_type_id, identification_number, nit_homologation) 
        VALUES ('0707', '2', NOW(), 1, 'Patricia', 'Elizabeth', 'Madrid', 'Soto', '', 1, 's/a', 0, 1, '', 'true');
        INSERT INTO loan_applications (loan_application_id, loan_application_number, application_date, agency_id, client_id, employee_id, destination_id, guarantee_type_id, amount, term, status) VALUES (0707, LPAD(0707, 8, '0'), '2024-03-23', 1, 0707, 2, 1, 1, 3000.0, 48, 'approved');
        INSERT INTO loans (loan_id, loan_number, loan_application_id, destination_id, approval_date, outlay_date, due_date, last_payment_date, next_payment_date, balance, status) VALUES (0707, LPAD(0707, 9, '0'), 0707, 1, '2024-03-23', '2024-03-26', NULL, '2024-10-31', NULL, 2557.74, 'in_progress');
        INSERT INTO loan_deductions (loan_deduction_id, loan_id, financial_advice, iva_financial_advice, notarial_charges, registration_expenses, balance_cancellation, loan_cancellation_id, other_expenses, total_deductions, other_expenses_description) VALUES (0707, 0707, 90.0, 11.7, 0, 0, 0, NULL, 0.0, 827.11, '' );
        INSERT INTO outlay_conditions (outlay_condition_id, loan_id, type, date, place, amount, cash_to, check_to, bank, bank_account_number, bank_account_owner, local_account_number, local_account_owner) VALUES (NULL, 0707, 1, '2024-03-26', 'Agencia Central', 2172.89, NULL, NULL, NULL, NULL, NULL, NULL, NULL);
        INSERT INTO amortizations (amortization_id, amortizationable_id, amortizationable_type, date, amount, term, interest_rate, include_iva, include_insurance, payment, payment_frequency_id, amortization_method_id, last_payment_date)  VALUES ( NULL, 0707,  'App\\Models\\Loan',  '2024-03-26',  3000.0,  48,  3.5, 11.7, '1', 131.42, 3, 2, '2024-10-31');
        INSERT INTO amortizations (amortization_id, amortizationable_id, amortizationable_type, date, amount, term, interest_rate, include_iva, include_insurance, payment, payment_frequency_id, amortization_method_id, last_payment_date) VALUES ( NULL, 0707, 'App\\Models\\LoanApplication', '2024-03-26', 3000.0, 48, 3.5, 11.7, 1, 131.42, 3, 2, '2024-10-31');

        INSERT INTO clients (client_id, employee_id, registration_date, client_type_id, first_name, second_name, first_surname, second_surname, married_name, family_status_id, phone_number, cellphone_number, identification_type_id, identification_number, nit_homologation) 
        VALUES ('0713', '4', NOW(), 1, 'Ester', 'Fuentes', 'De', 'Vasquez', 'Vasquez', 1, 's/a', 0, 1, '', 'true');
        INSERT INTO loan_applications (loan_application_id, loan_application_number, application_date, agency_id, client_id, employee_id, destination_id, guarantee_type_id, amount, term, status) VALUES (0713, LPAD(0713, 8, '0'), '2024-04-02', 1, 0713, 4, 1, 1, 797.08, 24, 'approved');
        INSERT INTO loans (loan_id, loan_number, loan_application_id, destination_id, approval_date, outlay_date, due_date, last_payment_date, next_payment_date, balance, status) VALUES (0713, LPAD(0713, 9, '0'), 0713, 1, '2024-04-02', '2024-04-04', NULL, '2024-10-08', NULL, 685.26, 'in_progress');
        INSERT INTO loan_deductions (loan_deduction_id, loan_id, financial_advice, iva_financial_advice, notarial_charges, registration_expenses, balance_cancellation, loan_cancellation_id, other_expenses, total_deductions, other_expenses_description) VALUES (0713, 0713, 23.1, 3.0, 0, 0, 0, NULL, 0.0, 797.08, '' );
        INSERT INTO outlay_conditions (outlay_condition_id, loan_id, type, date, place, amount, cash_to, check_to, bank, bank_account_number, bank_account_owner, local_account_number, local_account_owner) VALUES (NULL, 0713, 1, '2024-04-04', 'Agencia Central', 0.0, NULL, NULL, NULL, NULL, NULL, NULL, NULL);
        INSERT INTO amortizations (amortization_id, amortizationable_id, amortizationable_type, date, amount, term, interest_rate, include_iva, include_insurance, payment, payment_frequency_id, amortization_method_id, last_payment_date)  VALUES ( NULL, 0713,  'App\\Models\\Loan',  '2024-04-04',  797.08,  24,  6.0, 3.0, '0', 63.51, 4, 2, '2024-10-08');
        INSERT INTO amortizations (amortization_id, amortizationable_id, amortizationable_type, date, amount, term, interest_rate, include_iva, include_insurance, payment, payment_frequency_id, amortization_method_id, last_payment_date) VALUES ( NULL, 0713, 'App\\Models\\LoanApplication', '2024-04-04', 797.08, 24, 6.0, 3.0, 0, 63.51, 4, 2, '2024-10-08');

        INSERT INTO clients (client_id, employee_id, registration_date, client_type_id, first_name, second_name, first_surname, second_surname, married_name, family_status_id, phone_number, cellphone_number, identification_type_id, identification_number, nit_homologation) 
        VALUES ('0072', '3', NOW(), 1, 'Irma', 'Zelidon', '', '', '', 1, 's/a', 0, 1, '', 'true');
        INSERT INTO loan_applications (loan_application_id, loan_application_number, application_date, agency_id, client_id, employee_id, destination_id, guarantee_type_id, amount, term, status) VALUES (0072, LPAD(0072, 8, '0'), '2022-10-15', 1, 0072, 3, 1, 1, 200.0, 12, 'approved');
        INSERT INTO loans (loan_id, loan_number, loan_application_id, destination_id, approval_date, outlay_date, due_date, last_payment_date, next_payment_date, balance, status) VALUES (0072, LPAD(0072, 9, '0'), 0072, 1, '2022-10-15', '2022-10-17', NULL, 'NULL', NULL, NULL, 'in_progress');
        INSERT INTO loan_deductions (loan_deduction_id, loan_id, financial_advice, iva_financial_advice, notarial_charges, registration_expenses, balance_cancellation, loan_cancellation_id, other_expenses, total_deductions, other_expenses_description) VALUES (0072, 0072, 6.0, 0.78, 0, 0, 0, NULL, 0.0, 6.78, '' );
        INSERT INTO outlay_conditions (outlay_condition_id, loan_id, type, date, place, amount, cash_to, check_to, bank, bank_account_number, bank_account_owner, local_account_number, local_account_owner) VALUES (NULL, 0072, 1, '2022-10-17', 'Agencia Central', 193.22, NULL, NULL, NULL, NULL, NULL, NULL, NULL);
        INSERT INTO amortizations (amortization_id, amortizationable_id, amortizationable_type, date, amount, term, interest_rate, include_iva, include_insurance, payment, payment_frequency_id, amortization_method_id, last_payment_date)  VALUES ( NULL, 0072,  'App\\Models\\Loan',  '2022-10-17',  200.0,  12,  0, 0.78, '0', 0, 1, 2, 'NULL');
        INSERT INTO amortizations (amortization_id, amortizationable_id, amortizationable_type, date, amount, term, interest_rate, include_iva, include_insurance, payment, payment_frequency_id, amortization_method_id, last_payment_date) VALUES ( NULL, 0072, 'App\\Models\\LoanApplication', '2022-10-17', 200.0, 12, 0, 0.78, 0, 0, 1, 2, 'NULL');

        INSERT INTO clients (client_id, employee_id, registration_date, client_type_id, first_name, second_name, first_surname, second_surname, married_name, family_status_id, phone_number, cellphone_number, identification_type_id, identification_number, nit_homologation) 
        VALUES ('0073', '3', NOW(), 1, 'Zoila', 'Rivera', 'De', 'Perez', 'Perez', 1, 's/a', 0, 1, '', 'true');
        INSERT INTO loan_applications (loan_application_id, loan_application_number, application_date, agency_id, client_id, employee_id, destination_id, guarantee_type_id, amount, term, status) VALUES (0073, LPAD(0073, 8, '0'), '2022-10-15', 1, 0073, 3, 1, 1, 300.0, 12, 'approved');
        INSERT INTO loans (loan_id, loan_number, loan_application_id, destination_id, approval_date, outlay_date, due_date, last_payment_date, next_payment_date, balance, status) VALUES (0073, LPAD(0073, 9, '0'), 0073, 1, '2022-10-15', '2022-10-17', NULL, '2024-10-22', NULL, 131.8, 'in_progress');
        INSERT INTO loan_deductions (loan_deduction_id, loan_id, financial_advice, iva_financial_advice, notarial_charges, registration_expenses, balance_cancellation, loan_cancellation_id, other_expenses, total_deductions, other_expenses_description) VALUES (0073, 0073, 9.0, 1.17, 0, 0, 0, NULL, 0.0, 10.17, '' );
        INSERT INTO outlay_conditions (outlay_condition_id, loan_id, type, date, place, amount, cash_to, check_to, bank, bank_account_number, bank_account_owner, local_account_number, local_account_owner) VALUES (NULL, 0073, 1, '2022-10-17', 'Agencia Central', 289.83, NULL, NULL, NULL, NULL, NULL, NULL, NULL);
        INSERT INTO amortizations (amortization_id, amortizationable_id, amortizationable_type, date, amount, term, interest_rate, include_iva, include_insurance, payment, payment_frequency_id, amortization_method_id, last_payment_date)  VALUES ( NULL, 0073,  'App\\Models\\Loan',  '2022-10-17',  300.0,  12,  4.8, 1.17, '0', 33.47, 1, 2, '2024-10-22');
        INSERT INTO amortizations (amortization_id, amortizationable_id, amortizationable_type, date, amount, term, interest_rate, include_iva, include_insurance, payment, payment_frequency_id, amortization_method_id, last_payment_date) VALUES ( NULL, 0073, 'App\\Models\\LoanApplication', '2022-10-17', 300.0, 12, 4.8, 1.17, 0, 33.47, 1, 2, '2024-10-22');

        INSERT INTO clients (client_id, employee_id, registration_date, client_type_id, first_name, second_name, first_surname, second_surname, married_name, family_status_id, phone_number, cellphone_number, identification_type_id, identification_number, nit_homologation) 
        VALUES ('0734', '1', NOW(), 1, 'Giselle', 'Ivonne', 'Garcia', 'Lopez', '', 1, 's/a', 0, 1, '', 'true');
        INSERT INTO loan_applications (loan_application_id, loan_application_number, application_date, agency_id, client_id, employee_id, destination_id, guarantee_type_id, amount, term, status) VALUES (0734, LPAD(0734, 8, '0'), '2024-04-13', 1, 0734, 1, 1, 1, 359.47, 16, 'approved');
        INSERT INTO loans (loan_id, loan_number, loan_application_id, destination_id, approval_date, outlay_date, due_date, last_payment_date, next_payment_date, balance, status) VALUES (0734, LPAD(0734, 9, '0'), 0734, 1, '2024-04-13', '2024-04-15', NULL, '2024-05-06', NULL, 302.18000000000006, 'in_progress');
        INSERT INTO loan_deductions (loan_deduction_id, loan_id, financial_advice, iva_financial_advice, notarial_charges, registration_expenses, balance_cancellation, loan_cancellation_id, other_expenses, total_deductions, other_expenses_description) VALUES (0734, 0734, 0.0, 0.0, 0, 0, 0, NULL, 0.0, 359.47, '' );
        INSERT INTO outlay_conditions (outlay_condition_id, loan_id, type, date, place, amount, cash_to, check_to, bank, bank_account_number, bank_account_owner, local_account_number, local_account_owner) VALUES (NULL, 0734, 1, '2024-04-15', 'Agencia Central', 0.0, NULL, NULL, NULL, NULL, NULL, NULL, NULL);
        INSERT INTO amortizations (amortization_id, amortizationable_id, amortizationable_type, date, amount, term, interest_rate, include_iva, include_insurance, payment, payment_frequency_id, amortization_method_id, last_payment_date)  VALUES ( NULL, 0734,  'App\\Models\\Loan',  '2024-04-15',  359.47,  16,  1.25, 0.0, '0', 24.93, 1, 2, '2024-05-06');
        INSERT INTO amortizations (amortization_id, amortizationable_id, amortizationable_type, date, amount, term, interest_rate, include_iva, include_insurance, payment, payment_frequency_id, amortization_method_id, last_payment_date) VALUES ( NULL, 0734, 'App\\Models\\LoanApplication', '2024-04-15', 359.47, 16, 1.25, 0.0, 0, 24.93, 1, 2, '2024-05-06');

        INSERT INTO clients (client_id, employee_id, registration_date, client_type_id, first_name, second_name, first_surname, second_surname, married_name, family_status_id, phone_number, cellphone_number, identification_type_id, identification_number, nit_homologation) 
        VALUES ('0736', '2', NOW(), 1, 'Ester', 'Abarca', 'Ayala', '', '', 1, 's/a', 0, 1, '', 'true');
        INSERT INTO loan_applications (loan_application_id, loan_application_number, application_date, agency_id, client_id, employee_id, destination_id, guarantee_type_id, amount, term, status) VALUES (0736, LPAD(0736, 8, '0'), '2024-04-15', 1, 0736, 2, 1, 1, 1000.0, 12, 'approved');
        INSERT INTO loans (loan_id, loan_number, loan_application_id, destination_id, approval_date, outlay_date, due_date, last_payment_date, next_payment_date, balance, status) VALUES (0736, LPAD(0736, 9, '0'), 0736, 1, '2024-04-15', '2024-04-16', NULL, '2024-10-16', NULL, 599.44, 'in_progress');
        INSERT INTO loan_deductions (loan_deduction_id, loan_id, financial_advice, iva_financial_advice, notarial_charges, registration_expenses, balance_cancellation, loan_cancellation_id, other_expenses, total_deductions, other_expenses_description) VALUES (0736, 0736, 30.0, 3.9, 0, 0, 0, NULL, 0.0, 68.9, '' );
        INSERT INTO outlay_conditions (outlay_condition_id, loan_id, type, date, place, amount, cash_to, check_to, bank, bank_account_number, bank_account_owner, local_account_number, local_account_owner) VALUES (NULL, 0736, 1, '2024-04-16', 'Agencia Central', 931.1, NULL, NULL, NULL, NULL, NULL, NULL, NULL);
        INSERT INTO amortizations (amortization_id, amortizationable_id, amortizationable_type, date, amount, term, interest_rate, include_iva, include_insurance, payment, payment_frequency_id, amortization_method_id, last_payment_date)  VALUES ( NULL, 0736,  'App\\Models\\Loan',  '2024-04-16',  1000.0,  12,  6.95, 3.9, '1', 126.57, 4, 2, '2024-10-16');
        INSERT INTO amortizations (amortization_id, amortizationable_id, amortizationable_type, date, amount, term, interest_rate, include_iva, include_insurance, payment, payment_frequency_id, amortization_method_id, last_payment_date) VALUES ( NULL, 0736, 'App\\Models\\LoanApplication', '2024-04-16', 1000.0, 12, 6.95, 3.9, 1, 126.57, 4, 2, '2024-10-16');

        INSERT INTO clients (client_id, employee_id, registration_date, client_type_id, first_name, second_name, first_surname, second_surname, married_name, family_status_id, phone_number, cellphone_number, identification_type_id, identification_number, nit_homologation) 
        VALUES ('0074', '3', NOW(), 1, 'Veronica', 'Blanco', 'Campos', '', '', 1, 's/a', 0, 1, '', 'true');
        INSERT INTO loan_applications (loan_application_id, loan_application_number, application_date, agency_id, client_id, employee_id, destination_id, guarantee_type_id, amount, term, status) VALUES (0074, LPAD(0074, 8, '0'), '2022-10-15', 1, 0074, 3, 1, 1, 300.0, 12, 'approved');
        INSERT INTO loans (loan_id, loan_number, loan_application_id, destination_id, approval_date, outlay_date, due_date, last_payment_date, next_payment_date, balance, status) VALUES (0074, LPAD(0074, 9, '0'), 0074, 1, '2022-10-15', '2022-10-17', NULL, '2024-10-22', NULL, 177.82, 'in_progress');
        INSERT INTO loan_deductions (loan_deduction_id, loan_id, financial_advice, iva_financial_advice, notarial_charges, registration_expenses, balance_cancellation, loan_cancellation_id, other_expenses, total_deductions, other_expenses_description) VALUES (0074, 0074, 9.0, 1.17, 0, 0, 0, NULL, 0.0, 10.17, '' );
        INSERT INTO outlay_conditions (outlay_condition_id, loan_id, type, date, place, amount, cash_to, check_to, bank, bank_account_number, bank_account_owner, local_account_number, local_account_owner) VALUES (NULL, 0074, 1, '2022-10-17', 'Agencia Central', 289.83, NULL, NULL, NULL, NULL, NULL, NULL, NULL);
        INSERT INTO amortizations (amortization_id, amortizationable_id, amortizationable_type, date, amount, term, interest_rate, include_iva, include_insurance, payment, payment_frequency_id, amortization_method_id, last_payment_date)  VALUES ( NULL, 0074,  'App\\Models\\Loan',  '2022-10-17',  300.0,  12,  4.8, 1.17, '0', 33.47, 1, 2, '2024-10-22');
        INSERT INTO amortizations (amortization_id, amortizationable_id, amortizationable_type, date, amount, term, interest_rate, include_iva, include_insurance, payment, payment_frequency_id, amortization_method_id, last_payment_date) VALUES ( NULL, 0074, 'App\\Models\\LoanApplication', '2022-10-17', 300.0, 12, 4.8, 1.17, 0, 33.47, 1, 2, '2024-10-22');

        INSERT INTO clients (client_id, employee_id, registration_date, client_type_id, first_name, second_name, first_surname, second_surname, married_name, family_status_id, phone_number, cellphone_number, identification_type_id, identification_number, nit_homologation) 
        VALUES ('0767', '2', NOW(), 1, 'Jennifer', 'Julissa', 'Ramirez', 'Rodriguez', '', 1, 's/a', 0, 1, '', 'true');
        INSERT INTO loan_applications (loan_application_id, loan_application_number, application_date, agency_id, client_id, employee_id, destination_id, guarantee_type_id, amount, term, status) VALUES (0767, LPAD(0767, 8, '0'), '2024-04-29', 1, 0767, 2, 1, 1, 1000.0, 24, 'approved');
        INSERT INTO loans (loan_id, loan_number, loan_application_id, destination_id, approval_date, outlay_date, due_date, last_payment_date, next_payment_date, balance, status) VALUES (0767, LPAD(0767, 9, '0'), 0767, 1, '2024-04-29', '2024-04-30', NULL, '2024-10-30', NULL, 600.23, 'in_progress');
        INSERT INTO loan_deductions (loan_deduction_id, loan_id, financial_advice, iva_financial_advice, notarial_charges, registration_expenses, balance_cancellation, loan_cancellation_id, other_expenses, total_deductions, other_expenses_description) VALUES (0767, 0767, 30.0, 3.9, 0, 0, 0, NULL, 0.0, 68.9, '' );
        INSERT INTO outlay_conditions (outlay_condition_id, loan_id, type, date, place, amount, cash_to, check_to, bank, bank_account_number, bank_account_owner, local_account_number, local_account_owner) VALUES (NULL, 0767, 1, '2024-04-30', 'Agencia Central', 931.1, NULL, NULL, NULL, NULL, NULL, NULL, NULL);
        INSERT INTO amortizations (amortization_id, amortizationable_id, amortizationable_type, date, amount, term, interest_rate, include_iva, include_insurance, payment, payment_frequency_id, amortization_method_id, last_payment_date)  VALUES ( NULL, 0767,  'App\\Models\\Loan',  '2024-04-30',  1000.0,  24,  3.44, 3.9, '0', 61.95, 3, 2, '2024-10-30');
        INSERT INTO amortizations (amortization_id, amortizationable_id, amortizationable_type, date, amount, term, interest_rate, include_iva, include_insurance, payment, payment_frequency_id, amortization_method_id, last_payment_date) VALUES ( NULL, 0767, 'App\\Models\\LoanApplication', '2024-04-30', 1000.0, 24, 3.44, 3.9, 0, 61.95, 3, 2, '2024-10-30');

        INSERT INTO clients (client_id, employee_id, registration_date, client_type_id, first_name, second_name, first_surname, second_surname, married_name, family_status_id, phone_number, cellphone_number, identification_type_id, identification_number, nit_homologation) 
        VALUES ('0792', '1', NOW(), 1, 'Ciria', 'Elizabeth', 'Galan', 'Flores', '', 1, 's/a', 0, 1, '', 'true');
        INSERT INTO loan_applications (loan_application_id, loan_application_number, application_date, agency_id, client_id, employee_id, destination_id, guarantee_type_id, amount, term, status) VALUES (0792, LPAD(0792, 8, '0'), '2024-05-16', 1, 0792, 1, 1, 1, 800.0, 12, 'approved');
        INSERT INTO loans (loan_id, loan_number, loan_application_id, destination_id, approval_date, outlay_date, due_date, last_payment_date, next_payment_date, balance, status) VALUES (0792, LPAD(0792, 9, '0'), 0792, 1, '2024-05-16', '2024-05-18', NULL, '2024-10-07', NULL, 352.40000000000003, 'in_progress');
        INSERT INTO loan_deductions (loan_deduction_id, loan_id, financial_advice, iva_financial_advice, notarial_charges, registration_expenses, balance_cancellation, loan_cancellation_id, other_expenses, total_deductions, other_expenses_description) VALUES (0792, 0792, 24.0, 3.12, 0, 0, 0, NULL, 0.0, 62.12, '' );
        INSERT INTO outlay_conditions (outlay_condition_id, loan_id, type, date, place, amount, cash_to, check_to, bank, bank_account_number, bank_account_owner, local_account_number, local_account_owner) VALUES (NULL, 0792, 1, '2024-05-18', 'Agencia Central', 737.88, NULL, NULL, NULL, NULL, NULL, NULL, NULL);
        INSERT INTO amortizations (amortization_id, amortizationable_id, amortizationable_type, date, amount, term, interest_rate, include_iva, include_insurance, payment, payment_frequency_id, amortization_method_id, last_payment_date)  VALUES ( NULL, 0792,  'App\\Models\\Loan',  '2024-05-18',  800.0,  12,  3.31, 3.12, '0', 81.86, 3, 2, '2024-10-07');
        INSERT INTO amortizations (amortization_id, amortizationable_id, amortizationable_type, date, amount, term, interest_rate, include_iva, include_insurance, payment, payment_frequency_id, amortization_method_id, last_payment_date) VALUES ( NULL, 0792, 'App\\Models\\LoanApplication', '2024-05-18', 800.0, 12, 3.31, 3.12, 0, 81.86, 3, 2, '2024-10-07');

        INSERT INTO clients (client_id, employee_id, registration_date, client_type_id, first_name, second_name, first_surname, second_surname, married_name, family_status_id, phone_number, cellphone_number, identification_type_id, identification_number, nit_homologation) 
        VALUES ('0795', '1', NOW(), 1, 'Karla', 'Beatriz', 'Pineda', 'Ordoñez', '', 1, 's/a', 0, 1, '', 'true');
        INSERT INTO loan_applications (loan_application_id, loan_application_number, application_date, agency_id, client_id, employee_id, destination_id, guarantee_type_id, amount, term, status) VALUES (0795, LPAD(0795, 8, '0'), '2024-05-18', 1, 0795, 1, 1, 1, 2000.0, 24, 'approved');
        INSERT INTO loans (loan_id, loan_number, loan_application_id, destination_id, approval_date, outlay_date, due_date, last_payment_date, next_payment_date, balance, status) VALUES (0795, LPAD(0795, 9, '0'), 0795, 1, '2024-05-18', '2024-05-21', NULL, '2024-10-21', NULL, 1340.5499999999997, 'in_progress');
        INSERT INTO loan_deductions (loan_deduction_id, loan_id, financial_advice, iva_financial_advice, notarial_charges, registration_expenses, balance_cancellation, loan_cancellation_id, other_expenses, total_deductions, other_expenses_description) VALUES (0795, 0795, 60.0, 7.8, 0, 0, 0, NULL, 0.0, 641.53, '' );
        INSERT INTO outlay_conditions (outlay_condition_id, loan_id, type, date, place, amount, cash_to, check_to, bank, bank_account_number, bank_account_owner, local_account_number, local_account_owner) VALUES (NULL, 0795, 1, '2024-05-21', 'Agencia Central', 1358.47, NULL, NULL, NULL, NULL, NULL, NULL, NULL);
        INSERT INTO amortizations (amortization_id, amortizationable_id, amortizationable_type, date, amount, term, interest_rate, include_iva, include_insurance, payment, payment_frequency_id, amortization_method_id, last_payment_date)  VALUES ( NULL, 0795,  'App\\Models\\Loan',  '2024-05-21',  2000.0,  24,  3.31, 7.8, '1', 123.07, 3, 2, '2024-10-21');
        INSERT INTO amortizations (amortization_id, amortizationable_id, amortizationable_type, date, amount, term, interest_rate, include_iva, include_insurance, payment, payment_frequency_id, amortization_method_id, last_payment_date) VALUES ( NULL, 0795, 'App\\Models\\LoanApplication', '2024-05-21', 2000.0, 24, 3.31, 7.8, 1, 123.07, 3, 2, '2024-10-21');

        INSERT INTO clients (client_id, employee_id, registration_date, client_type_id, first_name, second_name, first_surname, second_surname, married_name, family_status_id, phone_number, cellphone_number, identification_type_id, identification_number, nit_homologation) 
        VALUES ('0803', '1', NOW(), 1, 'Leydi', 'Cristina', 'Pleitez', 'De', 'Monterrosa', 1, 's/a', 0, 1, '', 'true');
        INSERT INTO loan_applications (loan_application_id, loan_application_number, application_date, agency_id, client_id, employee_id, destination_id, guarantee_type_id, amount, term, status) VALUES (0803, LPAD(0803, 8, '0'), '2024-05-23', 1, 0803, 1, 1, 1, 1000.0, 12, 'approved');
        INSERT INTO loans (loan_id, loan_number, loan_application_id, destination_id, approval_date, outlay_date, due_date, last_payment_date, next_payment_date, balance, status) VALUES (0803, LPAD(0803, 9, '0'), 0803, 1, '2024-05-23', '2024-05-25', NULL, '2024-10-21', NULL, 667.9100000000001, 'in_progress');
        INSERT INTO loan_deductions (loan_deduction_id, loan_id, financial_advice, iva_financial_advice, notarial_charges, registration_expenses, balance_cancellation, loan_cancellation_id, other_expenses, total_deductions, other_expenses_description) VALUES (0803, 0803, 30.0, 3.9, 0, 0, 0, NULL, 0.0, 68.9, '' );
        INSERT INTO outlay_conditions (outlay_condition_id, loan_id, type, date, place, amount, cash_to, check_to, bank, bank_account_number, bank_account_owner, local_account_number, local_account_owner) VALUES (NULL, 0803, 1, '2024-05-25', 'Agencia Central', 931.1, NULL, NULL, NULL, NULL, NULL, NULL, NULL);
        INSERT INTO amortizations (amortization_id, amortizationable_id, amortizationable_type, date, amount, term, interest_rate, include_iva, include_insurance, payment, payment_frequency_id, amortization_method_id, last_payment_date)  VALUES ( NULL, 0803,  'App\\Models\\Loan',  '2024-05-25',  1000.0,  12,  6.8, 3.9, '0', 124.56, 4, 2, '2024-10-21');
        INSERT INTO amortizations (amortization_id, amortizationable_id, amortizationable_type, date, amount, term, interest_rate, include_iva, include_insurance, payment, payment_frequency_id, amortization_method_id, last_payment_date) VALUES ( NULL, 0803, 'App\\Models\\LoanApplication', '2024-05-25', 1000.0, 12, 6.8, 3.9, 0, 124.56, 4, 2, '2024-10-21');

        INSERT INTO clients (client_id, employee_id, registration_date, client_type_id, first_name, second_name, first_surname, second_surname, married_name, family_status_id, phone_number, cellphone_number, identification_type_id, identification_number, nit_homologation) 
        VALUES ('0810', '2', NOW(), 1, 'Johana', 'Sarai', 'Rauda', 'Erazo', '', 1, 's/a', 0, 1, '', 'true');
        INSERT INTO loan_applications (loan_application_id, loan_application_number, application_date, agency_id, client_id, employee_id, destination_id, guarantee_type_id, amount, term, status) VALUES (0810, LPAD(0810, 8, '0'), '2024-05-29', 1, 0810, 2, 1, 1, 1500.0, 36, 'approved');
        INSERT INTO loans (loan_id, loan_number, loan_application_id, destination_id, approval_date, outlay_date, due_date, last_payment_date, next_payment_date, balance, status) VALUES (0810, LPAD(0810, 9, '0'), 0810, 1, '2024-05-29', '2024-05-31', NULL, '2024-10-28', NULL, 1247.8100000000002, 'in_progress');
        INSERT INTO loan_deductions (loan_deduction_id, loan_id, financial_advice, iva_financial_advice, notarial_charges, registration_expenses, balance_cancellation, loan_cancellation_id, other_expenses, total_deductions, other_expenses_description) VALUES (0810, 0810, 45.0, 5.85, 0, 0, 0, NULL, 0.0, 448.47, '' );
        INSERT INTO outlay_conditions (outlay_condition_id, loan_id, type, date, place, amount, cash_to, check_to, bank, bank_account_number, bank_account_owner, local_account_number, local_account_owner) VALUES (NULL, 0810, 1, '2024-05-31', 'Agencia Central', 1051.53, NULL, NULL, NULL, NULL, NULL, NULL, NULL);
        INSERT INTO amortizations (amortization_id, amortizationable_id, amortizationable_type, date, amount, term, interest_rate, include_iva, include_insurance, payment, payment_frequency_id, amortization_method_id, last_payment_date)  VALUES ( NULL, 0810,  'App\\Models\\Loan',  '2024-05-31',  1500.0,  36,  3.5, 5.85, '0', 73.93, 3, 2, '2024-10-28');
        INSERT INTO amortizations (amortization_id, amortizationable_id, amortizationable_type, date, amount, term, interest_rate, include_iva, include_insurance, payment, payment_frequency_id, amortization_method_id, last_payment_date) VALUES ( NULL, 0810, 'App\\Models\\LoanApplication', '2024-05-31', 1500.0, 36, 3.5, 5.85, 0, 73.93, 3, 2, '2024-10-28');

        INSERT INTO clients (client_id, employee_id, registration_date, client_type_id, first_name, second_name, first_surname, second_surname, married_name, family_status_id, phone_number, cellphone_number, identification_type_id, identification_number, nit_homologation) 
        VALUES ('0822', '1', NOW(), 1, 'Oscar', 'Mauricio', 'Flores', 'Barrientos', '', 1, 's/a', 0, 1, '', 'true');
        INSERT INTO loan_applications (loan_application_id, loan_application_number, application_date, agency_id, client_id, employee_id, destination_id, guarantee_type_id, amount, term, status) VALUES (0822, LPAD(0822, 8, '0'), '2024-06-05', 1, 0822, 1, 1, 1, 400.0, 14, 'approved');
        INSERT INTO loans (loan_id, loan_number, loan_application_id, destination_id, approval_date, outlay_date, due_date, last_payment_date, next_payment_date, balance, status) VALUES (0822, LPAD(0822, 9, '0'), 0822, 1, '2024-06-05', '2024-06-06', NULL, '2024-10-17', NULL, 52.14000000000004, 'in_progress');
        INSERT INTO loan_deductions (loan_deduction_id, loan_id, financial_advice, iva_financial_advice, notarial_charges, registration_expenses, balance_cancellation, loan_cancellation_id, other_expenses, total_deductions, other_expenses_description) VALUES (0822, 0822, 12.0, 1.56, 0, 0, 0, NULL, 0.0, 222.22, '' );
        INSERT INTO outlay_conditions (outlay_condition_id, loan_id, type, date, place, amount, cash_to, check_to, bank, bank_account_number, bank_account_owner, local_account_number, local_account_owner) VALUES (NULL, 0822, 1, '2024-06-06', 'Agencia Central', 177.78, NULL, NULL, NULL, NULL, NULL, NULL, NULL);
        INSERT INTO amortizations (amortization_id, amortizationable_id, amortizationable_type, date, amount, term, interest_rate, include_iva, include_insurance, payment, payment_frequency_id, amortization_method_id, last_payment_date)  VALUES ( NULL, 0822,  'App\\Models\\Loan',  '2024-06-06',  400.0,  14,  1.45, 1.56, '0', 31.78, 1, 2, '2024-10-17');
        INSERT INTO amortizations (amortization_id, amortizationable_id, amortizationable_type, date, amount, term, interest_rate, include_iva, include_insurance, payment, payment_frequency_id, amortization_method_id, last_payment_date) VALUES ( NULL, 0822, 'App\\Models\\LoanApplication', '2024-06-06', 400.0, 14, 1.45, 1.56, 0, 31.78, 1, 2, '2024-10-17');

        INSERT INTO clients (client_id, employee_id, registration_date, client_type_id, first_name, second_name, first_surname, second_surname, married_name, family_status_id, phone_number, cellphone_number, identification_type_id, identification_number, nit_homologation) 
        VALUES ('0832', '2', NOW(), 1, 'Iris', 'Yaneth', 'Rodas', 'De', 'Guzman', 1, 's/a', 0, 1, '', 'true');
        INSERT INTO loan_applications (loan_application_id, loan_application_number, application_date, agency_id, client_id, employee_id, destination_id, guarantee_type_id, amount, term, status) VALUES (0832, LPAD(0832, 8, '0'), '2024-06-11', 1, 0832, 2, 1, 1, 1000.0, 24, 'approved');
        INSERT INTO loans (loan_id, loan_number, loan_application_id, destination_id, approval_date, outlay_date, due_date, last_payment_date, next_payment_date, balance, status) VALUES (0832, LPAD(0832, 9, '0'), 0832, 1, '2024-06-11', '2024-06-12', NULL, '2024-10-25', NULL, 712.8800000000001, 'in_progress');
        INSERT INTO loan_deductions (loan_deduction_id, loan_id, financial_advice, iva_financial_advice, notarial_charges, registration_expenses, balance_cancellation, loan_cancellation_id, other_expenses, total_deductions, other_expenses_description) VALUES (0832, 0832, 30.0, 3.9, 0, 0, 0, NULL, 0.0, 381.9, '' );
        INSERT INTO outlay_conditions (outlay_condition_id, loan_id, type, date, place, amount, cash_to, check_to, bank, bank_account_number, bank_account_owner, local_account_number, local_account_owner) VALUES (NULL, 0832, 1, '2024-06-12', 'Agencia Central', 618.1, NULL, NULL, NULL, NULL, NULL, NULL, NULL);
        INSERT INTO amortizations (amortization_id, amortizationable_id, amortizationable_type, date, amount, term, interest_rate, include_iva, include_insurance, payment, payment_frequency_id, amortization_method_id, last_payment_date)  VALUES ( NULL, 0832,  'App\\Models\\Loan',  '2024-06-12',  1000.0,  24,  3.44, 3.9, '0', 61.88, 3, 2, '2024-10-25');
        INSERT INTO amortizations (amortization_id, amortizationable_id, amortizationable_type, date, amount, term, interest_rate, include_iva, include_insurance, payment, payment_frequency_id, amortization_method_id, last_payment_date) VALUES ( NULL, 0832, 'App\\Models\\LoanApplication', '2024-06-12', 1000.0, 24, 3.44, 3.9, 0, 61.88, 3, 2, '2024-10-25');

        INSERT INTO clients (client_id, employee_id, registration_date, client_type_id, first_name, second_name, first_surname, second_surname, married_name, family_status_id, phone_number, cellphone_number, identification_type_id, identification_number, nit_homologation) 
        VALUES ('0838', '2', NOW(), 1, 'Jorge', 'Enrique', 'Zeledon', 'Garcia', '', 1, 's/a', 0, 1, '', 'true');
        INSERT INTO loan_applications (loan_application_id, loan_application_number, application_date, agency_id, client_id, employee_id, destination_id, guarantee_type_id, amount, term, status) VALUES (0838, LPAD(0838, 8, '0'), '2024-06-12', 1, 0838, 2, 1, 1, 1000.0, 12, 'approved');
        INSERT INTO loans (loan_id, loan_number, loan_application_id, destination_id, approval_date, outlay_date, due_date, last_payment_date, next_payment_date, balance, status) VALUES (0838, LPAD(0838, 9, '0'), 0838, 1, '2024-06-12', '2024-06-13', NULL, '2024-10-13', NULL, 751.0699999999999, 'in_progress');
        INSERT INTO loan_deductions (loan_deduction_id, loan_id, financial_advice, iva_financial_advice, notarial_charges, registration_expenses, balance_cancellation, loan_cancellation_id, other_expenses, total_deductions, other_expenses_description) VALUES (0838, 0838, 30.0, 3.9, 0, 0, 0, NULL, 0.0, 68.9, '' );
        INSERT INTO outlay_conditions (outlay_condition_id, loan_id, type, date, place, amount, cash_to, check_to, bank, bank_account_number, bank_account_owner, local_account_number, local_account_owner) VALUES (NULL, 0838, 1, '2024-06-13', 'Agencia Central', 931.1, NULL, NULL, NULL, NULL, NULL, NULL, NULL);
        INSERT INTO amortizations (amortization_id, amortizationable_id, amortizationable_type, date, amount, term, interest_rate, include_iva, include_insurance, payment, payment_frequency_id, amortization_method_id, last_payment_date)  VALUES ( NULL, 0838,  'App\\Models\\Loan',  '2024-06-13',  1000.0,  12,  6.98, 3.9, '0', 125.77, 4, 2, '2024-10-13');
        INSERT INTO amortizations (amortization_id, amortizationable_id, amortizationable_type, date, amount, term, interest_rate, include_iva, include_insurance, payment, payment_frequency_id, amortization_method_id, last_payment_date) VALUES ( NULL, 0838, 'App\\Models\\LoanApplication', '2024-06-13', 1000.0, 12, 6.98, 3.9, 0, 125.77, 4, 2, '2024-10-13');

        INSERT INTO clients (client_id, employee_id, registration_date, client_type_id, first_name, second_name, first_surname, second_surname, married_name, family_status_id, phone_number, cellphone_number, identification_type_id, identification_number, nit_homologation) 
        VALUES ('0839', '2', NOW(), 1, 'Veronica', 'Del', 'Carmen', 'Diaz', 'Navarro', 1, 's/a', 0, 1, '', 'true');
        INSERT INTO loan_applications (loan_application_id, loan_application_number, application_date, agency_id, client_id, employee_id, destination_id, guarantee_type_id, amount, term, status) VALUES (0839, LPAD(0839, 8, '0'), '2024-06-12', 1, 0839, 2, 1, 1, 1600.0, 12, 'approved');
        INSERT INTO loans (loan_id, loan_number, loan_application_id, destination_id, approval_date, outlay_date, due_date, last_payment_date, next_payment_date, balance, status) VALUES (0839, LPAD(0839, 9, '0'), 0839, 1, '2024-06-12', '2024-06-13', NULL, 'NULL', NULL, NULL, 'in_progress');
        INSERT INTO loan_deductions (loan_deduction_id, loan_id, financial_advice, iva_financial_advice, notarial_charges, registration_expenses, balance_cancellation, loan_cancellation_id, other_expenses, total_deductions, other_expenses_description) VALUES (0839, 0839, 48.0, 6.24, 0, 0, 0, NULL, 0.0, 89.24, '' );
        INSERT INTO outlay_conditions (outlay_condition_id, loan_id, type, date, place, amount, cash_to, check_to, bank, bank_account_number, bank_account_owner, local_account_number, local_account_owner) VALUES (NULL, 0839, 1, '2024-06-13', 'Agencia Central', 1510.76, NULL, NULL, NULL, NULL, NULL, NULL, NULL);
        INSERT INTO amortizations (amortization_id, amortizationable_id, amortizationable_type, date, amount, term, interest_rate, include_iva, include_insurance, payment, payment_frequency_id, amortization_method_id, last_payment_date)  VALUES ( NULL, 0839,  'App\\Models\\Loan',  '2024-06-13',  1600.0,  12,  0, 6.24, '0', 0, 3, 2, 'NULL');
        INSERT INTO amortizations (amortization_id, amortizationable_id, amortizationable_type, date, amount, term, interest_rate, include_iva, include_insurance, payment, payment_frequency_id, amortization_method_id, last_payment_date) VALUES ( NULL, 0839, 'App\\Models\\LoanApplication', '2024-06-13', 1600.0, 12, 0, 6.24, 0, 0, 3, 2, 'NULL');

        INSERT INTO clients (client_id, employee_id, registration_date, client_type_id, first_name, second_name, first_surname, second_surname, married_name, family_status_id, phone_number, cellphone_number, identification_type_id, identification_number, nit_homologation) 
        VALUES ('0084', '3', NOW(), 1, 'Brenda', 'Yamileth', 'Cortez', 'Hernandez', '', 1, 's/a', 0, 1, '', 'true');
        INSERT INTO loan_applications (loan_application_id, loan_application_number, application_date, agency_id, client_id, employee_id, destination_id, guarantee_type_id, amount, term, status) VALUES (0084, LPAD(0084, 8, '0'), '2022-10-20', 1, 0084, 3, 1, 1, 500.0, 14, 'approved');
        INSERT INTO loans (loan_id, loan_number, loan_application_id, destination_id, approval_date, outlay_date, due_date, last_payment_date, next_payment_date, balance, status) VALUES (0084, LPAD(0084, 9, '0'), 0084, 1, '2022-10-20', '2022-10-21', NULL, '2022-12-22', NULL, 54.850446000000005, 'in_progress');
        INSERT INTO loan_deductions (loan_deduction_id, loan_id, financial_advice, iva_financial_advice, notarial_charges, registration_expenses, balance_cancellation, loan_cancellation_id, other_expenses, total_deductions, other_expenses_description) VALUES (0084, 0084, 15.0, 1.95, 0, 0, 0, NULL, 0.0, 16.95, '' );
        INSERT INTO outlay_conditions (outlay_condition_id, loan_id, type, date, place, amount, cash_to, check_to, bank, bank_account_number, bank_account_owner, local_account_number, local_account_owner) VALUES (NULL, 0084, 1, '2022-10-21', 'Agencia Central', 483.05, NULL, NULL, NULL, NULL, NULL, NULL, NULL);
        INSERT INTO amortizations (amortization_id, amortizationable_id, amortizationable_type, date, amount, term, interest_rate, include_iva, include_insurance, payment, payment_frequency_id, amortization_method_id, last_payment_date)  VALUES ( NULL, 0084,  'App\\Models\\Loan',  '2022-10-21',  500.0,  14,  4.8, 1.95, '0', 49.87, 1, 2, '2022-12-22');
        INSERT INTO amortizations (amortization_id, amortizationable_id, amortizationable_type, date, amount, term, interest_rate, include_iva, include_insurance, payment, payment_frequency_id, amortization_method_id, last_payment_date) VALUES ( NULL, 0084, 'App\\Models\\LoanApplication', '2022-10-21', 500.0, 14, 4.8, 1.95, 0, 49.87, 1, 2, '2022-12-22');

        INSERT INTO clients (client_id, employee_id, registration_date, client_type_id, first_name, second_name, first_surname, second_surname, married_name, family_status_id, phone_number, cellphone_number, identification_type_id, identification_number, nit_homologation) 
        VALUES ('0851', '2', NOW(), 1, 'Reyna', 'Yanira', 'Cortez', 'Vda.', 'Sibrian', 1, 's/a', 0, 1, '', 'true');
        INSERT INTO loan_applications (loan_application_id, loan_application_number, application_date, agency_id, client_id, employee_id, destination_id, guarantee_type_id, amount, term, status) VALUES (0851, LPAD(0851, 8, '0'), '2024-06-22', 1, 0851, 2, 1, 1, 420.0, 27, 'approved');
        INSERT INTO loans (loan_id, loan_number, loan_application_id, destination_id, approval_date, outlay_date, due_date, last_payment_date, next_payment_date, balance, status) VALUES (0851, LPAD(0851, 9, '0'), 0851, 1, '2024-06-22', '2024-06-25', NULL, '2024-09-08', NULL, 358.16, 'in_progress');
        INSERT INTO loan_deductions (loan_deduction_id, loan_id, financial_advice, iva_financial_advice, notarial_charges, registration_expenses, balance_cancellation, loan_cancellation_id, other_expenses, total_deductions, other_expenses_description) VALUES (0851, 0851, 10.93, 1.42, 0, 0, 0, NULL, 0.0, 420.0, '' );
        INSERT INTO outlay_conditions (outlay_condition_id, loan_id, type, date, place, amount, cash_to, check_to, bank, bank_account_number, bank_account_owner, local_account_number, local_account_owner) VALUES (NULL, 0851, 1, '2024-06-25', 'Agencia Central', 0.0, NULL, NULL, NULL, NULL, NULL, NULL, NULL);
        INSERT INTO amortizations (amortization_id, amortizationable_id, amortizationable_type, date, amount, term, interest_rate, include_iva, include_insurance, payment, payment_frequency_id, amortization_method_id, last_payment_date)  VALUES ( NULL, 0851,  'App\\Models\\Loan',  '2024-06-25',  420.0,  27,  2.0, 1.42, '0', 20.28, 3, 2, '2024-09-08');
        INSERT INTO amortizations (amortization_id, amortizationable_id, amortizationable_type, date, amount, term, interest_rate, include_iva, include_insurance, payment, payment_frequency_id, amortization_method_id, last_payment_date) VALUES ( NULL, 0851, 'App\\Models\\LoanApplication', '2024-06-25', 420.0, 27, 2.0, 1.42, 0, 20.28, 3, 2, '2024-09-08');

        INSERT INTO clients (client_id, employee_id, registration_date, client_type_id, first_name, second_name, first_surname, second_surname, married_name, family_status_id, phone_number, cellphone_number, identification_type_id, identification_number, nit_homologation) 
        VALUES ('0857', '2', NOW(), 1, 'Joselin', 'Abigail', 'Alfaro', 'Alvarenga', '', 1, 's/a', 0, 1, '', 'true');
        INSERT INTO loan_applications (loan_application_id, loan_application_number, application_date, agency_id, client_id, employee_id, destination_id, guarantee_type_id, amount, term, status) VALUES (0857, LPAD(0857, 8, '0'), '2024-06-28', 1, 0857, 2, 1, 1, 1200.0, 12, 'approved');
        INSERT INTO loans (loan_id, loan_number, loan_application_id, destination_id, approval_date, outlay_date, due_date, last_payment_date, next_payment_date, balance, status) VALUES (0857, LPAD(0857, 9, '0'), 0857, 1, '2024-06-28', '2024-06-29', NULL, '2024-12-29', NULL, 901.39, 'in_progress');
        INSERT INTO loan_deductions (loan_deduction_id, loan_id, financial_advice, iva_financial_advice, notarial_charges, registration_expenses, balance_cancellation, loan_cancellation_id, other_expenses, total_deductions, other_expenses_description) VALUES (0857, 0857, 36.0, 4.68, 0, 0, 0, NULL, 0.0, 75.68, '' );
        INSERT INTO outlay_conditions (outlay_condition_id, loan_id, type, date, place, amount, cash_to, check_to, bank, bank_account_number, bank_account_owner, local_account_number, local_account_owner) VALUES (NULL, 0857, 1, '2024-06-29', 'Agencia Central', 1124.32, NULL, NULL, NULL, NULL, NULL, NULL, NULL);
        INSERT INTO amortizations (amortization_id, amortizationable_id, amortizationable_type, date, amount, term, interest_rate, include_iva, include_insurance, payment, payment_frequency_id, amortization_method_id, last_payment_date)  VALUES ( NULL, 0857,  'App\\Models\\Loan',  '2024-06-29',  1200.0,  12,  6.96, 4.68, '0', 150.76, 4, 2, '2024-12-29');
        INSERT INTO amortizations (amortization_id, amortizationable_id, amortizationable_type, date, amount, term, interest_rate, include_iva, include_insurance, payment, payment_frequency_id, amortization_method_id, last_payment_date) VALUES ( NULL, 0857, 'App\\Models\\LoanApplication', '2024-06-29', 1200.0, 12, 6.96, 4.68, 0, 150.76, 4, 2, '2024-12-29');

        INSERT INTO clients (client_id, employee_id, registration_date, client_type_id, first_name, second_name, first_surname, second_surname, married_name, family_status_id, phone_number, cellphone_number, identification_type_id, identification_number, nit_homologation) 
        VALUES ('0860', '1', NOW(), 1, 'Guadalupe', 'Anaya', 'De', 'Sixco', 'Sixco', 1, 's/a', 0, 1, '', 'true');
        INSERT INTO loan_applications (loan_application_id, loan_application_number, application_date, agency_id, client_id, employee_id, destination_id, guarantee_type_id, amount, term, status) VALUES (0860, LPAD(0860, 8, '0'), '2024-06-28', 1, 0860, 1, 1, 1, 500.0, 12, 'approved');
        INSERT INTO loans (loan_id, loan_number, loan_application_id, destination_id, approval_date, outlay_date, due_date, last_payment_date, next_payment_date, balance, status) VALUES (0860, LPAD(0860, 9, '0'), 0860, 1, '2024-06-28', '2024-06-29', NULL, '2024-10-28', NULL, 186.25000000000006, 'in_progress');
        INSERT INTO loan_deductions (loan_deduction_id, loan_id, financial_advice, iva_financial_advice, notarial_charges, registration_expenses, balance_cancellation, loan_cancellation_id, other_expenses, total_deductions, other_expenses_description) VALUES (0860, 0860, 15.0, 1.95, 0, 0, 0, NULL, 0.0, 42.85, '' );
        INSERT INTO outlay_conditions (outlay_condition_id, loan_id, type, date, place, amount, cash_to, check_to, bank, bank_account_number, bank_account_owner, local_account_number, local_account_owner) VALUES (NULL, 0860, 1, '2024-06-29', 'Agencia Central', 457.15, NULL, NULL, NULL, NULL, NULL, NULL, NULL);
        INSERT INTO amortizations (amortization_id, amortizationable_id, amortizationable_type, date, amount, term, interest_rate, include_iva, include_insurance, payment, payment_frequency_id, amortization_method_id, last_payment_date)  VALUES ( NULL, 0860,  'App\\Models\\Loan',  '2024-06-29',  500.0,  12,  3.21, 1.95, '0', 50.86, 3, 2, '2024-10-28');
        INSERT INTO amortizations (amortization_id, amortizationable_id, amortizationable_type, date, amount, term, interest_rate, include_iva, include_insurance, payment, payment_frequency_id, amortization_method_id, last_payment_date) VALUES ( NULL, 0860, 'App\\Models\\LoanApplication', '2024-06-29', 500.0, 12, 3.21, 1.95, 0, 50.86, 3, 2, '2024-10-28');

        INSERT INTO clients (client_id, employee_id, registration_date, client_type_id, first_name, second_name, first_surname, second_surname, married_name, family_status_id, phone_number, cellphone_number, identification_type_id, identification_number, nit_homologation) 
        VALUES ('0861', '2', NOW(), 1, 'Vilma', 'Yaneth', 'Moran', 'De', 'Ortiz', 1, 's/a', 0, 1, '', 'true');
        INSERT INTO loan_applications (loan_application_id, loan_application_number, application_date, agency_id, client_id, employee_id, destination_id, guarantee_type_id, amount, term, status) VALUES (0861, LPAD(0861, 8, '0'), '2024-06-28', 1, 0861, 2, 1, 1, 520.54, 24, 'approved');
        INSERT INTO loans (loan_id, loan_number, loan_application_id, destination_id, approval_date, outlay_date, due_date, last_payment_date, next_payment_date, balance, status) VALUES (0861, LPAD(0861, 9, '0'), 0861, 1, '2024-06-28', '2024-06-29', NULL, '2024-08-10', NULL, 403.84, 'in_progress');
        INSERT INTO loan_deductions (loan_deduction_id, loan_id, financial_advice, iva_financial_advice, notarial_charges, registration_expenses, balance_cancellation, loan_cancellation_id, other_expenses, total_deductions, other_expenses_description) VALUES (0861, 0861, 15.1, 1.96, 0, 0, 0, NULL, 0.0, 520.54, '' );
        INSERT INTO outlay_conditions (outlay_condition_id, loan_id, type, date, place, amount, cash_to, check_to, bank, bank_account_number, bank_account_owner, local_account_number, local_account_owner) VALUES (NULL, 0861, 1, '2024-06-29', 'Agencia Central', 0.0, NULL, NULL, NULL, NULL, NULL, NULL, NULL);
        INSERT INTO amortizations (amortization_id, amortizationable_id, amortizationable_type, date, amount, term, interest_rate, include_iva, include_insurance, payment, payment_frequency_id, amortization_method_id, last_payment_date)  VALUES ( NULL, 0861,  'App\\Models\\Loan',  '2024-06-29',  520.54,  24,  1.0, 1.96, '0', 24.5, 1, 2, '2024-08-10');
        INSERT INTO amortizations (amortization_id, amortizationable_id, amortizationable_type, date, amount, term, interest_rate, include_iva, include_insurance, payment, payment_frequency_id, amortization_method_id, last_payment_date) VALUES ( NULL, 0861, 'App\\Models\\LoanApplication', '2024-06-29', 520.54, 24, 1.0, 1.96, 0, 24.5, 1, 2, '2024-08-10');

        INSERT INTO clients (client_id, employee_id, registration_date, client_type_id, first_name, second_name, first_surname, second_surname, married_name, family_status_id, phone_number, cellphone_number, identification_type_id, identification_number, nit_homologation) 
        VALUES ('0864', '1', NOW(), 1, 'Kimberly', 'Fransheska', 'Ramirez', 'Santillana', '', 1, 's/a', 0, 1, '', 'true');
        INSERT INTO loan_applications (loan_application_id, loan_application_number, application_date, agency_id, client_id, employee_id, destination_id, guarantee_type_id, amount, term, status) VALUES (0864, LPAD(0864, 8, '0'), '2024-07-03', 1, 0864, 1, 1, 1, 700.0, 12, 'approved');
        INSERT INTO loans (loan_id, loan_number, loan_application_id, destination_id, approval_date, outlay_date, due_date, last_payment_date, next_payment_date, balance, status) VALUES (0864, LPAD(0864, 9, '0'), 0864, 1, '2024-07-03', '2024-07-04', NULL, '2024-09-30', NULL, 492.23999999999995, 'in_progress');
        INSERT INTO loan_deductions (loan_deduction_id, loan_id, financial_advice, iva_financial_advice, notarial_charges, registration_expenses, balance_cancellation, loan_cancellation_id, other_expenses, total_deductions, other_expenses_description) VALUES (0864, 0864, 21.0, 2.73, 0, 0, 0, NULL, 0.0, 285.36, '' );
        INSERT INTO outlay_conditions (outlay_condition_id, loan_id, type, date, place, amount, cash_to, check_to, bank, bank_account_number, bank_account_owner, local_account_number, local_account_owner) VALUES (NULL, 0864, 1, '2024-07-04', 'Agencia Central', 414.64, NULL, NULL, NULL, NULL, NULL, NULL, NULL);
        INSERT INTO amortizations (amortization_id, amortizationable_id, amortizationable_type, date, amount, term, interest_rate, include_iva, include_insurance, payment, payment_frequency_id, amortization_method_id, last_payment_date)  VALUES ( NULL, 0864,  'App\\Models\\Loan',  '2024-07-04',  700.0,  12,  3.43, 2.73, '0', 72.14, 3, 2, '2024-09-30');
        INSERT INTO amortizations (amortization_id, amortizationable_id, amortizationable_type, date, amount, term, interest_rate, include_iva, include_insurance, payment, payment_frequency_id, amortization_method_id, last_payment_date) VALUES ( NULL, 0864, 'App\\Models\\LoanApplication', '2024-07-04', 700.0, 12, 3.43, 2.73, 0, 72.14, 3, 2, '2024-09-30');

        INSERT INTO clients (client_id, employee_id, registration_date, client_type_id, first_name, second_name, first_surname, second_surname, married_name, family_status_id, phone_number, cellphone_number, identification_type_id, identification_number, nit_homologation) 
        VALUES ('0865', '1', NOW(), 1, 'Luis', 'Ernesto', 'Benito', 'Gomez', '', 1, 's/a', 0, 1, '', 'true');
        INSERT INTO loan_applications (loan_application_id, loan_application_number, application_date, agency_id, client_id, employee_id, destination_id, guarantee_type_id, amount, term, status) VALUES (0865, LPAD(0865, 8, '0'), '2024-07-04', 1, 0865, 1, 1, 1, 1000.0, 12, 'approved');
        INSERT INTO loans (loan_id, loan_number, loan_application_id, destination_id, approval_date, outlay_date, due_date, last_payment_date, next_payment_date, balance, status) VALUES (0865, LPAD(0865, 9, '0'), 0865, 1, '2024-07-04', '2024-07-05', NULL, '202405-10-24-10-11', NULL, 809.36, 'in_progress');
        INSERT INTO loan_deductions (loan_deduction_id, loan_id, financial_advice, iva_financial_advice, notarial_charges, registration_expenses, balance_cancellation, loan_cancellation_id, other_expenses, total_deductions, other_expenses_description) VALUES (0865, 0865, 30.0, 3.9, 0, 0, 0, NULL, 0.0, 108.9, '' );
        INSERT INTO outlay_conditions (outlay_condition_id, loan_id, type, date, place, amount, cash_to, check_to, bank, bank_account_number, bank_account_owner, local_account_number, local_account_owner) VALUES (NULL, 0865, 1, '2024-07-05', 'Agencia Central', 891.1, NULL, NULL, NULL, NULL, NULL, NULL, NULL);
        INSERT INTO amortizations (amortization_id, amortizationable_id, amortizationable_type, date, amount, term, interest_rate, include_iva, include_insurance, payment, payment_frequency_id, amortization_method_id, last_payment_date)  VALUES ( NULL, 0865,  'App\\Models\\Loan',  '2024-07-05',  1000.0,  12,  5.8, 3.9, '0', 117.97, 4, 2, '202405-10-24-10-11');
        INSERT INTO amortizations (amortization_id, amortizationable_id, amortizationable_type, date, amount, term, interest_rate, include_iva, include_insurance, payment, payment_frequency_id, amortization_method_id, last_payment_date) VALUES ( NULL, 0865, 'App\\Models\\LoanApplication', '2024-07-05', 1000.0, 12, 5.8, 3.9, 0, 117.97, 4, 2, '202405-10-24-10-11');

        INSERT INTO clients (client_id, employee_id, registration_date, client_type_id, first_name, second_name, first_surname, second_surname, married_name, family_status_id, phone_number, cellphone_number, identification_type_id, identification_number, nit_homologation) 
        VALUES ('0871', '2', NOW(), 1, 'Maria', 'Magdalena', 'Cañas', '', '', 1, 's/a', 0, 1, '', 'true');
        INSERT INTO loan_applications (loan_application_id, loan_application_number, application_date, agency_id, client_id, employee_id, destination_id, guarantee_type_id, amount, term, status) VALUES (0871, LPAD(0871, 8, '0'), '2024-07-06', 1, 0871, 2, 1, 1, 1200.0, 12, 'approved');
        INSERT INTO loans (loan_id, loan_number, loan_application_id, destination_id, approval_date, outlay_date, due_date, last_payment_date, next_payment_date, balance, status) VALUES (0871, LPAD(0871, 9, '0'), 0871, 1, '2024-07-06', '2024-07-08', NULL, '2024-10-21', NULL, 556.1200000000001, 'in_progress');
        INSERT INTO loan_deductions (loan_deduction_id, loan_id, financial_advice, iva_financial_advice, notarial_charges, registration_expenses, balance_cancellation, loan_cancellation_id, other_expenses, total_deductions, other_expenses_description) VALUES (0871, 0871, 36.0, 4.68, 0, 0, 0, NULL, 0.0, 391.67, '' );
        INSERT INTO outlay_conditions (outlay_condition_id, loan_id, type, date, place, amount, cash_to, check_to, bank, bank_account_number, bank_account_owner, local_account_number, local_account_owner) VALUES (NULL, 0871, 1, '2024-07-08', 'Agencia Central', 808.33, NULL, NULL, NULL, NULL, NULL, NULL, NULL);
        INSERT INTO amortizations (amortization_id, amortizationable_id, amortizationable_type, date, amount, term, interest_rate, include_iva, include_insurance, payment, payment_frequency_id, amortization_method_id, last_payment_date)  VALUES ( NULL, 0871,  'App\\Models\\Loan',  '2024-07-08',  1200.0,  12,  3.25, 4.68, '1', 122.96, 3, 2, '2024-10-21');
        INSERT INTO amortizations (amortization_id, amortizationable_id, amortizationable_type, date, amount, term, interest_rate, include_iva, include_insurance, payment, payment_frequency_id, amortization_method_id, last_payment_date) VALUES ( NULL, 0871, 'App\\Models\\LoanApplication', '2024-07-08', 1200.0, 12, 3.25, 4.68, 1, 122.96, 3, 2, '2024-10-21');

        INSERT INTO clients (client_id, employee_id, registration_date, client_type_id, first_name, second_name, first_surname, second_surname, married_name, family_status_id, phone_number, cellphone_number, identification_type_id, identification_number, nit_homologation) 
        VALUES ('0881', '1', NOW(), 1, 'Idalma', 'Lorena', 'Hernandez', 'De', 'Garcia', 1, 's/a', 0, 1, '', 'true');
        INSERT INTO loan_applications (loan_application_id, loan_application_number, application_date, agency_id, client_id, employee_id, destination_id, guarantee_type_id, amount, term, status) VALUES (0881, LPAD(0881, 8, '0'), 'NULL', 1, 0881, 1, 1, 1, 700.0, 12, 'approved');
        INSERT INTO loans (loan_id, loan_number, loan_application_id, destination_id, approval_date, outlay_date, due_date, last_payment_date, next_payment_date, balance, status) VALUES (0881, LPAD(0881, 9, '0'), 0881, 1, 'NULL', 'NULL', NULL, '2024-10-31', NULL, 327.03, 'in_progress');
        INSERT INTO loan_deductions (loan_deduction_id, loan_id, financial_advice, iva_financial_advice, notarial_charges, registration_expenses, balance_cancellation, loan_cancellation_id, other_expenses, total_deductions, other_expenses_description) VALUES (0881, 0881, 21.0, 2.73, 0, 0, 0, NULL, 0.0, 392.12, '' );
        INSERT INTO outlay_conditions (outlay_condition_id, loan_id, type, date, place, amount, cash_to, check_to, bank, bank_account_number, bank_account_owner, local_account_number, local_account_owner) VALUES (NULL, 0881, 1, 'NULL', 'Agencia Central', 307.88, NULL, NULL, NULL, NULL, NULL, NULL, NULL);
        INSERT INTO amortizations (amortization_id, amortizationable_id, amortizationable_type, date, amount, term, interest_rate, include_iva, include_insurance, payment, payment_frequency_id, amortization_method_id, last_payment_date)  VALUES ( NULL, 0881,  'App\\Models\\Loan',  'NULL',  700.0,  12,  3.43, 2.73, '0', 72.14, 3, 2, '2024-10-31');
        INSERT INTO amortizations (amortization_id, amortizationable_id, amortizationable_type, date, amount, term, interest_rate, include_iva, include_insurance, payment, payment_frequency_id, amortization_method_id, last_payment_date) VALUES ( NULL, 0881, 'App\\Models\\LoanApplication', 'NULL', 700.0, 12, 3.43, 2.73, 0, 72.14, 3, 2, '2024-10-31');

        INSERT INTO clients (client_id, employee_id, registration_date, client_type_id, first_name, second_name, first_surname, second_surname, married_name, family_status_id, phone_number, cellphone_number, identification_type_id, identification_number, nit_homologation) 
        VALUES ('0883', '1', NOW(), 1, 'Maria', 'Del', 'Socorro', 'Vasquez', '', 1, 's/a', 0, 1, '', 'true');
        INSERT INTO loan_applications (loan_application_id, loan_application_number, application_date, agency_id, client_id, employee_id, destination_id, guarantee_type_id, amount, term, status) VALUES (0883, LPAD(0883, 8, '0'), '2024-07-13', 1, 0883, 1, 1, 1, 500.0, 14, 'approved');
        INSERT INTO loans (loan_id, loan_number, loan_application_id, destination_id, approval_date, outlay_date, due_date, last_payment_date, next_payment_date, balance, status) VALUES (0883, LPAD(0883, 9, '0'), 0883, 1, '2024-07-13', '2024-07-15', NULL, '2024-09-03', NULL, 382.91, 'in_progress');
        INSERT INTO loan_deductions (loan_deduction_id, loan_id, financial_advice, iva_financial_advice, notarial_charges, registration_expenses, balance_cancellation, loan_cancellation_id, other_expenses, total_deductions, other_expenses_description) VALUES (0883, 0883, 15.0, 1.95, 0, 0, 0, NULL, 0.0, 167.17, '' );
        INSERT INTO outlay_conditions (outlay_condition_id, loan_id, type, date, place, amount, cash_to, check_to, bank, bank_account_number, bank_account_owner, local_account_number, local_account_owner) VALUES (NULL, 0883, 1, '2024-07-15', 'Agencia Central', 332.83, NULL, NULL, NULL, NULL, NULL, NULL, NULL);
        INSERT INTO amortizations (amortization_id, amortizationable_id, amortizationable_type, date, amount, term, interest_rate, include_iva, include_insurance, payment, payment_frequency_id, amortization_method_id, last_payment_date)  VALUES ( NULL, 0883,  'App\\Models\\Loan',  '2024-07-15',  500.0,  14,  1.45, 1.95, '0', 39.72, 1, 2, '2024-09-03');
        INSERT INTO amortizations (amortization_id, amortizationable_id, amortizationable_type, date, amount, term, interest_rate, include_iva, include_insurance, payment, payment_frequency_id, amortization_method_id, last_payment_date) VALUES ( NULL, 0883, 'App\\Models\\LoanApplication', '2024-07-15', 500.0, 14, 1.45, 1.95, 0, 39.72, 1, 2, '2024-09-03');

        INSERT INTO clients (client_id, employee_id, registration_date, client_type_id, first_name, second_name, first_surname, second_surname, married_name, family_status_id, phone_number, cellphone_number, identification_type_id, identification_number, nit_homologation) 
        VALUES ('0885', '1', NOW(), 1, 'Gabriela', 'Rubi', 'Machado', 'Reyes', '', 1, 's/a', 0, 1, '', 'true');
        INSERT INTO loan_applications (loan_application_id, loan_application_number, application_date, agency_id, client_id, employee_id, destination_id, guarantee_type_id, amount, term, status) VALUES (0885, LPAD(0885, 8, '0'), '2024-07-12', 1, 0885, 1, 1, 1, 500.0, 8, 'approved');
        INSERT INTO loans (loan_id, loan_number, loan_application_id, destination_id, approval_date, outlay_date, due_date, last_payment_date, next_payment_date, balance, status) VALUES (0885, LPAD(0885, 9, '0'), 0885, 1, '2024-07-12', '2024-07-16', NULL, '2024-10-01', NULL, 141.98, 'in_progress');
        INSERT INTO loan_deductions (loan_deduction_id, loan_id, financial_advice, iva_financial_advice, notarial_charges, registration_expenses, balance_cancellation, loan_cancellation_id, other_expenses, total_deductions, other_expenses_description) VALUES (0885, 0885, 15.0, 1.95, 0, 0, 0, NULL, 0.0, 16.95, '' );
        INSERT INTO outlay_conditions (outlay_condition_id, loan_id, type, date, place, amount, cash_to, check_to, bank, bank_account_number, bank_account_owner, local_account_number, local_account_owner) VALUES (NULL, 0885, 1, '2024-07-16', 'Agencia Central', 483.05, NULL, NULL, NULL, NULL, NULL, NULL, NULL);
        INSERT INTO amortizations (amortization_id, amortizationable_id, amortizationable_type, date, amount, term, interest_rate, include_iva, include_insurance, payment, payment_frequency_id, amortization_method_id, last_payment_date)  VALUES ( NULL, 0885,  'App\\Models\\Loan',  '2024-07-16',  500.0,  8,  3.3, 1.95, '0', 72.13, 3, 2, '2024-10-01');
        INSERT INTO amortizations (amortization_id, amortizationable_id, amortizationable_type, date, amount, term, interest_rate, include_iva, include_insurance, payment, payment_frequency_id, amortization_method_id, last_payment_date) VALUES ( NULL, 0885, 'App\\Models\\LoanApplication', '2024-07-16', 500.0, 8, 3.3, 1.95, 0, 72.13, 3, 2, '2024-10-01');

        INSERT INTO clients (client_id, employee_id, registration_date, client_type_id, first_name, second_name, first_surname, second_surname, married_name, family_status_id, phone_number, cellphone_number, identification_type_id, identification_number, nit_homologation) 
        VALUES ('0892', '2', NOW(), 1, 'Maria', 'Jose', 'Escobar', 'Mejia', '', 1, 's/a', 0, 1, '', 'true');
        INSERT INTO loan_applications (loan_application_id, loan_application_number, application_date, agency_id, client_id, employee_id, destination_id, guarantee_type_id, amount, term, status) VALUES (0892, LPAD(0892, 8, '0'), '2024-07-20', 1, 0892, 2, 1, 1, 3000.0, 48, 'approved');
        INSERT INTO loans (loan_id, loan_number, loan_application_id, destination_id, approval_date, outlay_date, due_date, last_payment_date, next_payment_date, balance, status) VALUES (0892, LPAD(0892, 9, '0'), 0892, 1, '2024-07-20', '2024-07-22', NULL, '2024-10-21', NULL, 2839.3500000000004, 'in_progress');
        INSERT INTO loan_deductions (loan_deduction_id, loan_id, financial_advice, iva_financial_advice, notarial_charges, registration_expenses, balance_cancellation, loan_cancellation_id, other_expenses, total_deductions, other_expenses_description) VALUES (0892, 0892, 90.0, 11.7, 0, 0, 0, NULL, 0.0, 454.18, '' );
        INSERT INTO outlay_conditions (outlay_condition_id, loan_id, type, date, place, amount, cash_to, check_to, bank, bank_account_number, bank_account_owner, local_account_number, local_account_owner) VALUES (NULL, 0892, 1, '2024-07-22', 'Agencia Central', 2545.82, NULL, NULL, NULL, NULL, NULL, NULL, NULL);
        INSERT INTO amortizations (amortization_id, amortizationable_id, amortizationable_type, date, amount, term, interest_rate, include_iva, include_insurance, payment, payment_frequency_id, amortization_method_id, last_payment_date)  VALUES ( NULL, 0892,  'App\\Models\\Loan',  '2024-07-22',  3000.0,  48,  3.6, 11.7, '1', 133.71, 3, 2, '2024-10-21');
        INSERT INTO amortizations (amortization_id, amortizationable_id, amortizationable_type, date, amount, term, interest_rate, include_iva, include_insurance, payment, payment_frequency_id, amortization_method_id, last_payment_date) VALUES ( NULL, 0892, 'App\\Models\\LoanApplication', '2024-07-22', 3000.0, 48, 3.6, 11.7, 1, 133.71, 3, 2, '2024-10-21');

        INSERT INTO clients (client_id, employee_id, registration_date, client_type_id, first_name, second_name, first_surname, second_surname, married_name, family_status_id, phone_number, cellphone_number, identification_type_id, identification_number, nit_homologation) 
        VALUES ('0893', '2', NOW(), 1, 'Daysi', 'Elizabeth', 'Aguilar', 'De', 'Molina', 1, 's/a', 0, 1, '', 'true');
        INSERT INTO loan_applications (loan_application_id, loan_application_number, application_date, agency_id, client_id, employee_id, destination_id, guarantee_type_id, amount, term, status) VALUES (0893, LPAD(0893, 8, '0'), '2024-07-19', 1, 0893, 2, 1, 1, 3000.0, 24, 'approved');
        INSERT INTO loans (loan_id, loan_number, loan_application_id, destination_id, approval_date, outlay_date, due_date, last_payment_date, next_payment_date, balance, status) VALUES (0893, LPAD(0893, 9, '0'), 0893, 1, '2024-07-19', '2024-07-22', NULL, '2024-10-30', NULL, 2833.0, 'in_progress');
        INSERT INTO loan_deductions (loan_deduction_id, loan_id, financial_advice, iva_financial_advice, notarial_charges, registration_expenses, balance_cancellation, loan_cancellation_id, other_expenses, total_deductions, other_expenses_description) VALUES (0893, 0893, 90.0, 11.7, 0, 0, 0, NULL, 0.0, 188.15, '' );
        INSERT INTO outlay_conditions (outlay_condition_id, loan_id, type, date, place, amount, cash_to, check_to, bank, bank_account_number, bank_account_owner, local_account_number, local_account_owner) VALUES (NULL, 0893, 1, '2024-07-22', 'Agencia Central', 2811.85, NULL, NULL, NULL, NULL, NULL, NULL, NULL);
        INSERT INTO amortizations (amortization_id, amortizationable_id, amortizationable_type, date, amount, term, interest_rate, include_iva, include_insurance, payment, payment_frequency_id, amortization_method_id, last_payment_date)  VALUES ( NULL, 0893,  'App\\Models\\Loan',  '2024-07-22',  3000.0,  24,  7.2, 11.7, '1', 269.18, 4, 2, '2024-10-30');
        INSERT INTO amortizations (amortization_id, amortizationable_id, amortizationable_type, date, amount, term, interest_rate, include_iva, include_insurance, payment, payment_frequency_id, amortization_method_id, last_payment_date) VALUES ( NULL, 0893, 'App\\Models\\LoanApplication', '2024-07-22', 3000.0, 24, 7.2, 11.7, 1, 269.18, 4, 2, '2024-10-30');

        INSERT INTO clients (client_id, employee_id, registration_date, client_type_id, first_name, second_name, first_surname, second_surname, married_name, family_status_id, phone_number, cellphone_number, identification_type_id, identification_number, nit_homologation) 
        VALUES ('0894', '2', NOW(), 1, 'Efrain', 'Humberto', 'Salazar', 'Zetino', '', 1, 's/a', 0, 1, '', 'true');
        INSERT INTO loan_applications (loan_application_id, loan_application_number, application_date, agency_id, client_id, employee_id, destination_id, guarantee_type_id, amount, term, status) VALUES (0894, LPAD(0894, 8, '0'), '2024-07-19', 1, 0894, 2, 1, 1, 500.0, 8, 'approved');
        INSERT INTO loans (loan_id, loan_number, loan_application_id, destination_id, approval_date, outlay_date, due_date, last_payment_date, next_payment_date, balance, status) VALUES (0894, LPAD(0894, 9, '0'), 0894, 1, '2024-07-19', '2024-07-22', NULL, '2024-09-10', NULL, 319.94000000000005, 'in_progress');
        INSERT INTO loan_deductions (loan_deduction_id, loan_id, financial_advice, iva_financial_advice, notarial_charges, registration_expenses, balance_cancellation, loan_cancellation_id, other_expenses, total_deductions, other_expenses_description) VALUES (0894, 0894, 15.0, 1.95, 0, 0, 0, NULL, 0.0, 16.95, '' );
        INSERT INTO outlay_conditions (outlay_condition_id, loan_id, type, date, place, amount, cash_to, check_to, bank, bank_account_number, bank_account_owner, local_account_number, local_account_owner) VALUES (NULL, 0894, 1, '2024-07-22', 'Agencia Central', 483.05, NULL, NULL, NULL, NULL, NULL, NULL, NULL);
        INSERT INTO amortizations (amortization_id, amortizationable_id, amortizationable_type, date, amount, term, interest_rate, include_iva, include_insurance, payment, payment_frequency_id, amortization_method_id, last_payment_date)  VALUES ( NULL, 0894,  'App\\Models\\Loan',  '2024-07-22',  500.0,  8,  3.3, 1.95, '0', 72.13, 3, 2, '2024-09-10');
        INSERT INTO amortizations (amortization_id, amortizationable_id, amortizationable_type, date, amount, term, interest_rate, include_iva, include_insurance, payment, payment_frequency_id, amortization_method_id, last_payment_date) VALUES ( NULL, 0894, 'App\\Models\\LoanApplication', '2024-07-22', 500.0, 8, 3.3, 1.95, 0, 72.13, 3, 2, '2024-09-10');

        INSERT INTO clients (client_id, employee_id, registration_date, client_type_id, first_name, second_name, first_surname, second_surname, married_name, family_status_id, phone_number, cellphone_number, identification_type_id, identification_number, nit_homologation) 
        VALUES ('0905', '1', NOW(), 1, 'Guillermo', 'Ernesto', 'Escobar', 'Garcia', '', 1, 's/a', 0, 1, '', 'true');
        INSERT INTO loan_applications (loan_application_id, loan_application_number, application_date, agency_id, client_id, employee_id, destination_id, guarantee_type_id, amount, term, status) VALUES (0905, LPAD(0905, 8, '0'), '2024-07-24', 1, 0905, 1, 1, 1, 400.0, 8, 'approved');
        INSERT INTO loans (loan_id, loan_number, loan_application_id, destination_id, approval_date, outlay_date, due_date, last_payment_date, next_payment_date, balance, status) VALUES (0905, LPAD(0905, 9, '0'), 0905, 1, '2024-07-24', '2024-07-26', NULL, '2024-09-19', NULL, 249.13000000000002, 'in_progress');
        INSERT INTO loan_deductions (loan_deduction_id, loan_id, financial_advice, iva_financial_advice, notarial_charges, registration_expenses, balance_cancellation, loan_cancellation_id, other_expenses, total_deductions, other_expenses_description) VALUES (0905, 0905, 12.0, 1.56, 0, 0, 0, NULL, 0.0, 13.56, '' );
        INSERT INTO outlay_conditions (outlay_condition_id, loan_id, type, date, place, amount, cash_to, check_to, bank, bank_account_number, bank_account_owner, local_account_number, local_account_owner) VALUES (NULL, 0905, 1, '2024-07-26', 'Agencia Central', 386.44, NULL, NULL, NULL, NULL, NULL, NULL, NULL);
        INSERT INTO amortizations (amortization_id, amortizationable_id, amortizationable_type, date, amount, term, interest_rate, include_iva, include_insurance, payment, payment_frequency_id, amortization_method_id, last_payment_date)  VALUES ( NULL, 0905,  'App\\Models\\Loan',  '2024-07-26',  400.0,  8,  3.3, 1.56, '0', 57.71, 3, 2, '2024-09-19');
        INSERT INTO amortizations (amortization_id, amortizationable_id, amortizationable_type, date, amount, term, interest_rate, include_iva, include_insurance, payment, payment_frequency_id, amortization_method_id, last_payment_date) VALUES ( NULL, 0905, 'App\\Models\\LoanApplication', '2024-07-26', 400.0, 8, 3.3, 1.56, 0, 57.71, 3, 2, '2024-09-19');

        INSERT INTO clients (client_id, employee_id, registration_date, client_type_id, first_name, second_name, first_surname, second_surname, married_name, family_status_id, phone_number, cellphone_number, identification_type_id, identification_number, nit_homologation) 
        VALUES ('0907', '1', NOW(), 1, 'Steven', 'Eduardo', 'Palma', 'Rodas', '', 1, 's/a', 0, 1, '', 'true');
        INSERT INTO loan_applications (loan_application_id, loan_application_number, application_date, agency_id, client_id, employee_id, destination_id, guarantee_type_id, amount, term, status) VALUES (0907, LPAD(0907, 8, '0'), '2024-07-24', 1, 0907, 1, 1, 1, 500.0, 8, 'approved');
        INSERT INTO loans (loan_id, loan_number, loan_application_id, destination_id, approval_date, outlay_date, due_date, last_payment_date, next_payment_date, balance, status) VALUES (0907, LPAD(0907, 9, '0'), 0907, 1, '2024-07-24', '2024-07-26', NULL, '2024-10-28', NULL, 295.11999999999995, 'in_progress');
        INSERT INTO loan_deductions (loan_deduction_id, loan_id, financial_advice, iva_financial_advice, notarial_charges, registration_expenses, balance_cancellation, loan_cancellation_id, other_expenses, total_deductions, other_expenses_description) VALUES (0907, 0907, 15.0, 1.95, 0, 0, 0, NULL, 0.0, 16.95, '' );
        INSERT INTO outlay_conditions (outlay_condition_id, loan_id, type, date, place, amount, cash_to, check_to, bank, bank_account_number, bank_account_owner, local_account_number, local_account_owner) VALUES (NULL, 0907, 1, '2024-07-26', 'Agencia Central', 483.05, NULL, NULL, NULL, NULL, NULL, NULL, NULL);
        INSERT INTO amortizations (amortization_id, amortizationable_id, amortizationable_type, date, amount, term, interest_rate, include_iva, include_insurance, payment, payment_frequency_id, amortization_method_id, last_payment_date)  VALUES ( NULL, 0907,  'App\\Models\\Loan',  '2024-07-26',  500.0,  8,  3.3, 1.95, '0', 72.13, 3, 2, '2024-10-28');
        INSERT INTO amortizations (amortization_id, amortizationable_id, amortizationable_type, date, amount, term, interest_rate, include_iva, include_insurance, payment, payment_frequency_id, amortization_method_id, last_payment_date) VALUES ( NULL, 0907, 'App\\Models\\LoanApplication', '2024-07-26', 500.0, 8, 3.3, 1.95, 0, 72.13, 3, 2, '2024-10-28');

        INSERT INTO clients (client_id, employee_id, registration_date, client_type_id, first_name, second_name, first_surname, second_surname, married_name, family_status_id, phone_number, cellphone_number, identification_type_id, identification_number, nit_homologation) 
        VALUES ('0909', '1', NOW(), 1, 'Jose', 'Anibal', 'Mejia', 'Huezo', '', 1, 's/a', 0, 1, '', 'true');
        INSERT INTO loan_applications (loan_application_id, loan_application_number, application_date, agency_id, client_id, employee_id, destination_id, guarantee_type_id, amount, term, status) VALUES (0909, LPAD(0909, 8, '0'), '2024-07-25', 1, 0909, 1, 1, 1, 600.0, 12, 'approved');
        INSERT INTO loans (loan_id, loan_number, loan_application_id, destination_id, approval_date, outlay_date, due_date, last_payment_date, next_payment_date, balance, status) VALUES (0909, LPAD(0909, 9, '0'), 0909, 1, '2024-07-25', '2024-07-26', NULL, '2024-10-24', NULL, 328.38000000000005, 'in_progress');
        INSERT INTO loan_deductions (loan_deduction_id, loan_id, financial_advice, iva_financial_advice, notarial_charges, registration_expenses, balance_cancellation, loan_cancellation_id, other_expenses, total_deductions, other_expenses_description) VALUES (0909, 0909, 18.0, 2.34, 0, 0, 0, NULL, 0.0, 358.27, '' );
        INSERT INTO outlay_conditions (outlay_condition_id, loan_id, type, date, place, amount, cash_to, check_to, bank, bank_account_number, bank_account_owner, local_account_number, local_account_owner) VALUES (NULL, 0909, 1, '2024-07-26', 'Agencia Central', 241.73, NULL, NULL, NULL, NULL, NULL, NULL, NULL);
        INSERT INTO amortizations (amortization_id, amortizationable_id, amortizationable_type, date, amount, term, interest_rate, include_iva, include_insurance, payment, payment_frequency_id, amortization_method_id, last_payment_date)  VALUES ( NULL, 0909,  'App\\Models\\Loan',  '2024-07-26',  600.0,  12,  3.31, 2.34, '0', 61.4, 3, 2, '2024-10-24');
        INSERT INTO amortizations (amortization_id, amortizationable_id, amortizationable_type, date, amount, term, interest_rate, include_iva, include_insurance, payment, payment_frequency_id, amortization_method_id, last_payment_date) VALUES ( NULL, 0909, 'App\\Models\\LoanApplication', '2024-07-26', 600.0, 12, 3.31, 2.34, 0, 61.4, 3, 2, '2024-10-24');

        INSERT INTO clients (client_id, employee_id, registration_date, client_type_id, first_name, second_name, first_surname, second_surname, married_name, family_status_id, phone_number, cellphone_number, identification_type_id, identification_number, nit_homologation) 
        VALUES ('0913', '1', NOW(), 1, 'Claudia', 'Lorena', 'Pintin', 'Aguilar', '', 1, 's/a', 0, 1, '', 'true');
        INSERT INTO loan_applications (loan_application_id, loan_application_number, application_date, agency_id, client_id, employee_id, destination_id, guarantee_type_id, amount, term, status) VALUES (0913, LPAD(0913, 8, '0'), '2024-07-27', 1, 0913, 1, 1, 1, 171.37, 7, 'approved');
        INSERT INTO loans (loan_id, loan_number, loan_application_id, destination_id, approval_date, outlay_date, due_date, last_payment_date, next_payment_date, balance, status) VALUES (0913, LPAD(0913, 9, '0'), 0913, 1, '2024-07-27', '2024-07-29', NULL, '202427-09-24-10-21', NULL, 77.79999999999998, 'in_progress');
        INSERT INTO loan_deductions (loan_deduction_id, loan_id, financial_advice, iva_financial_advice, notarial_charges, registration_expenses, balance_cancellation, loan_cancellation_id, other_expenses, total_deductions, other_expenses_description) VALUES (0913, 0913, 4.97, 0.65, 0, 0, 0, NULL, 165.750757, 171.37, '' );
        INSERT INTO outlay_conditions (outlay_condition_id, loan_id, type, date, place, amount, cash_to, check_to, bank, bank_account_number, bank_account_owner, local_account_number, local_account_owner) VALUES (NULL, 0913, 1, '2024-07-29', 'Agencia Central', 0.0, NULL, NULL, NULL, NULL, NULL, NULL, NULL);
        INSERT INTO amortizations (amortization_id, amortizationable_id, amortizationable_type, date, amount, term, interest_rate, include_iva, include_insurance, payment, payment_frequency_id, amortization_method_id, last_payment_date)  VALUES ( NULL, 0913,  'App\\Models\\Loan',  '2024-07-29',  171.37,  7,  3.0, 0.65, '0', 27.51, 3, 2, '202427-09-24-10-21');
        INSERT INTO amortizations (amortization_id, amortizationable_id, amortizationable_type, date, amount, term, interest_rate, include_iva, include_insurance, payment, payment_frequency_id, amortization_method_id, last_payment_date) VALUES ( NULL, 0913, 'App\\Models\\LoanApplication', '2024-07-29', 171.37, 7, 3.0, 0.65, 0, 27.51, 3, 2, '202427-09-24-10-21');

        INSERT INTO clients (client_id, employee_id, registration_date, client_type_id, first_name, second_name, first_surname, second_surname, married_name, family_status_id, phone_number, cellphone_number, identification_type_id, identification_number, nit_homologation) 
        VALUES ('0914', '2', NOW(), 1, 'Rosario', 'Urias', 'De', 'Portillo', 'Portillo', 1, 's/a', 0, 1, '', 'true');
        INSERT INTO loan_applications (loan_application_id, loan_application_number, application_date, agency_id, client_id, employee_id, destination_id, guarantee_type_id, amount, term, status) VALUES (0914, LPAD(0914, 8, '0'), '2024-07-29', 1, 0914, 2, 1, 1, 1300.0, 14, 'approved');
        INSERT INTO loans (loan_id, loan_number, loan_application_id, destination_id, approval_date, outlay_date, due_date, last_payment_date, next_payment_date, balance, status) VALUES (0914, LPAD(0914, 9, '0'), 0914, 1, '2024-07-29', '2024-07-30', NULL, '2024-10-29', NULL, 92.75000000000009, 'in_progress');
        INSERT INTO loan_deductions (loan_deduction_id, loan_id, financial_advice, iva_financial_advice, notarial_charges, registration_expenses, balance_cancellation, loan_cancellation_id, other_expenses, total_deductions, other_expenses_description) VALUES (0914, 0914, 39.0, 5.07, 0, 0, 0, NULL, 0.0, 632.95, '' );
        INSERT INTO outlay_conditions (outlay_condition_id, loan_id, type, date, place, amount, cash_to, check_to, bank, bank_account_number, bank_account_owner, local_account_number, local_account_owner) VALUES (NULL, 0914, 1, '2024-07-30', 'Agencia Central', 667.05, NULL, NULL, NULL, NULL, NULL, NULL, NULL);
        INSERT INTO amortizations (amortization_id, amortizationable_id, amortizationable_type, date, amount, term, interest_rate, include_iva, include_insurance, payment, payment_frequency_id, amortization_method_id, last_payment_date)  VALUES ( NULL, 0914,  'App\\Models\\Loan',  '2024-07-30',  1300.0,  14,  1.5, 5.07, '0', 103.64, 1, 2, '2024-10-29');
        INSERT INTO amortizations (amortization_id, amortizationable_id, amortizationable_type, date, amount, term, interest_rate, include_iva, include_insurance, payment, payment_frequency_id, amortization_method_id, last_payment_date) VALUES ( NULL, 0914, 'App\\Models\\LoanApplication', '2024-07-30', 1300.0, 14, 1.5, 5.07, 0, 103.64, 1, 2, '2024-10-29');

        INSERT INTO clients (client_id, employee_id, registration_date, client_type_id, first_name, second_name, first_surname, second_surname, married_name, family_status_id, phone_number, cellphone_number, identification_type_id, identification_number, nit_homologation) 
        VALUES ('0915', '1', NOW(), 1, 'Gloria', 'Maribel', 'Marroquin', 'Baños', '', 1, 's/a', 0, 1, '', 'true');
        INSERT INTO loan_applications (loan_application_id, loan_application_number, application_date, agency_id, client_id, employee_id, destination_id, guarantee_type_id, amount, term, status) VALUES (0915, LPAD(0915, 8, '0'), '2024-07-29', 1, 0915, 1, 1, 1, 1000.0, 20, 'approved');
        INSERT INTO loans (loan_id, loan_number, loan_application_id, destination_id, approval_date, outlay_date, due_date, last_payment_date, next_payment_date, balance, status) VALUES (0915, LPAD(0915, 9, '0'), 0915, 1, '2024-07-29', '2024-07-30', NULL, '2024-10-28', NULL, 765.9199999999998, 'in_progress');
        INSERT INTO loan_deductions (loan_deduction_id, loan_id, financial_advice, iva_financial_advice, notarial_charges, registration_expenses, balance_cancellation, loan_cancellation_id, other_expenses, total_deductions, other_expenses_description) VALUES (0915, 0915, 30.0, 3.9, 0, 0, 0, NULL, 0.0, 323.74, '' );
        INSERT INTO outlay_conditions (outlay_condition_id, loan_id, type, date, place, amount, cash_to, check_to, bank, bank_account_number, bank_account_owner, local_account_number, local_account_owner) VALUES (NULL, 0915, 1, '2024-07-30', 'Agencia Central', 676.26, NULL, NULL, NULL, NULL, NULL, NULL, NULL);
        INSERT INTO amortizations (amortization_id, amortizationable_id, amortizationable_type, date, amount, term, interest_rate, include_iva, include_insurance, payment, payment_frequency_id, amortization_method_id, last_payment_date)  VALUES ( NULL, 0915,  'App\\Models\\Loan',  '2024-07-30',  1000.0,  20,  3.53, 3.9, '0', 70.55, 3, 2, '2024-10-28');
        INSERT INTO amortizations (amortization_id, amortizationable_id, amortizationable_type, date, amount, term, interest_rate, include_iva, include_insurance, payment, payment_frequency_id, amortization_method_id, last_payment_date) VALUES ( NULL, 0915, 'App\\Models\\LoanApplication', '2024-07-30', 1000.0, 20, 3.53, 3.9, 0, 70.55, 3, 2, '2024-10-28');

        INSERT INTO clients (client_id, employee_id, registration_date, client_type_id, first_name, second_name, first_surname, second_surname, married_name, family_status_id, phone_number, cellphone_number, identification_type_id, identification_number, nit_homologation) 
        VALUES ('0917', '1', NOW(), 1, 'Carlos', 'Rene', 'Orellana', 'Giron', '', 1, 's/a', 0, 1, '', 'true');
        INSERT INTO loan_applications (loan_application_id, loan_application_number, application_date, agency_id, client_id, employee_id, destination_id, guarantee_type_id, amount, term, status) VALUES (0917, LPAD(0917, 8, '0'), '2024-07-29', 1, 0917, 1, 1, 1, 400.0, 14, 'approved');
        INSERT INTO loans (loan_id, loan_number, loan_application_id, destination_id, approval_date, outlay_date, due_date, last_payment_date, next_payment_date, balance, status) VALUES (0917, LPAD(0917, 9, '0'), 0917, 1, '2024-07-29', '2024-07-30', NULL, '2024-10-31', NULL, 46.62000000000007, 'in_progress');
        INSERT INTO loan_deductions (loan_deduction_id, loan_id, financial_advice, iva_financial_advice, notarial_charges, registration_expenses, balance_cancellation, loan_cancellation_id, other_expenses, total_deductions, other_expenses_description) VALUES (0917, 0917, 12.0, 1.56, 0, 0, 0, NULL, 0.0, 13.56, '' );
        INSERT INTO outlay_conditions (outlay_condition_id, loan_id, type, date, place, amount, cash_to, check_to, bank, bank_account_number, bank_account_owner, local_account_number, local_account_owner) VALUES (NULL, 0917, 1, '2024-07-30', 'Agencia Central', 386.44, NULL, NULL, NULL, NULL, NULL, NULL, NULL);
        INSERT INTO amortizations (amortization_id, amortizationable_id, amortizationable_type, date, amount, term, interest_rate, include_iva, include_insurance, payment, payment_frequency_id, amortization_method_id, last_payment_date)  VALUES ( NULL, 0917,  'App\\Models\\Loan',  '2024-07-30',  400.0,  14,  1.45, 1.56, '0', 31.78, 1, 2, '2024-10-31');
        INSERT INTO amortizations (amortization_id, amortizationable_id, amortizationable_type, date, amount, term, interest_rate, include_iva, include_insurance, payment, payment_frequency_id, amortization_method_id, last_payment_date) VALUES ( NULL, 0917, 'App\\Models\\LoanApplication', '2024-07-30', 400.0, 14, 1.45, 1.56, 0, 31.78, 1, 2, '2024-10-31');

        INSERT INTO clients (client_id, employee_id, registration_date, client_type_id, first_name, second_name, first_surname, second_surname, married_name, family_status_id, phone_number, cellphone_number, identification_type_id, identification_number, nit_homologation) 
        VALUES ('0919', '2', NOW(), 1, 'Santos', 'Alberto', 'Alfaro', '', '', 1, 's/a', 0, 1, '', 'true');
        INSERT INTO loan_applications (loan_application_id, loan_application_number, application_date, agency_id, client_id, employee_id, destination_id, guarantee_type_id, amount, term, status) VALUES (0919, LPAD(0919, 8, '0'), '2024-07-30', 1, 0919, 2, 1, 1, 1000.0, 12, 'approved');
        INSERT INTO loans (loan_id, loan_number, loan_application_id, destination_id, approval_date, outlay_date, due_date, last_payment_date, next_payment_date, balance, status) VALUES (0919, LPAD(0919, 9, '0'), 0919, 1, '2024-07-30', '2024-07-31', NULL, '2024-10-01', NULL, 883.68, 'in_progress');
        INSERT INTO loan_deductions (loan_deduction_id, loan_id, financial_advice, iva_financial_advice, notarial_charges, registration_expenses, balance_cancellation, loan_cancellation_id, other_expenses, total_deductions, other_expenses_description) VALUES (0919, 0919, 30.0, 3.9, 0, 0, 0, NULL, 0.0, 68.9, '' );
        INSERT INTO outlay_conditions (outlay_condition_id, loan_id, type, date, place, amount, cash_to, check_to, bank, bank_account_number, bank_account_owner, local_account_number, local_account_owner) VALUES (NULL, 0919, 1, '2024-07-31', 'Agencia Central', 931.1, NULL, NULL, NULL, NULL, NULL, NULL, NULL);
        INSERT INTO amortizations (amortization_id, amortizationable_id, amortizationable_type, date, amount, term, interest_rate, include_iva, include_insurance, payment, payment_frequency_id, amortization_method_id, last_payment_date)  VALUES ( NULL, 0919,  'App\\Models\\Loan',  '2024-07-31',  1000.0,  12,  6.98, 3.9, '1', 126.77, 4, 2, '2024-10-01');
        INSERT INTO amortizations (amortization_id, amortizationable_id, amortizationable_type, date, amount, term, interest_rate, include_iva, include_insurance, payment, payment_frequency_id, amortization_method_id, last_payment_date) VALUES ( NULL, 0919, 'App\\Models\\LoanApplication', '2024-07-31', 1000.0, 12, 6.98, 3.9, 1, 126.77, 4, 2, '2024-10-01');

        INSERT INTO clients (client_id, employee_id, registration_date, client_type_id, first_name, second_name, first_surname, second_surname, married_name, family_status_id, phone_number, cellphone_number, identification_type_id, identification_number, nit_homologation) 
        VALUES ('0092', '3', NOW(), 1, 'Gabriela', 'Patricia', 'Cabrera', '', '', 1, 's/a', 0, 1, '', 'true');
        INSERT INTO loan_applications (loan_application_id, loan_application_number, application_date, agency_id, client_id, employee_id, destination_id, guarantee_type_id, amount, term, status) VALUES (0092, LPAD(0092, 8, '0'), '2022-10-31', 1, 0092, 3, 1, 1, 400.0, 14, 'approved');
        INSERT INTO loans (loan_id, loan_number, loan_application_id, destination_id, approval_date, outlay_date, due_date, last_payment_date, next_payment_date, balance, status) VALUES (0092, LPAD(0092, 9, '0'), 0092, 1, '2022-10-31', '2022-11-01', NULL, '2022-11-21', NULL, 52.44, 'in_progress');
        INSERT INTO loan_deductions (loan_deduction_id, loan_id, financial_advice, iva_financial_advice, notarial_charges, registration_expenses, balance_cancellation, loan_cancellation_id, other_expenses, total_deductions, other_expenses_description) VALUES (0092, 0092, 12.0, 1.56, 0, 0, 0, NULL, 0.0, 15.52, '' );
        INSERT INTO outlay_conditions (outlay_condition_id, loan_id, type, date, place, amount, cash_to, check_to, bank, bank_account_number, bank_account_owner, local_account_number, local_account_owner) VALUES (NULL, 0092, 1, '2022-11-01', 'Agencia Central', 384.48, NULL, NULL, NULL, NULL, NULL, NULL, NULL);
        INSERT INTO amortizations (amortization_id, amortizationable_id, amortizationable_type, date, amount, term, interest_rate, include_iva, include_insurance, payment, payment_frequency_id, amortization_method_id, last_payment_date)  VALUES ( NULL, 0092,  'App\\Models\\Loan',  '2022-11-01',  400.0,  14,  4.8, 1.56, '0', 39.89, 1, 2, '2022-11-21');
        INSERT INTO amortizations (amortization_id, amortizationable_id, amortizationable_type, date, amount, term, interest_rate, include_iva, include_insurance, payment, payment_frequency_id, amortization_method_id, last_payment_date) VALUES ( NULL, 0092, 'App\\Models\\LoanApplication', '2022-11-01', 400.0, 14, 4.8, 1.56, 0, 39.89, 1, 2, '2022-11-21');

        INSERT INTO clients (client_id, employee_id, registration_date, client_type_id, first_name, second_name, first_surname, second_surname, married_name, family_status_id, phone_number, cellphone_number, identification_type_id, identification_number, nit_homologation) 
        VALUES ('0921', '1', NOW(), 1, 'Sandra', 'Marlene', 'Garcia', 'De', 'Quezada', 1, 's/a', 0, 1, '', 'true');
        INSERT INTO loan_applications (loan_application_id, loan_application_number, application_date, agency_id, client_id, employee_id, destination_id, guarantee_type_id, amount, term, status) VALUES (0921, LPAD(0921, 8, '0'), '2024-07-30', 1, 0921, 1, 1, 1, 300.0, 8, 'approved');
        INSERT INTO loans (loan_id, loan_number, loan_application_id, destination_id, approval_date, outlay_date, due_date, last_payment_date, next_payment_date, balance, status) VALUES (0921, LPAD(0921, 9, '0'), 0921, 1, '2024-07-30', '2024-07-31', NULL, '2024-10-28', NULL, 82.26999999999995, 'in_progress');
        INSERT INTO loan_deductions (loan_deduction_id, loan_id, financial_advice, iva_financial_advice, notarial_charges, registration_expenses, balance_cancellation, loan_cancellation_id, other_expenses, total_deductions, other_expenses_description) VALUES (0921, 0921, 9.0, 1.17, 0, 0, 0, NULL, 0.0, 10.17, '' );
        INSERT INTO outlay_conditions (outlay_condition_id, loan_id, type, date, place, amount, cash_to, check_to, bank, bank_account_number, bank_account_owner, local_account_number, local_account_owner) VALUES (NULL, 0921, 1, '2024-07-31', 'Agencia Central', 289.83, NULL, NULL, NULL, NULL, NULL, NULL, NULL);
        INSERT INTO amortizations (amortization_id, amortizationable_id, amortizationable_type, date, amount, term, interest_rate, include_iva, include_insurance, payment, payment_frequency_id, amortization_method_id, last_payment_date)  VALUES ( NULL, 0921,  'App\\Models\\Loan',  '2024-07-31',  300.0,  8,  3.3, 1.17, '0', 43.28, 3, 2, '2024-10-28');
        INSERT INTO amortizations (amortization_id, amortizationable_id, amortizationable_type, date, amount, term, interest_rate, include_iva, include_insurance, payment, payment_frequency_id, amortization_method_id, last_payment_date) VALUES ( NULL, 0921, 'App\\Models\\LoanApplication', '2024-07-31', 300.0, 8, 3.3, 1.17, 0, 43.28, 3, 2, '2024-10-28');

        INSERT INTO clients (client_id, employee_id, registration_date, client_type_id, first_name, second_name, first_surname, second_surname, married_name, family_status_id, phone_number, cellphone_number, identification_type_id, identification_number, nit_homologation) 
        VALUES ('0924', '1', NOW(), 1, 'Marlon', 'Stanley', 'Salinas', 'Landaverde', '', 1, 's/a', 0, 1, '', 'true');
        INSERT INTO loan_applications (loan_application_id, loan_application_number, application_date, agency_id, client_id, employee_id, destination_id, guarantee_type_id, amount, term, status) VALUES (0924, LPAD(0924, 8, '0'), 'NULL', 1, 0924, 1, 1, 1, 500.0, 8, 'approved');
        INSERT INTO loans (loan_id, loan_number, loan_application_id, destination_id, approval_date, outlay_date, due_date, last_payment_date, next_payment_date, balance, status) VALUES (0924, LPAD(0924, 9, '0'), 0924, 1, 'NULL', 'NULL', NULL, '2024-10-24', NULL, 202.82, 'in_progress');
        INSERT INTO loan_deductions (loan_deduction_id, loan_id, financial_advice, iva_financial_advice, notarial_charges, registration_expenses, balance_cancellation, loan_cancellation_id, other_expenses, total_deductions, other_expenses_description) VALUES (0924, 0924, 15.0, 1.95, 0, 0, 0, NULL, 0.0, 125.87, '' );
        INSERT INTO outlay_conditions (outlay_condition_id, loan_id, type, date, place, amount, cash_to, check_to, bank, bank_account_number, bank_account_owner, local_account_number, local_account_owner) VALUES (NULL, 0924, 1, 'NULL', 'Agencia Central', 374.13, NULL, NULL, NULL, NULL, NULL, NULL, NULL);
        INSERT INTO amortizations (amortization_id, amortizationable_id, amortizationable_type, date, amount, term, interest_rate, include_iva, include_insurance, payment, payment_frequency_id, amortization_method_id, last_payment_date)  VALUES ( NULL, 0924,  'App\\Models\\Loan',  'NULL',  500.0,  8,  3.3, 1.95, '0', 72.13, 3, 2, '2024-10-24');
        INSERT INTO amortizations (amortization_id, amortizationable_id, amortizationable_type, date, amount, term, interest_rate, include_iva, include_insurance, payment, payment_frequency_id, amortization_method_id, last_payment_date) VALUES ( NULL, 0924, 'App\\Models\\LoanApplication', 'NULL', 500.0, 8, 3.3, 1.95, 0, 72.13, 3, 2, '2024-10-24');

        INSERT INTO clients (client_id, employee_id, registration_date, client_type_id, first_name, second_name, first_surname, second_surname, married_name, family_status_id, phone_number, cellphone_number, identification_type_id, identification_number, nit_homologation) 
        VALUES ('0926', '1', NOW(), 1, 'Saul', 'Alberto', 'Hernandez', 'Figueroa', '', 1, 's/a', 0, 1, '', 'true');
        INSERT INTO loan_applications (loan_application_id, loan_application_number, application_date, agency_id, client_id, employee_id, destination_id, guarantee_type_id, amount, term, status) VALUES (0926, LPAD(0926, 8, '0'), '2024-08-05', 1, 0926, 1, 1, 1, 1300.0, 36, 'approved');
        INSERT INTO loans (loan_id, loan_number, loan_application_id, destination_id, approval_date, outlay_date, due_date, last_payment_date, next_payment_date, balance, status) VALUES (0926, LPAD(0926, 9, '0'), 0926, 1, '2024-08-05', '2024-08-07', NULL, '2024-10-07', NULL, 1257.98, 'in_progress');
        INSERT INTO loan_deductions (loan_deduction_id, loan_id, financial_advice, iva_financial_advice, notarial_charges, registration_expenses, balance_cancellation, loan_cancellation_id, other_expenses, total_deductions, other_expenses_description) VALUES (0926, 0926, 39.0, 5.07, 0, 0, 0, NULL, 0.0, 744.33, '' );
        INSERT INTO outlay_conditions (outlay_condition_id, loan_id, type, date, place, amount, cash_to, check_to, bank, bank_account_number, bank_account_owner, local_account_number, local_account_owner) VALUES (NULL, 0926, 1, '2024-08-07', 'Agencia Central', 555.67, NULL, NULL, NULL, NULL, NULL, NULL, NULL);
        INSERT INTO amortizations (amortization_id, amortizationable_id, amortizationable_type, date, amount, term, interest_rate, include_iva, include_insurance, payment, payment_frequency_id, amortization_method_id, last_payment_date)  VALUES ( NULL, 0926,  'App\\Models\\Loan',  '2024-08-07',  1300.0,  36,  3.0, 5.07, '1', 60.84, 4, 2, '2024-10-07');
        INSERT INTO amortizations (amortization_id, amortizationable_id, amortizationable_type, date, amount, term, interest_rate, include_iva, include_insurance, payment, payment_frequency_id, amortization_method_id, last_payment_date) VALUES ( NULL, 0926, 'App\\Models\\LoanApplication', '2024-08-07', 1300.0, 36, 3.0, 5.07, 1, 60.84, 4, 2, '2024-10-07');

        INSERT INTO clients (client_id, employee_id, registration_date, client_type_id, first_name, second_name, first_surname, second_surname, married_name, family_status_id, phone_number, cellphone_number, identification_type_id, identification_number, nit_homologation) 
        VALUES ('0931', '2', NOW(), 1, 'Mirian', 'Celestina', 'Castaneda', 'Cortez', '', 1, 's/a', 0, 1, '', 'true');
        INSERT INTO loan_applications (loan_application_id, loan_application_number, application_date, agency_id, client_id, employee_id, destination_id, guarantee_type_id, amount, term, status) VALUES (0931, LPAD(0931, 8, '0'), '2024-08-10', 1, 0931, 2, 1, 1, 700.0, 14, 'approved');
        INSERT INTO loans (loan_id, loan_number, loan_application_id, destination_id, approval_date, outlay_date, due_date, last_payment_date, next_payment_date, balance, status) VALUES (0931, LPAD(0931, 9, '0'), 0931, 1, '2024-08-10', '2024-08-12', NULL, '2024-10-29', NULL, 160.92000000000007, 'in_progress');
        INSERT INTO loan_deductions (loan_deduction_id, loan_id, financial_advice, iva_financial_advice, notarial_charges, registration_expenses, balance_cancellation, loan_cancellation_id, other_expenses, total_deductions, other_expenses_description) VALUES (0931, 0931, 21.0, 2.73, 0, 0, 0, NULL, 0.0, 113.57, '' );
        INSERT INTO outlay_conditions (outlay_condition_id, loan_id, type, date, place, amount, cash_to, check_to, bank, bank_account_number, bank_account_owner, local_account_number, local_account_owner) VALUES (NULL, 0931, 1, '2024-08-12', 'Agencia Central', 586.43, NULL, NULL, NULL, NULL, NULL, NULL, NULL);
        INSERT INTO amortizations (amortization_id, amortizationable_id, amortizationable_type, date, amount, term, interest_rate, include_iva, include_insurance, payment, payment_frequency_id, amortization_method_id, last_payment_date)  VALUES ( NULL, 0931,  'App\\Models\\Loan',  '2024-08-12',  700.0,  14,  1.5, 2.73, '0', 55.81, 1, 2, '2024-10-29');
        INSERT INTO amortizations (amortization_id, amortizationable_id, amortizationable_type, date, amount, term, interest_rate, include_iva, include_insurance, payment, payment_frequency_id, amortization_method_id, last_payment_date) VALUES ( NULL, 0931, 'App\\Models\\LoanApplication', '2024-08-12', 700.0, 14, 1.5, 2.73, 0, 55.81, 1, 2, '2024-10-29');

        INSERT INTO clients (client_id, employee_id, registration_date, client_type_id, first_name, second_name, first_surname, second_surname, married_name, family_status_id, phone_number, cellphone_number, identification_type_id, identification_number, nit_homologation) 
        VALUES ('0932', '1', NOW(), 1, 'Claudia', 'Lorena', 'Najarro', 'Santamaria', '', 1, 's/a', 0, 1, '', 'true');
        INSERT INTO loan_applications (loan_application_id, loan_application_number, application_date, agency_id, client_id, employee_id, destination_id, guarantee_type_id, amount, term, status) VALUES (0932, LPAD(0932, 8, '0'), '2024-08-10', 1, 0932, 1, 1, 1, 300.0, 14, 'approved');
        INSERT INTO loans (loan_id, loan_number, loan_application_id, destination_id, approval_date, outlay_date, due_date, last_payment_date, next_payment_date, balance, status) VALUES (0932, LPAD(0932, 9, '0'), 0932, 1, '2024-08-10', '2024-08-12', NULL, '2024-10-25', NULL, 52.179999999999964, 'in_progress');
        INSERT INTO loan_deductions (loan_deduction_id, loan_id, financial_advice, iva_financial_advice, notarial_charges, registration_expenses, balance_cancellation, loan_cancellation_id, other_expenses, total_deductions, other_expenses_description) VALUES (0932, 0932, 9.0, 1.17, 0, 0, 0, NULL, 0.0, 165.56, '' );
        INSERT INTO outlay_conditions (outlay_condition_id, loan_id, type, date, place, amount, cash_to, check_to, bank, bank_account_number, bank_account_owner, local_account_number, local_account_owner) VALUES (NULL, 0932, 1, '2024-08-12', 'Agencia Central', 134.44, NULL, NULL, NULL, NULL, NULL, NULL, NULL);
        INSERT INTO amortizations (amortization_id, amortizationable_id, amortizationable_type, date, amount, term, interest_rate, include_iva, include_insurance, payment, payment_frequency_id, amortization_method_id, last_payment_date)  VALUES ( NULL, 0932,  'App\\Models\\Loan',  '2024-08-12',  300.0,  14,  1.45, 1.17, '0', 23.83, 1, 2, '2024-10-25');
        INSERT INTO amortizations (amortization_id, amortizationable_id, amortizationable_type, date, amount, term, interest_rate, include_iva, include_insurance, payment, payment_frequency_id, amortization_method_id, last_payment_date) VALUES ( NULL, 0932, 'App\\Models\\LoanApplication', '2024-08-12', 300.0, 14, 1.45, 1.17, 0, 23.83, 1, 2, '2024-10-25');

        INSERT INTO clients (client_id, employee_id, registration_date, client_type_id, first_name, second_name, first_surname, second_surname, married_name, family_status_id, phone_number, cellphone_number, identification_type_id, identification_number, nit_homologation) 
        VALUES ('0933', '1', NOW(), 1, 'Margarita', 'Quezada', 'Viuda', 'De', 'Piecho', 1, 's/a', 0, 1, '', 'true');
        INSERT INTO loan_applications (loan_application_id, loan_application_number, application_date, agency_id, client_id, employee_id, destination_id, guarantee_type_id, amount, term, status) VALUES (0933, LPAD(0933, 8, '0'), '2024-08-12', 1, 0933, 1, 1, 1, 2500.0, 24, 'approved');
        INSERT INTO loans (loan_id, loan_number, loan_application_id, destination_id, approval_date, outlay_date, due_date, last_payment_date, next_payment_date, balance, status) VALUES (0933, LPAD(0933, 9, '0'), 0933, 1, '2024-08-12', '2024-08-13', NULL, '2024-10-28', NULL, 2108.45, 'in_progress');
        INSERT INTO loan_deductions (loan_deduction_id, loan_id, financial_advice, iva_financial_advice, notarial_charges, registration_expenses, balance_cancellation, loan_cancellation_id, other_expenses, total_deductions, other_expenses_description) VALUES (0933, 0933, 75.0, 9.75, 0, 0, 0, NULL, 0.0, 1556.48, '' );
        INSERT INTO outlay_conditions (outlay_condition_id, loan_id, type, date, place, amount, cash_to, check_to, bank, bank_account_number, bank_account_owner, local_account_number, local_account_owner) VALUES (NULL, 0933, 1, '2024-08-13', 'Agencia Central', 943.52, NULL, NULL, NULL, NULL, NULL, NULL, NULL);
        INSERT INTO amortizations (amortization_id, amortizationable_id, amortizationable_type, date, amount, term, interest_rate, include_iva, include_insurance, payment, payment_frequency_id, amortization_method_id, last_payment_date)  VALUES ( NULL, 0933,  'App\\Models\\Loan',  '2024-08-13',  2500.0,  24,  3.0, 9.75, '1', 148.87, 3, 2, '2024-10-28');
        INSERT INTO amortizations (amortization_id, amortizationable_id, amortizationable_type, date, amount, term, interest_rate, include_iva, include_insurance, payment, payment_frequency_id, amortization_method_id, last_payment_date) VALUES ( NULL, 0933, 'App\\Models\\LoanApplication', '2024-08-13', 2500.0, 24, 3.0, 9.75, 1, 148.87, 3, 2, '2024-10-28');

        INSERT INTO clients (client_id, employee_id, registration_date, client_type_id, first_name, second_name, first_surname, second_surname, married_name, family_status_id, phone_number, cellphone_number, identification_type_id, identification_number, nit_homologation) 
        VALUES ('0936', '2', NOW(), 1, 'Ronald', 'Osvaldo', 'Zeledon', 'Martinez', '', 1, 's/a', 0, 1, '', 'true');
        INSERT INTO loan_applications (loan_application_id, loan_application_number, application_date, agency_id, client_id, employee_id, destination_id, guarantee_type_id, amount, term, status) VALUES (0936, LPAD(0936, 8, '0'), '2024-08-13', 1, 0936, 2, 1, 1, 1000.0, 12, 'approved');
        INSERT INTO loans (loan_id, loan_number, loan_application_id, destination_id, approval_date, outlay_date, due_date, last_payment_date, next_payment_date, balance, status) VALUES (0936, LPAD(0936, 9, '0'), 0936, 1, '2024-08-13', '2024-08-14', NULL, '2024-10-14', NULL, 884.16, 'in_progress');
        INSERT INTO loan_deductions (loan_deduction_id, loan_id, financial_advice, iva_financial_advice, notarial_charges, registration_expenses, balance_cancellation, loan_cancellation_id, other_expenses, total_deductions, other_expenses_description) VALUES (0936, 0936, 30.0, 3.9, 0, 0, 0, NULL, 0.0, 120.35, '' );
        INSERT INTO outlay_conditions (outlay_condition_id, loan_id, type, date, place, amount, cash_to, check_to, bank, bank_account_number, bank_account_owner, local_account_number, local_account_owner) VALUES (NULL, 0936, 1, '2024-08-14', 'Agencia Central', 879.65, NULL, NULL, NULL, NULL, NULL, NULL, NULL);
        INSERT INTO amortizations (amortization_id, amortizationable_id, amortizationable_type, date, amount, term, interest_rate, include_iva, include_insurance, payment, payment_frequency_id, amortization_method_id, last_payment_date)  VALUES ( NULL, 0936,  'App\\Models\\Loan',  '2024-08-14',  1000.0,  12,  6.98, 3.9, '0', 125.77, 4, 2, '2024-10-14');
        INSERT INTO amortizations (amortization_id, amortizationable_id, amortizationable_type, date, amount, term, interest_rate, include_iva, include_insurance, payment, payment_frequency_id, amortization_method_id, last_payment_date) VALUES ( NULL, 0936, 'App\\Models\\LoanApplication', '2024-08-14', 1000.0, 12, 6.98, 3.9, 0, 125.77, 4, 2, '2024-10-14');

        INSERT INTO clients (client_id, employee_id, registration_date, client_type_id, first_name, second_name, first_surname, second_surname, married_name, family_status_id, phone_number, cellphone_number, identification_type_id, identification_number, nit_homologation) 
        VALUES ('0937', '1', NOW(), 1, 'Lissette', 'Jacqueline', 'Martinez', 'De', 'Carranza', 1, 's/a', 0, 1, '', 'true');
        INSERT INTO loan_applications (loan_application_id, loan_application_number, application_date, agency_id, client_id, employee_id, destination_id, guarantee_type_id, amount, term, status) VALUES (0937, LPAD(0937, 8, '0'), '2024-08-13', 1, 0937, 1, 1, 1, 1500.0, 10, 'approved');
        INSERT INTO loans (loan_id, loan_number, loan_application_id, destination_id, approval_date, outlay_date, due_date, last_payment_date, next_payment_date, balance, status) VALUES (0937, LPAD(0937, 9, '0'), 0937, 1, '2024-08-13', '2024-08-14', NULL, '2024-10-28', NULL, 804.5600000000001, 'in_progress');
        INSERT INTO loan_deductions (loan_deduction_id, loan_id, financial_advice, iva_financial_advice, notarial_charges, registration_expenses, balance_cancellation, loan_cancellation_id, other_expenses, total_deductions, other_expenses_description) VALUES (0937, 0937, 45.0, 5.85, 0, 0, 0, NULL, 0.0, 778.13, '' );
        INSERT INTO outlay_conditions (outlay_condition_id, loan_id, type, date, place, amount, cash_to, check_to, bank, bank_account_number, bank_account_owner, local_account_number, local_account_owner) VALUES (NULL, 0937, 1, '2024-08-14', 'Agencia Central', 721.87, NULL, NULL, NULL, NULL, NULL, NULL, NULL);
        INSERT INTO amortizations (amortization_id, amortizationable_id, amortizationable_type, date, amount, term, interest_rate, include_iva, include_insurance, payment, payment_frequency_id, amortization_method_id, last_payment_date)  VALUES ( NULL, 0937,  'App\\Models\\Loan',  '2024-08-14',  1500.0,  10,  3.2, 5.85, '0', 177.65, 3, 2, '2024-10-28');
        INSERT INTO amortizations (amortization_id, amortizationable_id, amortizationable_type, date, amount, term, interest_rate, include_iva, include_insurance, payment, payment_frequency_id, amortization_method_id, last_payment_date) VALUES ( NULL, 0937, 'App\\Models\\LoanApplication', '2024-08-14', 1500.0, 10, 3.2, 5.85, 0, 177.65, 3, 2, '2024-10-28');

        INSERT INTO clients (client_id, employee_id, registration_date, client_type_id, first_name, second_name, first_surname, second_surname, married_name, family_status_id, phone_number, cellphone_number, identification_type_id, identification_number, nit_homologation) 
        VALUES ('0940', '2', NOW(), 1, 'Alicia', 'Catalina', 'Gomez', 'De', 'Rivas', 1, 's/a', 0, 1, '', 'true');
        INSERT INTO loan_applications (loan_application_id, loan_application_number, application_date, agency_id, client_id, employee_id, destination_id, guarantee_type_id, amount, term, status) VALUES (0940, LPAD(0940, 8, '0'), '2024-08-14', 1, 0940, 2, 1, 1, 1000.0, 14, 'approved');
        INSERT INTO loans (loan_id, loan_number, loan_application_id, destination_id, approval_date, outlay_date, due_date, last_payment_date, next_payment_date, balance, status) VALUES (0940, LPAD(0940, 9, '0'), 0940, 1, '2024-08-14', '2024-08-16', NULL, '2024-10-25', NULL, 304.5099999999999, 'in_progress');
        INSERT INTO loan_deductions (loan_deduction_id, loan_id, financial_advice, iva_financial_advice, notarial_charges, registration_expenses, balance_cancellation, loan_cancellation_id, other_expenses, total_deductions, other_expenses_description) VALUES (0940, 0940, 30.0, 3.9, 0, 0, 0, NULL, 0.0, 68.9, '' );
        INSERT INTO outlay_conditions (outlay_condition_id, loan_id, type, date, place, amount, cash_to, check_to, bank, bank_account_number, bank_account_owner, local_account_number, local_account_owner) VALUES (NULL, 0940, 1, '2024-08-16', 'Agencia Central', 931.1, NULL, NULL, NULL, NULL, NULL, NULL, NULL);
        INSERT INTO amortizations (amortization_id, amortizationable_id, amortizationable_type, date, amount, term, interest_rate, include_iva, include_insurance, payment, payment_frequency_id, amortization_method_id, last_payment_date)  VALUES ( NULL, 0940,  'App\\Models\\Loan',  '2024-08-16',  1000.0,  14,  1.5, 3.9, '0', 79.72, 1, 2, '2024-10-25');
        INSERT INTO amortizations (amortization_id, amortizationable_id, amortizationable_type, date, amount, term, interest_rate, include_iva, include_insurance, payment, payment_frequency_id, amortization_method_id, last_payment_date) VALUES ( NULL, 0940, 'App\\Models\\LoanApplication', '2024-08-16', 1000.0, 14, 1.5, 3.9, 0, 79.72, 1, 2, '2024-10-25');

        INSERT INTO clients (client_id, employee_id, registration_date, client_type_id, first_name, second_name, first_surname, second_surname, married_name, family_status_id, phone_number, cellphone_number, identification_type_id, identification_number, nit_homologation) 
        VALUES ('0945', '1', NOW(), 1, 'Ana', 'Deysi', 'Lopez', 'Garcia', '', 1, 's/a', 0, 1, '', 'true');
        INSERT INTO loan_applications (loan_application_id, loan_application_number, application_date, agency_id, client_id, employee_id, destination_id, guarantee_type_id, amount, term, status) VALUES (0945, LPAD(0945, 8, '0'), '2024-08-16', 1, 0945, 1, 1, 1, 500.0, 14, 'approved');
        INSERT INTO loans (loan_id, loan_number, loan_application_id, destination_id, approval_date, outlay_date, due_date, last_payment_date, next_payment_date, balance, status) VALUES (0945, LPAD(0945, 9, '0'), 0945, 1, '2024-08-16', '2024-08-19', NULL, '2024-10-28', NULL, 152.16999999999993, 'in_progress');
        INSERT INTO loan_deductions (loan_deduction_id, loan_id, financial_advice, iva_financial_advice, notarial_charges, registration_expenses, balance_cancellation, loan_cancellation_id, other_expenses, total_deductions, other_expenses_description) VALUES (0945, 0945, 15.0, 1.95, 0, 0, 0, NULL, 0.0, 16.95, '' );
        INSERT INTO outlay_conditions (outlay_condition_id, loan_id, type, date, place, amount, cash_to, check_to, bank, bank_account_number, bank_account_owner, local_account_number, local_account_owner) VALUES (NULL, 0945, 1, '2024-08-19', 'Agencia Central', 483.05, NULL, NULL, NULL, NULL, NULL, NULL, NULL);
        INSERT INTO amortizations (amortization_id, amortizationable_id, amortizationable_type, date, amount, term, interest_rate, include_iva, include_insurance, payment, payment_frequency_id, amortization_method_id, last_payment_date)  VALUES ( NULL, 0945,  'App\\Models\\Loan',  '2024-08-19',  500.0,  14,  1.5, 1.95, '0', 39.86, 1, 2, '2024-10-28');
        INSERT INTO amortizations (amortization_id, amortizationable_id, amortizationable_type, date, amount, term, interest_rate, include_iva, include_insurance, payment, payment_frequency_id, amortization_method_id, last_payment_date) VALUES ( NULL, 0945, 'App\\Models\\LoanApplication', '2024-08-19', 500.0, 14, 1.5, 1.95, 0, 39.86, 1, 2, '2024-10-28');

        INSERT INTO clients (client_id, employee_id, registration_date, client_type_id, first_name, second_name, first_surname, second_surname, married_name, family_status_id, phone_number, cellphone_number, identification_type_id, identification_number, nit_homologation) 
        VALUES ('0947', '1', NOW(), 1, 'Elvis', 'Oswaldo', 'Molina', 'Rivera', '', 1, 's/a', 0, 1, '', 'true');
        INSERT INTO loan_applications (loan_application_id, loan_application_number, application_date, agency_id, client_id, employee_id, destination_id, guarantee_type_id, amount, term, status) VALUES (0947, LPAD(0947, 8, '0'), '2024-08-19', 1, 0947, 1, 1, 1, 800.0, 20, 'approved');
        INSERT INTO loans (loan_id, loan_number, loan_application_id, destination_id, approval_date, outlay_date, due_date, last_payment_date, next_payment_date, balance, status) VALUES (0947, LPAD(0947, 9, '0'), 0947, 1, '2024-08-19', '2024-08-20', NULL, 'NULL', NULL, NULL, 'in_progress');
        INSERT INTO loan_deductions (loan_deduction_id, loan_id, financial_advice, iva_financial_advice, notarial_charges, registration_expenses, balance_cancellation, loan_cancellation_id, other_expenses, total_deductions, other_expenses_description) VALUES (0947, 0947, 16.0, 2.08, 0, 0, 0, NULL, 0.0, 276.87, '' );
        INSERT INTO outlay_conditions (outlay_condition_id, loan_id, type, date, place, amount, cash_to, check_to, bank, bank_account_number, bank_account_owner, local_account_number, local_account_owner) VALUES (NULL, 0947, 1, '2024-08-20', 'Agencia Central', 523.13, NULL, NULL, NULL, NULL, NULL, NULL, NULL);
        INSERT INTO amortizations (amortization_id, amortizationable_id, amortizationable_type, date, amount, term, interest_rate, include_iva, include_insurance, payment, payment_frequency_id, amortization_method_id, last_payment_date)  VALUES ( NULL, 0947,  'App\\Models\\Loan',  '2024-08-20',  800.0,  20,  2.3, 2.08, '0', 50.35, 3, 2, 'NULL');
        INSERT INTO amortizations (amortization_id, amortizationable_id, amortizationable_type, date, amount, term, interest_rate, include_iva, include_insurance, payment, payment_frequency_id, amortization_method_id, last_payment_date) VALUES ( NULL, 0947, 'App\\Models\\LoanApplication', '2024-08-20', 800.0, 20, 2.3, 2.08, 0, 50.35, 3, 2, 'NULL');

        INSERT INTO clients (client_id, employee_id, registration_date, client_type_id, first_name, second_name, first_surname, second_surname, married_name, family_status_id, phone_number, cellphone_number, identification_type_id, identification_number, nit_homologation) 
        VALUES ('0949', '1', NOW(), 1, 'Josue', 'Daniel', 'Ramirez', 'Chavez', '', 1, 's/a', 0, 1, '', 'true');
        INSERT INTO loan_applications (loan_application_id, loan_application_number, application_date, agency_id, client_id, employee_id, destination_id, guarantee_type_id, amount, term, status) VALUES (0949, LPAD(0949, 8, '0'), '2024-08-21', 1, 0949, 1, 1, 1, 700.0, 24, 'approved');
        INSERT INTO loans (loan_id, loan_number, loan_application_id, destination_id, approval_date, outlay_date, due_date, last_payment_date, next_payment_date, balance, status) VALUES (0949, LPAD(0949, 9, '0'), 0949, 1, '2024-08-21', '2024-08-22', NULL, '2024-10-21', NULL, 612.9200000000001, 'in_progress');
        INSERT INTO loan_deductions (loan_deduction_id, loan_id, financial_advice, iva_financial_advice, notarial_charges, registration_expenses, balance_cancellation, loan_cancellation_id, other_expenses, total_deductions, other_expenses_description) VALUES (0949, 0949, 21.0, 2.73, 0, 0, 0, NULL, 0.0, 182.55, '' );
        INSERT INTO outlay_conditions (outlay_condition_id, loan_id, type, date, place, amount, cash_to, check_to, bank, bank_account_number, bank_account_owner, local_account_number, local_account_owner) VALUES (NULL, 0949, 1, '2024-08-22', 'Agencia Central', 517.45, NULL, NULL, NULL, NULL, NULL, NULL, NULL);
        INSERT INTO amortizations (amortization_id, amortizationable_id, amortizationable_type, date, amount, term, interest_rate, include_iva, include_insurance, payment, payment_frequency_id, amortization_method_id, last_payment_date)  VALUES ( NULL, 0949,  'App\\Models\\Loan',  '2024-08-22',  700.0,  24,  3.55, 2.73, '0', 43.82, 3, 2, '2024-10-21');
        INSERT INTO amortizations (amortization_id, amortizationable_id, amortizationable_type, date, amount, term, interest_rate, include_iva, include_insurance, payment, payment_frequency_id, amortization_method_id, last_payment_date) VALUES ( NULL, 0949, 'App\\Models\\LoanApplication', '2024-08-22', 700.0, 24, 3.55, 2.73, 0, 43.82, 3, 2, '2024-10-21');

        INSERT INTO clients (client_id, employee_id, registration_date, client_type_id, first_name, second_name, first_surname, second_surname, married_name, family_status_id, phone_number, cellphone_number, identification_type_id, identification_number, nit_homologation) 
        VALUES ('0950', '2', NOW(), 1, 'Kendy', 'Nohemy', 'Martinez', 'Trejo', '', 1, 's/a', 0, 1, '', 'true');
        INSERT INTO loan_applications (loan_application_id, loan_application_number, application_date, agency_id, client_id, employee_id, destination_id, guarantee_type_id, amount, term, status) VALUES (0950, LPAD(0950, 8, '0'), '2024-08-22', 1, 0950, 2, 1, 1, 500.0, 14, 'approved');
        INSERT INTO loans (loan_id, loan_number, loan_application_id, destination_id, approval_date, outlay_date, due_date, last_payment_date, next_payment_date, balance, status) VALUES (0950, LPAD(0950, 9, '0'), 0950, 1, '2024-08-22', '2024-08-23', NULL, '2024-10-25', NULL, 190.34000000000006, 'in_progress');
        INSERT INTO loan_deductions (loan_deduction_id, loan_id, financial_advice, iva_financial_advice, notarial_charges, registration_expenses, balance_cancellation, loan_cancellation_id, other_expenses, total_deductions, other_expenses_description) VALUES (0950, 0950, 15.0, 1.95, 0, 0, 0, NULL, 0.0, 16.95, '' );
        INSERT INTO outlay_conditions (outlay_condition_id, loan_id, type, date, place, amount, cash_to, check_to, bank, bank_account_number, bank_account_owner, local_account_number, local_account_owner) VALUES (NULL, 0950, 1, '2024-08-23', 'Agencia Central', 483.05, NULL, NULL, NULL, NULL, NULL, NULL, NULL);
        INSERT INTO amortizations (amortization_id, amortizationable_id, amortizationable_type, date, amount, term, interest_rate, include_iva, include_insurance, payment, payment_frequency_id, amortization_method_id, last_payment_date)  VALUES ( NULL, 0950,  'App\\Models\\Loan',  '2024-08-23',  500.0,  14,  1.5, 1.95, '0', 39.86, 1, 2, '2024-10-25');
        INSERT INTO amortizations (amortization_id, amortizationable_id, amortizationable_type, date, amount, term, interest_rate, include_iva, include_insurance, payment, payment_frequency_id, amortization_method_id, last_payment_date) VALUES ( NULL, 0950, 'App\\Models\\LoanApplication', '2024-08-23', 500.0, 14, 1.5, 1.95, 0, 39.86, 1, 2, '2024-10-25');

        INSERT INTO clients (client_id, employee_id, registration_date, client_type_id, first_name, second_name, first_surname, second_surname, married_name, family_status_id, phone_number, cellphone_number, identification_type_id, identification_number, nit_homologation) 
        VALUES ('0951', '2', NOW(), 1, 'Rocio', 'Ester', 'Hernandez', 'Abarca', '', 1, 's/a', 0, 1, '', 'true');
        INSERT INTO loan_applications (loan_application_id, loan_application_number, application_date, agency_id, client_id, employee_id, destination_id, guarantee_type_id, amount, term, status) VALUES (0951, LPAD(0951, 8, '0'), '2024-08-22', 1, 0951, 2, 1, 1, 1000.0, 12, 'approved');
        INSERT INTO loans (loan_id, loan_number, loan_application_id, destination_id, approval_date, outlay_date, due_date, last_payment_date, next_payment_date, balance, status) VALUES (0951, LPAD(0951, 9, '0'), 0951, 1, '2024-08-22', '2024-08-23', NULL, '2024-10-25', NULL, 883.88, 'in_progress');
        INSERT INTO loan_deductions (loan_deduction_id, loan_id, financial_advice, iva_financial_advice, notarial_charges, registration_expenses, balance_cancellation, loan_cancellation_id, other_expenses, total_deductions, other_expenses_description) VALUES (0951, 0951, 30.0, 3.9, 0, 0, 0, NULL, 0.0, 68.9, '' );
        INSERT INTO outlay_conditions (outlay_condition_id, loan_id, type, date, place, amount, cash_to, check_to, bank, bank_account_number, bank_account_owner, local_account_number, local_account_owner) VALUES (NULL, 0951, 1, '2024-08-23', 'Agencia Central', 931.1, NULL, NULL, NULL, NULL, NULL, NULL, NULL);
        INSERT INTO amortizations (amortization_id, amortizationable_id, amortizationable_type, date, amount, term, interest_rate, include_iva, include_insurance, payment, payment_frequency_id, amortization_method_id, last_payment_date)  VALUES ( NULL, 0951,  'App\\Models\\Loan',  '2024-08-23',  1000.0,  12,  6.95, 3.9, '1', 126.57, 4, 2, '2024-10-25');
        INSERT INTO amortizations (amortization_id, amortizationable_id, amortizationable_type, date, amount, term, interest_rate, include_iva, include_insurance, payment, payment_frequency_id, amortization_method_id, last_payment_date) VALUES ( NULL, 0951, 'App\\Models\\LoanApplication', '2024-08-23', 1000.0, 12, 6.95, 3.9, 1, 126.57, 4, 2, '2024-10-25');

        INSERT INTO clients (client_id, employee_id, registration_date, client_type_id, first_name, second_name, first_surname, second_surname, married_name, family_status_id, phone_number, cellphone_number, identification_type_id, identification_number, nit_homologation) 
        VALUES ('0953', '2', NOW(), 1, 'Maria', 'Teresa', 'Milan', 'Renderos', '', 1, 's/a', 0, 1, '', 'true');
        INSERT INTO loan_applications (loan_application_id, loan_application_number, application_date, agency_id, client_id, employee_id, destination_id, guarantee_type_id, amount, term, status) VALUES (0953, LPAD(0953, 8, '0'), '2024-08-23', 1, 0953, 2, 1, 1, 200.0, 14, 'approved');
        INSERT INTO loans (loan_id, loan_number, loan_application_id, destination_id, approval_date, outlay_date, due_date, last_payment_date, next_payment_date, balance, status) VALUES (0953, LPAD(0953, 9, '0'), 0953, 1, '2024-08-23', '2024-08-24', NULL, '2024-10-26', NULL, 74.94999999999999, 'in_progress');
        INSERT INTO loan_deductions (loan_deduction_id, loan_id, financial_advice, iva_financial_advice, notarial_charges, registration_expenses, balance_cancellation, loan_cancellation_id, other_expenses, total_deductions, other_expenses_description) VALUES (0953, 0953, 6.0, 0.78, 0, 0, 0, NULL, 0.0, 52.78, '' );
        INSERT INTO outlay_conditions (outlay_condition_id, loan_id, type, date, place, amount, cash_to, check_to, bank, bank_account_number, bank_account_owner, local_account_number, local_account_owner) VALUES (NULL, 0953, 1, '2024-08-24', 'Agencia Central', 147.22, NULL, NULL, NULL, NULL, NULL, NULL, NULL);
        INSERT INTO amortizations (amortization_id, amortizationable_id, amortizationable_type, date, amount, term, interest_rate, include_iva, include_insurance, payment, payment_frequency_id, amortization_method_id, last_payment_date)  VALUES ( NULL, 0953,  'App\\Models\\Loan',  '2024-08-24',  200.0,  14,  1.5, 0.78, '0', 15.94, 1, 2, '2024-10-26');
        INSERT INTO amortizations (amortization_id, amortizationable_id, amortizationable_type, date, amount, term, interest_rate, include_iva, include_insurance, payment, payment_frequency_id, amortization_method_id, last_payment_date) VALUES ( NULL, 0953, 'App\\Models\\LoanApplication', '2024-08-24', 200.0, 14, 1.5, 0.78, 0, 15.94, 1, 2, '2024-10-26');

        INSERT INTO clients (client_id, employee_id, registration_date, client_type_id, first_name, second_name, first_surname, second_surname, married_name, family_status_id, phone_number, cellphone_number, identification_type_id, identification_number, nit_homologation) 
        VALUES ('0954', '2', NOW(), 1, 'Lesly', 'Yamileth', 'Aguirre', 'Garcia', '', 1, 's/a', 0, 1, '', 'true');
        INSERT INTO loan_applications (loan_application_id, loan_application_number, application_date, agency_id, client_id, employee_id, destination_id, guarantee_type_id, amount, term, status) VALUES (0954, LPAD(0954, 8, '0'), '2024-08-24', 1, 0954, 2, 1, 1, 500.0, 8, 'approved');
        INSERT INTO loans (loan_id, loan_number, loan_application_id, destination_id, approval_date, outlay_date, due_date, last_payment_date, next_payment_date, balance, status) VALUES (0954, LPAD(0954, 9, '0'), 0954, 1, '2024-08-24', '2024-08-26', NULL, '2024-10-25', NULL, 265.15999999999997, 'in_progress');
        INSERT INTO loan_deductions (loan_deduction_id, loan_id, financial_advice, iva_financial_advice, notarial_charges, registration_expenses, balance_cancellation, loan_cancellation_id, other_expenses, total_deductions, other_expenses_description) VALUES (0954, 0954, 15.0, 1.95, 0, 0, 0, NULL, 0.0, 16.95, '' );
        INSERT INTO outlay_conditions (outlay_condition_id, loan_id, type, date, place, amount, cash_to, check_to, bank, bank_account_number, bank_account_owner, local_account_number, local_account_owner) VALUES (NULL, 0954, 1, '2024-08-26', 'Agencia Central', 483.05, NULL, NULL, NULL, NULL, NULL, NULL, NULL);
        INSERT INTO amortizations (amortization_id, amortizationable_id, amortizationable_type, date, amount, term, interest_rate, include_iva, include_insurance, payment, payment_frequency_id, amortization_method_id, last_payment_date)  VALUES ( NULL, 0954,  'App\\Models\\Loan',  '2024-08-26',  500.0,  8,  3.3, 1.95, '0', 72.13, 3, 2, '2024-10-25');
        INSERT INTO amortizations (amortization_id, amortizationable_id, amortizationable_type, date, amount, term, interest_rate, include_iva, include_insurance, payment, payment_frequency_id, amortization_method_id, last_payment_date) VALUES ( NULL, 0954, 'App\\Models\\LoanApplication', '2024-08-26', 500.0, 8, 3.3, 1.95, 0, 72.13, 3, 2, '2024-10-25');

        INSERT INTO clients (client_id, employee_id, registration_date, client_type_id, first_name, second_name, first_surname, second_surname, married_name, family_status_id, phone_number, cellphone_number, identification_type_id, identification_number, nit_homologation) 
        VALUES ('0960', '1', NOW(), 1, 'Dina', 'Sonia', 'Ayala', 'De', 'Melendez', 1, 's/a', 0, 1, '', 'true');
        INSERT INTO loan_applications (loan_application_id, loan_application_number, application_date, agency_id, client_id, employee_id, destination_id, guarantee_type_id, amount, term, status) VALUES (0960, LPAD(0960, 8, '0'), '2024-08-29', 1, 0960, 1, 1, 1, 800.0, 12, 'approved');
        INSERT INTO loans (loan_id, loan_number, loan_application_id, destination_id, approval_date, outlay_date, due_date, last_payment_date, next_payment_date, balance, status) VALUES (0960, LPAD(0960, 9, '0'), 0960, 1, '2024-08-29', '2024-08-30', NULL, '2024-10-29', NULL, 556.62, 'in_progress');
        INSERT INTO loan_deductions (loan_deduction_id, loan_id, financial_advice, iva_financial_advice, notarial_charges, registration_expenses, balance_cancellation, loan_cancellation_id, other_expenses, total_deductions, other_expenses_description) VALUES (0960, 0960, 24.0, 3.12, 0, 0, 0, NULL, 0.0, 494.75, '' );
        INSERT INTO outlay_conditions (outlay_condition_id, loan_id, type, date, place, amount, cash_to, check_to, bank, bank_account_number, bank_account_owner, local_account_number, local_account_owner) VALUES (NULL, 0960, 1, '2024-08-30', 'Agencia Central', 305.25, NULL, NULL, NULL, NULL, NULL, NULL, NULL);
        INSERT INTO amortizations (amortization_id, amortizationable_id, amortizationable_type, date, amount, term, interest_rate, include_iva, include_insurance, payment, payment_frequency_id, amortization_method_id, last_payment_date)  VALUES ( NULL, 0960,  'App\\Models\\Loan',  '2024-08-30',  800.0,  12,  3.31, 3.12, '0', 81.86, 3, 2, '2024-10-29');
        INSERT INTO amortizations (amortization_id, amortizationable_id, amortizationable_type, date, amount, term, interest_rate, include_iva, include_insurance, payment, payment_frequency_id, amortization_method_id, last_payment_date) VALUES ( NULL, 0960, 'App\\Models\\LoanApplication', '2024-08-30', 800.0, 12, 3.31, 3.12, 0, 81.86, 3, 2, '2024-10-29');

        INSERT INTO clients (client_id, employee_id, registration_date, client_type_id, first_name, second_name, first_surname, second_surname, married_name, family_status_id, phone_number, cellphone_number, identification_type_id, identification_number, nit_homologation) 
        VALUES ('0964', '1', NOW(), 1, 'Ana', 'Elizabeth', 'Melgar', 'Vasquez', '', 1, 's/a', 0, 1, '', 'true');
        INSERT INTO loan_applications (loan_application_id, loan_application_number, application_date, agency_id, client_id, employee_id, destination_id, guarantee_type_id, amount, term, status) VALUES (0964, LPAD(0964, 8, '0'), '2024-08-29', 1, 0964, 1, 1, 1, 500.0, 14, 'approved');
        INSERT INTO loans (loan_id, loan_number, loan_application_id, destination_id, approval_date, outlay_date, due_date, last_payment_date, next_payment_date, balance, status) VALUES (0964, LPAD(0964, 9, '0'), 0964, 1, '2024-08-29', '2024-08-30', NULL, '2024-10-25', NULL, 224.43999999999994, 'in_progress');
        INSERT INTO loan_deductions (loan_deduction_id, loan_id, financial_advice, iva_financial_advice, notarial_charges, registration_expenses, balance_cancellation, loan_cancellation_id, other_expenses, total_deductions, other_expenses_description) VALUES (0964, 0964, 15.0, 1.95, 0, 0, 0, NULL, 0.0, 281.36, '' );
        INSERT INTO outlay_conditions (outlay_condition_id, loan_id, type, date, place, amount, cash_to, check_to, bank, bank_account_number, bank_account_owner, local_account_number, local_account_owner) VALUES (NULL, 0964, 1, '2024-08-30', 'Agencia Central', 218.64, NULL, NULL, NULL, NULL, NULL, NULL, NULL);
        INSERT INTO amortizations (amortization_id, amortizationable_id, amortizationable_type, date, amount, term, interest_rate, include_iva, include_insurance, payment, payment_frequency_id, amortization_method_id, last_payment_date)  VALUES ( NULL, 0964,  'App\\Models\\Loan',  '2024-08-30',  500.0,  14,  1.45, 1.95, '0', 39.72, 1, 2, '2024-10-25');
        INSERT INTO amortizations (amortization_id, amortizationable_id, amortizationable_type, date, amount, term, interest_rate, include_iva, include_insurance, payment, payment_frequency_id, amortization_method_id, last_payment_date) VALUES ( NULL, 0964, 'App\\Models\\LoanApplication', '2024-08-30', 500.0, 14, 1.45, 1.95, 0, 39.72, 1, 2, '2024-10-25');

        INSERT INTO clients (client_id, employee_id, registration_date, client_type_id, first_name, second_name, first_surname, second_surname, married_name, family_status_id, phone_number, cellphone_number, identification_type_id, identification_number, nit_homologation) 
        VALUES ('0965', '1', NOW(), 1, 'Glenda', 'Beatriz', 'Alferez', 'Perez', '', 1, 's/a', 0, 1, '', 'true');
        INSERT INTO loan_applications (loan_application_id, loan_application_number, application_date, agency_id, client_id, employee_id, destination_id, guarantee_type_id, amount, term, status) VALUES (0965, LPAD(0965, 8, '0'), '2024-08-29', 1, 0965, 1, 1, 1, 300.0, 14, 'approved');
        INSERT INTO loans (loan_id, loan_number, loan_application_id, destination_id, approval_date, outlay_date, due_date, last_payment_date, next_payment_date, balance, status) VALUES (0965, LPAD(0965, 9, '0'), 0965, 1, '2024-08-29', '2024-08-30', NULL, '2024-10-25', NULL, 128.48000000000005, 'in_progress');
        INSERT INTO loan_deductions (loan_deduction_id, loan_id, financial_advice, iva_financial_advice, notarial_charges, registration_expenses, balance_cancellation, loan_cancellation_id, other_expenses, total_deductions, other_expenses_description) VALUES (0965, 0965, 9.0, 1.17, 0, 0, 0, NULL, 0.0, 10.17, '' );
        INSERT INTO outlay_conditions (outlay_condition_id, loan_id, type, date, place, amount, cash_to, check_to, bank, bank_account_number, bank_account_owner, local_account_number, local_account_owner) VALUES (NULL, 0965, 1, '2024-08-30', 'Agencia Central', 289.83, NULL, NULL, NULL, NULL, NULL, NULL, NULL);
        INSERT INTO amortizations (amortization_id, amortizationable_id, amortizationable_type, date, amount, term, interest_rate, include_iva, include_insurance, payment, payment_frequency_id, amortization_method_id, last_payment_date)  VALUES ( NULL, 0965,  'App\\Models\\Loan',  '2024-08-30',  300.0,  14,  1.5, 1.17, '0', 23.92, 1, 2, '2024-10-25');
        INSERT INTO amortizations (amortization_id, amortizationable_id, amortizationable_type, date, amount, term, interest_rate, include_iva, include_insurance, payment, payment_frequency_id, amortization_method_id, last_payment_date) VALUES ( NULL, 0965, 'App\\Models\\LoanApplication', '2024-08-30', 300.0, 14, 1.5, 1.17, 0, 23.92, 1, 2, '2024-10-25');

        INSERT INTO clients (client_id, employee_id, registration_date, client_type_id, first_name, second_name, first_surname, second_surname, married_name, family_status_id, phone_number, cellphone_number, identification_type_id, identification_number, nit_homologation) 
        VALUES ('0966', '2', NOW(), 1, 'Juana', 'Isolina', 'Paredes', 'Hernandez', '', 1, 's/a', 0, 1, '', 'true');
        INSERT INTO loan_applications (loan_application_id, loan_application_number, application_date, agency_id, client_id, employee_id, destination_id, guarantee_type_id, amount, term, status) VALUES (0966, LPAD(0966, 8, '0'), '2024-08-29', 1, 0966, 2, 1, 1, 600.0, 8, 'approved');
        INSERT INTO loans (loan_id, loan_number, loan_application_id, destination_id, approval_date, outlay_date, due_date, last_payment_date, next_payment_date, balance, status) VALUES (0966, LPAD(0966, 9, '0'), 0966, 1, '2024-08-29', '2024-08-30', NULL, '2024-10-30', NULL, 319.06, 'in_progress');
        INSERT INTO loan_deductions (loan_deduction_id, loan_id, financial_advice, iva_financial_advice, notarial_charges, registration_expenses, balance_cancellation, loan_cancellation_id, other_expenses, total_deductions, other_expenses_description) VALUES (0966, 0966, 18.0, 2.34, 0, 0, 0, NULL, 0.0, 20.34, '' );
        INSERT INTO outlay_conditions (outlay_condition_id, loan_id, type, date, place, amount, cash_to, check_to, bank, bank_account_number, bank_account_owner, local_account_number, local_account_owner) VALUES (NULL, 0966, 1, '2024-08-30', 'Agencia Central', 579.66, NULL, NULL, NULL, NULL, NULL, NULL, NULL);
        INSERT INTO amortizations (amortization_id, amortizationable_id, amortizationable_type, date, amount, term, interest_rate, include_iva, include_insurance, payment, payment_frequency_id, amortization_method_id, last_payment_date)  VALUES ( NULL, 0966,  'App\\Models\\Loan',  '2024-08-30',  600.0,  8,  3.31, 2.34, '0', 86.6, 3, 2, '2024-10-30');
        INSERT INTO amortizations (amortization_id, amortizationable_id, amortizationable_type, date, amount, term, interest_rate, include_iva, include_insurance, payment, payment_frequency_id, amortization_method_id, last_payment_date) VALUES ( NULL, 0966, 'App\\Models\\LoanApplication', '2024-08-30', 600.0, 8, 3.31, 2.34, 0, 86.6, 3, 2, '2024-10-30');

        INSERT INTO clients (client_id, employee_id, registration_date, client_type_id, first_name, second_name, first_surname, second_surname, married_name, family_status_id, phone_number, cellphone_number, identification_type_id, identification_number, nit_homologation) 
        VALUES ('0968', '1', NOW(), 1, 'Katya', 'Lizeth', 'Cruz', 'Aleman', '', 1, 's/a', 0, 1, '', 'true');
        INSERT INTO loan_applications (loan_application_id, loan_application_number, application_date, agency_id, client_id, employee_id, destination_id, guarantee_type_id, amount, term, status) VALUES (0968, LPAD(0968, 8, '0'), '2024-08-30', 1, 0968, 1, 1, 1, 1000.0, 20, 'approved');
        INSERT INTO loans (loan_id, loan_number, loan_application_id, destination_id, approval_date, outlay_date, due_date, last_payment_date, next_payment_date, balance, status) VALUES (0968, LPAD(0968, 9, '0'), 0968, 1, '2024-08-30', '2024-08-31', NULL, '2024-10-30', NULL, 850.89, 'in_progress');
        INSERT INTO loan_deductions (loan_deduction_id, loan_id, financial_advice, iva_financial_advice, notarial_charges, registration_expenses, balance_cancellation, loan_cancellation_id, other_expenses, total_deductions, other_expenses_description) VALUES (0968, 0968, 30.0, 3.9, 0, 0, 0, NULL, 0.0, 245.97, '' );
        INSERT INTO outlay_conditions (outlay_condition_id, loan_id, type, date, place, amount, cash_to, check_to, bank, bank_account_number, bank_account_owner, local_account_number, local_account_owner) VALUES (NULL, 0968, 1, '2024-08-31', 'Agencia Central', 754.03, NULL, NULL, NULL, NULL, NULL, NULL, NULL);
        INSERT INTO amortizations (amortization_id, amortizationable_id, amortizationable_type, date, amount, term, interest_rate, include_iva, include_insurance, payment, payment_frequency_id, amortization_method_id, last_payment_date)  VALUES ( NULL, 0968,  'App\\Models\\Loan',  '2024-08-31',  1000.0,  20,  3.53, 3.9, '0', 70.55, 3, 2, '2024-10-30');
        INSERT INTO amortizations (amortization_id, amortizationable_id, amortizationable_type, date, amount, term, interest_rate, include_iva, include_insurance, payment, payment_frequency_id, amortization_method_id, last_payment_date) VALUES ( NULL, 0968, 'App\\Models\\LoanApplication', '2024-08-31', 1000.0, 20, 3.53, 3.9, 0, 70.55, 3, 2, '2024-10-30');

        INSERT INTO clients (client_id, employee_id, registration_date, client_type_id, first_name, second_name, first_surname, second_surname, married_name, family_status_id, phone_number, cellphone_number, identification_type_id, identification_number, nit_homologation) 
        VALUES ('0969', '2', NOW(), 1, 'Roxana', 'Carolina', 'Galeano', 'De', 'Monterroza', 1, 's/a', 0, 1, '', 'true');
        INSERT INTO loan_applications (loan_application_id, loan_application_number, application_date, agency_id, client_id, employee_id, destination_id, guarantee_type_id, amount, term, status) VALUES (0969, LPAD(0969, 8, '0'), '2024-08-29', 1, 0969, 2, 1, 1, 1000.0, 24, 'approved');
        INSERT INTO loans (loan_id, loan_number, loan_application_id, destination_id, approval_date, outlay_date, due_date, last_payment_date, next_payment_date, balance, status) VALUES (0969, LPAD(0969, 9, '0'), 0969, 1, '2024-08-29', '2024-08-31', NULL, '2024-10-30', NULL, 882.79, 'in_progress');
        INSERT INTO loan_deductions (loan_deduction_id, loan_id, financial_advice, iva_financial_advice, notarial_charges, registration_expenses, balance_cancellation, loan_cancellation_id, other_expenses, total_deductions, other_expenses_description) VALUES (0969, 0969, 30.0, 3.9, 0, 0, 0, NULL, 0.0, 336.09, '' );
        INSERT INTO outlay_conditions (outlay_condition_id, loan_id, type, date, place, amount, cash_to, check_to, bank, bank_account_number, bank_account_owner, local_account_number, local_account_owner) VALUES (NULL, 0969, 1, '2024-08-31', 'Agencia Central', 663.91, NULL, NULL, NULL, NULL, NULL, NULL, NULL);
        INSERT INTO amortizations (amortization_id, amortizationable_id, amortizationable_type, date, amount, term, interest_rate, include_iva, include_insurance, payment, payment_frequency_id, amortization_method_id, last_payment_date)  VALUES ( NULL, 0969,  'App\\Models\\Loan',  '2024-08-31',  1000.0,  24,  3.5, 3.9, '0', 62.27, 3, 2, '2024-10-30');
        INSERT INTO amortizations (amortization_id, amortizationable_id, amortizationable_type, date, amount, term, interest_rate, include_iva, include_insurance, payment, payment_frequency_id, amortization_method_id, last_payment_date) VALUES ( NULL, 0969, 'App\\Models\\LoanApplication', '2024-08-31', 1000.0, 24, 3.5, 3.9, 0, 62.27, 3, 2, '2024-10-30');

        INSERT INTO clients (client_id, employee_id, registration_date, client_type_id, first_name, second_name, first_surname, second_surname, married_name, family_status_id, phone_number, cellphone_number, identification_type_id, identification_number, nit_homologation) 
        VALUES ('0970', '1', NOW(), 1, 'Norma', 'Yesenia', 'Guevara', 'De', 'Contreras', 1, 's/a', 0, 1, '', 'true');
        INSERT INTO loan_applications (loan_application_id, loan_application_number, application_date, agency_id, client_id, employee_id, destination_id, guarantee_type_id, amount, term, status) VALUES (0970, LPAD(0970, 8, '0'), '2024-08-30', 1, 0970, 1, 1, 1, 300.0, 8, 'approved');
        INSERT INTO loans (loan_id, loan_number, loan_application_id, destination_id, approval_date, outlay_date, due_date, last_payment_date, next_payment_date, balance, status) VALUES (0970, LPAD(0970, 9, '0'), 0970, 1, '2024-08-30', '2024-08-31', NULL, '2024-09-15', NULL, 266.62, 'in_progress');
        INSERT INTO loan_deductions (loan_deduction_id, loan_id, financial_advice, iva_financial_advice, notarial_charges, registration_expenses, balance_cancellation, loan_cancellation_id, other_expenses, total_deductions, other_expenses_description) VALUES (0970, 0970, 9.0, 1.17, 0, 0, 0, NULL, 0.0, 10.17, '' );
        INSERT INTO outlay_conditions (outlay_condition_id, loan_id, type, date, place, amount, cash_to, check_to, bank, bank_account_number, bank_account_owner, local_account_number, local_account_owner) VALUES (NULL, 0970, 1, '2024-08-31', 'Agencia Central', 289.83, NULL, NULL, NULL, NULL, NULL, NULL, NULL);
        INSERT INTO amortizations (amortization_id, amortizationable_id, amortizationable_type, date, amount, term, interest_rate, include_iva, include_insurance, payment, payment_frequency_id, amortization_method_id, last_payment_date)  VALUES ( NULL, 0970,  'App\\Models\\Loan',  '2024-08-31',  300.0,  8,  3.3, 1.17, '0', 43.28, 3, 2, '2024-09-15');
        INSERT INTO amortizations (amortization_id, amortizationable_id, amortizationable_type, date, amount, term, interest_rate, include_iva, include_insurance, payment, payment_frequency_id, amortization_method_id, last_payment_date) VALUES ( NULL, 0970, 'App\\Models\\LoanApplication', '2024-08-31', 300.0, 8, 3.3, 1.17, 0, 43.28, 3, 2, '2024-09-15');

        INSERT INTO clients (client_id, employee_id, registration_date, client_type_id, first_name, second_name, first_surname, second_surname, married_name, family_status_id, phone_number, cellphone_number, identification_type_id, identification_number, nit_homologation) 
        VALUES ('0971', '1', NOW(), 1, 'Katia', 'Liseth', 'Cerna', '', '', 1, 's/a', 0, 1, '', 'true');
        INSERT INTO loan_applications (loan_application_id, loan_application_number, application_date, agency_id, client_id, employee_id, destination_id, guarantee_type_id, amount, term, status) VALUES (0971, LPAD(0971, 8, '0'), '2024-08-30', 1, 0971, 1, 1, 1, 385.29, 16, 'approved');
        INSERT INTO loans (loan_id, loan_number, loan_application_id, destination_id, approval_date, outlay_date, due_date, last_payment_date, next_payment_date, balance, status) VALUES (0971, LPAD(0971, 9, '0'), 0971, 1, '2024-08-30', '2024-08-31', NULL, '2024-09-21', NULL, 319.33, 'in_progress');
        INSERT INTO loan_deductions (loan_deduction_id, loan_id, financial_advice, iva_financial_advice, notarial_charges, registration_expenses, balance_cancellation, loan_cancellation_id, other_expenses, total_deductions, other_expenses_description) VALUES (0971, 0971, 11.18, 1.45, 0, 0, 0, NULL, 0.0, 385.29, '' );
        INSERT INTO outlay_conditions (outlay_condition_id, loan_id, type, date, place, amount, cash_to, check_to, bank, bank_account_number, bank_account_owner, local_account_number, local_account_owner) VALUES (NULL, 0971, 1, '2024-08-31', 'Agencia Central', 0.0, NULL, NULL, NULL, NULL, NULL, NULL, NULL);
        INSERT INTO amortizations (amortization_id, amortizationable_id, amortizationable_type, date, amount, term, interest_rate, include_iva, include_insurance, payment, payment_frequency_id, amortization_method_id, last_payment_date)  VALUES ( NULL, 0971,  'App\\Models\\Loan',  '2024-08-31',  385.29,  16,  1.38, 1.45, '0', 27, 1, 2, '2024-09-21');
        INSERT INTO amortizations (amortization_id, amortizationable_id, amortizationable_type, date, amount, term, interest_rate, include_iva, include_insurance, payment, payment_frequency_id, amortization_method_id, last_payment_date) VALUES ( NULL, 0971, 'App\\Models\\LoanApplication', '2024-08-31', 385.29, 16, 1.38, 1.45, 0, 27, 1, 2, '2024-09-21');

        INSERT INTO clients (client_id, employee_id, registration_date, client_type_id, first_name, second_name, first_surname, second_surname, married_name, family_status_id, phone_number, cellphone_number, identification_type_id, identification_number, nit_homologation) 
        VALUES ('0972', '2', NOW(), 1, 'Anabel', 'Pichinte', 'Mendoza', '', '', 1, 's/a', 0, 1, '', 'true');
        INSERT INTO loan_applications (loan_application_id, loan_application_number, application_date, agency_id, client_id, employee_id, destination_id, guarantee_type_id, amount, term, status) VALUES (0972, LPAD(0972, 8, '0'), '2024-08-30', 1, 0972, 2, 1, 1, 300.0, 14, 'approved');
        INSERT INTO loans (loan_id, loan_number, loan_application_id, destination_id, approval_date, outlay_date, due_date, last_payment_date, next_payment_date, balance, status) VALUES (0972, LPAD(0972, 9, '0'), 0972, 1, '2024-08-30', '2024-08-31', NULL, '2024-10-30', NULL, 134.45, 'in_progress');
        INSERT INTO loan_deductions (loan_deduction_id, loan_id, financial_advice, iva_financial_advice, notarial_charges, registration_expenses, balance_cancellation, loan_cancellation_id, other_expenses, total_deductions, other_expenses_description) VALUES (0972, 0972, 9.0, 1.17, 0, 0, 0, NULL, 0.0, 10.17, '' );
        INSERT INTO outlay_conditions (outlay_condition_id, loan_id, type, date, place, amount, cash_to, check_to, bank, bank_account_number, bank_account_owner, local_account_number, local_account_owner) VALUES (NULL, 0972, 1, '2024-08-31', 'Agencia Central', 289.83, NULL, NULL, NULL, NULL, NULL, NULL, NULL);
        INSERT INTO amortizations (amortization_id, amortizationable_id, amortizationable_type, date, amount, term, interest_rate, include_iva, include_insurance, payment, payment_frequency_id, amortization_method_id, last_payment_date)  VALUES ( NULL, 0972,  'App\\Models\\Loan',  '2024-08-31',  300.0,  14,  1.5, 1.17, '0', 23.92, 1, 2, '2024-10-30');
        INSERT INTO amortizations (amortization_id, amortizationable_id, amortizationable_type, date, amount, term, interest_rate, include_iva, include_insurance, payment, payment_frequency_id, amortization_method_id, last_payment_date) VALUES ( NULL, 0972, 'App\\Models\\LoanApplication', '2024-08-31', 300.0, 14, 1.5, 1.17, 0, 23.92, 1, 2, '2024-10-30');

        INSERT INTO clients (client_id, employee_id, registration_date, client_type_id, first_name, second_name, first_surname, second_surname, married_name, family_status_id, phone_number, cellphone_number, identification_type_id, identification_number, nit_homologation) 
        VALUES ('0973', '1', NOW(), 1, 'Nidia', 'Yamileth', 'Portillo', 'Araujo', '', 1, 's/a', 0, 1, '', 'true');
        INSERT INTO loan_applications (loan_application_id, loan_application_number, application_date, agency_id, client_id, employee_id, destination_id, guarantee_type_id, amount, term, status) VALUES (0973, LPAD(0973, 8, '0'), '2024-09-04', 1, 0973, 1, 1, 1, 400.0, 14, 'approved');
        INSERT INTO loans (loan_id, loan_number, loan_application_id, destination_id, approval_date, outlay_date, due_date, last_payment_date, next_payment_date, balance, status) VALUES (0973, LPAD(0973, 9, '0'), 0973, 1, '2024-09-04', '2024-09-05', NULL, '2024-10-26', NULL, 208.00000000000003, 'in_progress');
        INSERT INTO loan_deductions (loan_deduction_id, loan_id, financial_advice, iva_financial_advice, notarial_charges, registration_expenses, balance_cancellation, loan_cancellation_id, other_expenses, total_deductions, other_expenses_description) VALUES (0973, 0973, 12.0, 1.56, 0, 0, 0, NULL, 0.0, 134.07, '' );
        INSERT INTO outlay_conditions (outlay_condition_id, loan_id, type, date, place, amount, cash_to, check_to, bank, bank_account_number, bank_account_owner, local_account_number, local_account_owner) VALUES (NULL, 0973, 1, '2024-09-05', 'Agencia Central', 265.93, NULL, NULL, NULL, NULL, NULL, NULL, NULL);
        INSERT INTO amortizations (amortization_id, amortizationable_id, amortizationable_type, date, amount, term, interest_rate, include_iva, include_insurance, payment, payment_frequency_id, amortization_method_id, last_payment_date)  VALUES ( NULL, 0973,  'App\\Models\\Loan',  '2024-09-05',  400.0,  14,  1.45, 1.56, '0', 31.78, 1, 2, '2024-10-26');
        INSERT INTO amortizations (amortization_id, amortizationable_id, amortizationable_type, date, amount, term, interest_rate, include_iva, include_insurance, payment, payment_frequency_id, amortization_method_id, last_payment_date) VALUES ( NULL, 0973, 'App\\Models\\LoanApplication', '2024-09-05', 400.0, 14, 1.45, 1.56, 0, 31.78, 1, 2, '2024-10-26');

        INSERT INTO clients (client_id, employee_id, registration_date, client_type_id, first_name, second_name, first_surname, second_surname, married_name, family_status_id, phone_number, cellphone_number, identification_type_id, identification_number, nit_homologation) 
        VALUES ('0974', '1', NOW(), 1, 'Emma', 'Sanchez', 'De', 'Argueta', 'Argueta', 1, 's/a', 0, 1, '', 'true');
        INSERT INTO loan_applications (loan_application_id, loan_application_number, application_date, agency_id, client_id, employee_id, destination_id, guarantee_type_id, amount, term, status) VALUES (0974, LPAD(0974, 8, '0'), '2024-09-04', 1, 0974, 1, 1, 1, 1000.0, 12, 'approved');
        INSERT INTO loans (loan_id, loan_number, loan_application_id, destination_id, approval_date, outlay_date, due_date, last_payment_date, next_payment_date, balance, status) VALUES (0974, LPAD(0974, 9, '0'), 0974, 1, '2024-09-04', '2024-09-05', NULL, '2024-10-20', NULL, 780.4399999999999, 'in_progress');
        INSERT INTO loan_deductions (loan_deduction_id, loan_id, financial_advice, iva_financial_advice, notarial_charges, registration_expenses, balance_cancellation, loan_cancellation_id, other_expenses, total_deductions, other_expenses_description) VALUES (0974, 0974, 30.0, 3.9, 0, 0, 0, NULL, 0.0, 68.9, '' );
        INSERT INTO outlay_conditions (outlay_condition_id, loan_id, type, date, place, amount, cash_to, check_to, bank, bank_account_number, bank_account_owner, local_account_number, local_account_owner) VALUES (NULL, 0974, 1, '2024-09-05', 'Agencia Central', 931.1, NULL, NULL, NULL, NULL, NULL, NULL, NULL);
        INSERT INTO amortizations (amortization_id, amortizationable_id, amortizationable_type, date, amount, term, interest_rate, include_iva, include_insurance, payment, payment_frequency_id, amortization_method_id, last_payment_date)  VALUES ( NULL, 0974,  'App\\Models\\Loan',  '2024-09-05',  1000.0,  12,  3.43, 3.9, '0', 103.06, 3, 2, '2024-10-20');
        INSERT INTO amortizations (amortization_id, amortizationable_id, amortizationable_type, date, amount, term, interest_rate, include_iva, include_insurance, payment, payment_frequency_id, amortization_method_id, last_payment_date) VALUES ( NULL, 0974, 'App\\Models\\LoanApplication', '2024-09-05', 1000.0, 12, 3.43, 3.9, 0, 103.06, 3, 2, '2024-10-20');

        INSERT INTO clients (client_id, employee_id, registration_date, client_type_id, first_name, second_name, first_surname, second_surname, married_name, family_status_id, phone_number, cellphone_number, identification_type_id, identification_number, nit_homologation) 
        VALUES ('0976', '2', NOW(), 1, 'Sofia', 'Alejandra', 'Palma', 'Garcia', '', 1, 's/a', 0, 1, '', 'true');
        INSERT INTO loan_applications (loan_application_id, loan_application_number, application_date, agency_id, client_id, employee_id, destination_id, guarantee_type_id, amount, term, status) VALUES (0976, LPAD(0976, 8, '0'), '2024-09-04', 1, 0976, 2, 1, 1, 1500.0, 10, 'approved');
        INSERT INTO loans (loan_id, loan_number, loan_application_id, destination_id, approval_date, outlay_date, due_date, last_payment_date, next_payment_date, balance, status) VALUES (0976, LPAD(0976, 9, '0'), 0976, 1, '2024-09-04', '2024-09-05', NULL, '2024-10-18', NULL, 1390.0, 'in_progress');
        INSERT INTO loan_deductions (loan_deduction_id, loan_id, financial_advice, iva_financial_advice, notarial_charges, registration_expenses, balance_cancellation, loan_cancellation_id, other_expenses, total_deductions, other_expenses_description) VALUES (0976, 0976, 45.0, 5.85, 0, 0, 0, NULL, 0.0, 85.85, '' );
        INSERT INTO outlay_conditions (outlay_condition_id, loan_id, type, date, place, amount, cash_to, check_to, bank, bank_account_number, bank_account_owner, local_account_number, local_account_owner) VALUES (NULL, 0976, 1, '2024-09-05', 'Agencia Central', 1414.15, NULL, NULL, NULL, NULL, NULL, NULL, NULL);
        INSERT INTO amortizations (amortization_id, amortizationable_id, amortizationable_type, date, amount, term, interest_rate, include_iva, include_insurance, payment, payment_frequency_id, amortization_method_id, last_payment_date)  VALUES ( NULL, 0976,  'App\\Models\\Loan',  '2024-09-05',  1500.0,  10,  6.98, 5.85, '0', 213.37, 4, 2, '2024-10-18');
        INSERT INTO amortizations (amortization_id, amortizationable_id, amortizationable_type, date, amount, term, interest_rate, include_iva, include_insurance, payment, payment_frequency_id, amortization_method_id, last_payment_date) VALUES ( NULL, 0976, 'App\\Models\\LoanApplication', '2024-09-05', 1500.0, 10, 6.98, 5.85, 0, 213.37, 4, 2, '2024-10-18');

        INSERT INTO clients (client_id, employee_id, registration_date, client_type_id, first_name, second_name, first_surname, second_surname, married_name, family_status_id, phone_number, cellphone_number, identification_type_id, identification_number, nit_homologation) 
        VALUES ('0977', '1', NOW(), 1, 'Meybel', 'Maricela', 'Flores', 'De', 'Mauricio', 1, 's/a', 0, 1, '', 'true');
        INSERT INTO loan_applications (loan_application_id, loan_application_number, application_date, agency_id, client_id, employee_id, destination_id, guarantee_type_id, amount, term, status) VALUES (0977, LPAD(0977, 8, '0'), '2024-09-04', 1, 0977, 1, 1, 1, 500.0, 14, 'approved');
        INSERT INTO loans (loan_id, loan_number, loan_application_id, destination_id, approval_date, outlay_date, due_date, last_payment_date, next_payment_date, balance, status) VALUES (0977, LPAD(0977, 9, '0'), 0977, 1, '2024-09-04', '2024-09-06', NULL, '2024-10-25', NULL, 229.51000000000005, 'in_progress');
        INSERT INTO loan_deductions (loan_deduction_id, loan_id, financial_advice, iva_financial_advice, notarial_charges, registration_expenses, balance_cancellation, loan_cancellation_id, other_expenses, total_deductions, other_expenses_description) VALUES (0977, 0977, 15.0, 1.95, 0, 0, 0, NULL, 0.0, 52.62, '' );
        INSERT INTO outlay_conditions (outlay_condition_id, loan_id, type, date, place, amount, cash_to, check_to, bank, bank_account_number, bank_account_owner, local_account_number, local_account_owner) VALUES (NULL, 0977, 1, '2024-09-06', 'Agencia Central', 447.38, NULL, NULL, NULL, NULL, NULL, NULL, NULL);
        INSERT INTO amortizations (amortization_id, amortizationable_id, amortizationable_type, date, amount, term, interest_rate, include_iva, include_insurance, payment, payment_frequency_id, amortization_method_id, last_payment_date)  VALUES ( NULL, 0977,  'App\\Models\\Loan',  '2024-09-06',  500.0,  14,  1.45, 1.95, '0', 39.72, 1, 2, '2024-10-25');
        INSERT INTO amortizations (amortization_id, amortizationable_id, amortizationable_type, date, amount, term, interest_rate, include_iva, include_insurance, payment, payment_frequency_id, amortization_method_id, last_payment_date) VALUES ( NULL, 0977, 'App\\Models\\LoanApplication', '2024-09-06', 500.0, 14, 1.45, 1.95, 0, 39.72, 1, 2, '2024-10-25');

        INSERT INTO clients (client_id, employee_id, registration_date, client_type_id, first_name, second_name, first_surname, second_surname, married_name, family_status_id, phone_number, cellphone_number, identification_type_id, identification_number, nit_homologation) 
        VALUES ('0978', '1', NOW(), 1, 'Ana', 'Daysi', 'Ortiz', 'De', 'Avalos', 1, 's/a', 0, 1, '', 'true');
        INSERT INTO loan_applications (loan_application_id, loan_application_number, application_date, agency_id, client_id, employee_id, destination_id, guarantee_type_id, amount, term, status) VALUES (0978, LPAD(0978, 8, '0'), '2024-09-04', 1, 0978, 1, 1, 1, 300.0, 14, 'approved');
        INSERT INTO loans (loan_id, loan_number, loan_application_id, destination_id, approval_date, outlay_date, due_date, last_payment_date, next_payment_date, balance, status) VALUES (0978, LPAD(0978, 9, '0'), 0978, 1, '2024-09-04', '2024-09-06', NULL, '2024-10-25', NULL, 157.73, 'in_progress');
        INSERT INTO loan_deductions (loan_deduction_id, loan_id, financial_advice, iva_financial_advice, notarial_charges, registration_expenses, balance_cancellation, loan_cancellation_id, other_expenses, total_deductions, other_expenses_description) VALUES (0978, 0978, 9.0, 1.17, 0, 0, 0, NULL, 0.0, 10.17, '' );
        INSERT INTO outlay_conditions (outlay_condition_id, loan_id, type, date, place, amount, cash_to, check_to, bank, bank_account_number, bank_account_owner, local_account_number, local_account_owner) VALUES (NULL, 0978, 1, '2024-09-06', 'Agencia Central', 289.83, NULL, NULL, NULL, NULL, NULL, NULL, NULL);
        INSERT INTO amortizations (amortization_id, amortizationable_id, amortizationable_type, date, amount, term, interest_rate, include_iva, include_insurance, payment, payment_frequency_id, amortization_method_id, last_payment_date)  VALUES ( NULL, 0978,  'App\\Models\\Loan',  '2024-09-06',  300.0,  14,  1.5, 1.17, '0', 23.92, 1, 2, '2024-10-25');
        INSERT INTO amortizations (amortization_id, amortizationable_id, amortizationable_type, date, amount, term, interest_rate, include_iva, include_insurance, payment, payment_frequency_id, amortization_method_id, last_payment_date) VALUES ( NULL, 0978, 'App\\Models\\LoanApplication', '2024-09-06', 300.0, 14, 1.5, 1.17, 0, 23.92, 1, 2, '2024-10-25');

        INSERT INTO clients (client_id, employee_id, registration_date, client_type_id, first_name, second_name, first_surname, second_surname, married_name, family_status_id, phone_number, cellphone_number, identification_type_id, identification_number, nit_homologation) 
        VALUES ('0979', '2', NOW(), 1, 'Esmeralda', 'Melendez', 'De', 'Contreras', 'Contreras', 1, 's/a', 0, 1, '', 'true');
        INSERT INTO loan_applications (loan_application_id, loan_application_number, application_date, agency_id, client_id, employee_id, destination_id, guarantee_type_id, amount, term, status) VALUES (0979, LPAD(0979, 8, '0'), '2024-09-05', 1, 0979, 2, 1, 1, 600.0, 10, 'approved');
        INSERT INTO loans (loan_id, loan_number, loan_application_id, destination_id, approval_date, outlay_date, due_date, last_payment_date, next_payment_date, balance, status) VALUES (0979, LPAD(0979, 9, '0'), 0979, 1, '2024-09-05', '2024-09-06', NULL, '2024-10-21', NULL, 440.44, 'in_progress');
        INSERT INTO loan_deductions (loan_deduction_id, loan_id, financial_advice, iva_financial_advice, notarial_charges, registration_expenses, balance_cancellation, loan_cancellation_id, other_expenses, total_deductions, other_expenses_description) VALUES (0979, 0979, 18.0, 2.34, 0, 0, 0, NULL, 0.0, 246.56, '' );
        INSERT INTO outlay_conditions (outlay_condition_id, loan_id, type, date, place, amount, cash_to, check_to, bank, bank_account_number, bank_account_owner, local_account_number, local_account_owner) VALUES (NULL, 0979, 1, '2024-09-06', 'Agencia Central', 353.44, NULL, NULL, NULL, NULL, NULL, NULL, NULL);
        INSERT INTO amortizations (amortization_id, amortizationable_id, amortizationable_type, date, amount, term, interest_rate, include_iva, include_insurance, payment, payment_frequency_id, amortization_method_id, last_payment_date)  VALUES ( NULL, 0979,  'App\\Models\\Loan',  '2024-09-06',  600.0,  10,  3.38, 2.34, '0', 71.71, 3, 2, '2024-10-21');
        INSERT INTO amortizations (amortization_id, amortizationable_id, amortizationable_type, date, amount, term, interest_rate, include_iva, include_insurance, payment, payment_frequency_id, amortization_method_id, last_payment_date) VALUES ( NULL, 0979, 'App\\Models\\LoanApplication', '2024-09-06', 600.0, 10, 3.38, 2.34, 0, 71.71, 3, 2, '2024-10-21');

        INSERT INTO clients (client_id, employee_id, registration_date, client_type_id, first_name, second_name, first_surname, second_surname, married_name, family_status_id, phone_number, cellphone_number, identification_type_id, identification_number, nit_homologation) 
        VALUES ('0980', '1', NOW(), 1, 'Nereyda', 'Areli', 'Pineda', 'Borja', '', 1, 's/a', 0, 1, '', 'true');
        INSERT INTO loan_applications (loan_application_id, loan_application_number, application_date, agency_id, client_id, employee_id, destination_id, guarantee_type_id, amount, term, status) VALUES (0980, LPAD(0980, 8, '0'), '2024-09-06', 1, 0980, 1, 1, 1, 500.0, 14, 'approved');
        INSERT INTO loans (loan_id, loan_number, loan_application_id, destination_id, approval_date, outlay_date, due_date, last_payment_date, next_payment_date, balance, status) VALUES (0980, LPAD(0980, 9, '0'), 0980, 1, '2024-09-06', '2024-09-07', NULL, '2024-10-29', NULL, 260.42999999999995, 'in_progress');
        INSERT INTO loan_deductions (loan_deduction_id, loan_id, financial_advice, iva_financial_advice, notarial_charges, registration_expenses, balance_cancellation, loan_cancellation_id, other_expenses, total_deductions, other_expenses_description) VALUES (0980, 0980, 15.0, 1.95, 0, 0, 0, NULL, 0.0, 43.21, '' );
        INSERT INTO outlay_conditions (outlay_condition_id, loan_id, type, date, place, amount, cash_to, check_to, bank, bank_account_number, bank_account_owner, local_account_number, local_account_owner) VALUES (NULL, 0980, 1, '2024-09-07', 'Agencia Central', 456.79, NULL, NULL, NULL, NULL, NULL, NULL, NULL);
        INSERT INTO amortizations (amortization_id, amortizationable_id, amortizationable_type, date, amount, term, interest_rate, include_iva, include_insurance, payment, payment_frequency_id, amortization_method_id, last_payment_date)  VALUES ( NULL, 0980,  'App\\Models\\Loan',  '2024-09-07',  500.0,  14,  1.45, 1.95, '0', 39.72, 1, 2, '2024-10-29');
        INSERT INTO amortizations (amortization_id, amortizationable_id, amortizationable_type, date, amount, term, interest_rate, include_iva, include_insurance, payment, payment_frequency_id, amortization_method_id, last_payment_date) VALUES ( NULL, 0980, 'App\\Models\\LoanApplication', '2024-09-07', 500.0, 14, 1.45, 1.95, 0, 39.72, 1, 2, '2024-10-29');

        INSERT INTO clients (client_id, employee_id, registration_date, client_type_id, first_name, second_name, first_surname, second_surname, married_name, family_status_id, phone_number, cellphone_number, identification_type_id, identification_number, nit_homologation) 
        VALUES ('0982', '1', NOW(), 1, 'Roxana', 'Del', 'Carmen', 'Coto', '', 1, 's/a', 0, 1, '', 'true');
        INSERT INTO loan_applications (loan_application_id, loan_application_number, application_date, agency_id, client_id, employee_id, destination_id, guarantee_type_id, amount, term, status) VALUES (0982, LPAD(0982, 8, '0'), '2024-09-07', 1, 0982, 1, 1, 1, 1000.0, 8, 'approved');
        INSERT INTO loans (loan_id, loan_number, loan_application_id, destination_id, approval_date, outlay_date, due_date, last_payment_date, next_payment_date, balance, status) VALUES (0982, LPAD(0982, 9, '0'), 0982, 1, '2024-09-07', '2024-09-09', NULL, '2024-10-28', NULL, 655.0699999999999, 'in_progress');
        INSERT INTO loan_deductions (loan_deduction_id, loan_id, financial_advice, iva_financial_advice, notarial_charges, registration_expenses, balance_cancellation, loan_cancellation_id, other_expenses, total_deductions, other_expenses_description) VALUES (0982, 0982, 30.0, 3.9, 0, 0, 0, NULL, 0.0, 385.82, '' );
        INSERT INTO outlay_conditions (outlay_condition_id, loan_id, type, date, place, amount, cash_to, check_to, bank, bank_account_number, bank_account_owner, local_account_number, local_account_owner) VALUES (NULL, 0982, 1, '2024-09-09', 'Agencia Central', 614.18, NULL, NULL, NULL, NULL, NULL, NULL, NULL);
        INSERT INTO amortizations (amortization_id, amortizationable_id, amortizationable_type, date, amount, term, interest_rate, include_iva, include_insurance, payment, payment_frequency_id, amortization_method_id, last_payment_date)  VALUES ( NULL, 0982,  'App\\Models\\Loan',  '2024-09-09',  1000.0,  8,  3.3, 3.9, '0', 144.26, 3, 2, '2024-10-28');
        INSERT INTO amortizations (amortization_id, amortizationable_id, amortizationable_type, date, amount, term, interest_rate, include_iva, include_insurance, payment, payment_frequency_id, amortization_method_id, last_payment_date) VALUES ( NULL, 0982, 'App\\Models\\LoanApplication', '2024-09-09', 1000.0, 8, 3.3, 3.9, 0, 144.26, 3, 2, '2024-10-28');

        INSERT INTO clients (client_id, employee_id, registration_date, client_type_id, first_name, second_name, first_surname, second_surname, married_name, family_status_id, phone_number, cellphone_number, identification_type_id, identification_number, nit_homologation) 
        VALUES ('0983', '2', NOW(), 1, 'Rebeca', 'Sarai', 'Melara', 'Escalante', '', 1, 's/a', 0, 1, '', 'true');
        INSERT INTO loan_applications (loan_application_id, loan_application_number, application_date, agency_id, client_id, employee_id, destination_id, guarantee_type_id, amount, term, status) VALUES (0983, LPAD(0983, 8, '0'), '2024-09-07', 1, 0983, 2, 1, 1, 300.0, 14, 'approved');
        INSERT INTO loans (loan_id, loan_number, loan_application_id, destination_id, approval_date, outlay_date, due_date, last_payment_date, next_payment_date, balance, status) VALUES (0983, LPAD(0983, 9, '0'), 0983, 1, '2024-09-07', '2024-09-10', NULL, '2024-10-29', NULL, 157.22999999999996, 'in_progress');
        INSERT INTO loan_deductions (loan_deduction_id, loan_id, financial_advice, iva_financial_advice, notarial_charges, registration_expenses, balance_cancellation, loan_cancellation_id, other_expenses, total_deductions, other_expenses_description) VALUES (0983, 0983, 9.0, 1.17, 0, 0, 0, NULL, 0.0, 10.17, '' );
        INSERT INTO outlay_conditions (outlay_condition_id, loan_id, type, date, place, amount, cash_to, check_to, bank, bank_account_number, bank_account_owner, local_account_number, local_account_owner) VALUES (NULL, 0983, 1, '2024-09-10', 'Agencia Central', 289.83, NULL, NULL, NULL, NULL, NULL, NULL, NULL);
        INSERT INTO amortizations (amortization_id, amortizationable_id, amortizationable_type, date, amount, term, interest_rate, include_iva, include_insurance, payment, payment_frequency_id, amortization_method_id, last_payment_date)  VALUES ( NULL, 0983,  'App\\Models\\Loan',  '2024-09-10',  300.0,  14,  1.5, 1.17, '0', 23.92, 1, 2, '2024-10-29');
        INSERT INTO amortizations (amortization_id, amortizationable_id, amortizationable_type, date, amount, term, interest_rate, include_iva, include_insurance, payment, payment_frequency_id, amortization_method_id, last_payment_date) VALUES ( NULL, 0983, 'App\\Models\\LoanApplication', '2024-09-10', 300.0, 14, 1.5, 1.17, 0, 23.92, 1, 2, '2024-10-29');

        INSERT INTO clients (client_id, employee_id, registration_date, client_type_id, first_name, second_name, first_surname, second_surname, married_name, family_status_id, phone_number, cellphone_number, identification_type_id, identification_number, nit_homologation) 
        VALUES ('0986', '1', NOW(), 1, 'Katherine', 'Elizabeth', 'Umanzor', 'Amaya', '', 1, 's/a', 0, 1, '', 'true');
        INSERT INTO loan_applications (loan_application_id, loan_application_number, application_date, agency_id, client_id, employee_id, destination_id, guarantee_type_id, amount, term, status) VALUES (0986, LPAD(0986, 8, '0'), '2024-09-10', 1, 0986, 1, 1, 1, 500.0, 12, 'approved');
        INSERT INTO loans (loan_id, loan_number, loan_application_id, destination_id, approval_date, outlay_date, due_date, last_payment_date, next_payment_date, balance, status) VALUES (0986, LPAD(0986, 9, '0'), 0986, 1, '2024-09-10', '2024-09-11', NULL, '2024-10-30', NULL, 383.33, 'in_progress');
        INSERT INTO loan_deductions (loan_deduction_id, loan_id, financial_advice, iva_financial_advice, notarial_charges, registration_expenses, balance_cancellation, loan_cancellation_id, other_expenses, total_deductions, other_expenses_description) VALUES (0986, 0986, 15.0, 1.95, 0, 0, 0, NULL, 0.0, 244.19, '' );
        INSERT INTO outlay_conditions (outlay_condition_id, loan_id, type, date, place, amount, cash_to, check_to, bank, bank_account_number, bank_account_owner, local_account_number, local_account_owner) VALUES (NULL, 0986, 1, '2024-09-11', 'Agencia Central', 255.81, NULL, NULL, NULL, NULL, NULL, NULL, NULL);
        INSERT INTO amortizations (amortization_id, amortizationable_id, amortizationable_type, date, amount, term, interest_rate, include_iva, include_insurance, payment, payment_frequency_id, amortization_method_id, last_payment_date)  VALUES ( NULL, 0986,  'App\\Models\\Loan',  '2024-09-11',  500.0,  12,  3.21, 1.95, '0', 50.86, 3, 2, '2024-10-30');
        INSERT INTO amortizations (amortization_id, amortizationable_id, amortizationable_type, date, amount, term, interest_rate, include_iva, include_insurance, payment, payment_frequency_id, amortization_method_id, last_payment_date) VALUES ( NULL, 0986, 'App\\Models\\LoanApplication', '2024-09-11', 500.0, 12, 3.21, 1.95, 0, 50.86, 3, 2, '2024-10-30');

        INSERT INTO clients (client_id, employee_id, registration_date, client_type_id, first_name, second_name, first_surname, second_surname, married_name, family_status_id, phone_number, cellphone_number, identification_type_id, identification_number, nit_homologation) 
        VALUES ('0987', '2', NOW(), 1, 'Andrea', 'Del', 'Carmen', 'Hernandez', '', 1, 's/a', 0, 1, '', 'true');
        INSERT INTO loan_applications (loan_application_id, loan_application_number, application_date, agency_id, client_id, employee_id, destination_id, guarantee_type_id, amount, term, status) VALUES (0987, LPAD(0987, 8, '0'), '2024-09-10', 1, 0987, 2, 1, 1, 700.0, 14, 'approved');
        INSERT INTO loans (loan_id, loan_number, loan_application_id, destination_id, approval_date, outlay_date, due_date, last_payment_date, next_payment_date, balance, status) VALUES (0987, LPAD(0987, 9, '0'), 0987, 1, '2024-09-10', '2024-09-11', NULL, '2024-10-30', NULL, 366.0100000000001, 'in_progress');
        INSERT INTO loan_deductions (loan_deduction_id, loan_id, financial_advice, iva_financial_advice, notarial_charges, registration_expenses, balance_cancellation, loan_cancellation_id, other_expenses, total_deductions, other_expenses_description) VALUES (0987, 0987, 21.0, 2.73, 0, 0, 0, NULL, 0.0, 286.39, '' );
        INSERT INTO outlay_conditions (outlay_condition_id, loan_id, type, date, place, amount, cash_to, check_to, bank, bank_account_number, bank_account_owner, local_account_number, local_account_owner) VALUES (NULL, 0987, 1, '2024-09-11', 'Agencia Central', 413.61, NULL, NULL, NULL, NULL, NULL, NULL, NULL);
        INSERT INTO amortizations (amortization_id, amortizationable_id, amortizationable_type, date, amount, term, interest_rate, include_iva, include_insurance, payment, payment_frequency_id, amortization_method_id, last_payment_date)  VALUES ( NULL, 0987,  'App\\Models\\Loan',  '2024-09-11',  700.0,  14,  1.5, 2.73, '0', 55.81, 1, 2, '2024-10-30');
        INSERT INTO amortizations (amortization_id, amortizationable_id, amortizationable_type, date, amount, term, interest_rate, include_iva, include_insurance, payment, payment_frequency_id, amortization_method_id, last_payment_date) VALUES ( NULL, 0987, 'App\\Models\\LoanApplication', '2024-09-11', 700.0, 14, 1.5, 2.73, 0, 55.81, 1, 2, '2024-10-30');

        INSERT INTO clients (client_id, employee_id, registration_date, client_type_id, first_name, second_name, first_surname, second_surname, married_name, family_status_id, phone_number, cellphone_number, identification_type_id, identification_number, nit_homologation) 
        VALUES ('0988', '1', NOW(), 1, 'Julia', 'Aracely', 'Flores', 'De', 'Torres', 1, 's/a', 0, 1, '', 'true');
        INSERT INTO loan_applications (loan_application_id, loan_application_number, application_date, agency_id, client_id, employee_id, destination_id, guarantee_type_id, amount, term, status) VALUES (0988, LPAD(0988, 8, '0'), '2024-09-10', 1, 0988, 1, 1, 1, 1100.0, 24, 'approved');
        INSERT INTO loans (loan_id, loan_number, loan_application_id, destination_id, approval_date, outlay_date, due_date, last_payment_date, next_payment_date, balance, status) VALUES (0988, LPAD(0988, 9, '0'), 0988, 1, '2024-09-10', '2024-09-11', NULL, '2024-10-11', NULL, 1068.0, 'in_progress');
        INSERT INTO loan_deductions (loan_deduction_id, loan_id, financial_advice, iva_financial_advice, notarial_charges, registration_expenses, balance_cancellation, loan_cancellation_id, other_expenses, total_deductions, other_expenses_description) VALUES (0988, 0988, 33.0, 4.29, 0, 0, 0, NULL, 0.0, 37.29, '' );
        INSERT INTO outlay_conditions (outlay_condition_id, loan_id, type, date, place, amount, cash_to, check_to, bank, bank_account_number, bank_account_owner, local_account_number, local_account_owner) VALUES (NULL, 0988, 1, '2024-09-11', 'Agencia Central', 1062.71, NULL, NULL, NULL, NULL, NULL, NULL, NULL);
        INSERT INTO amortizations (amortization_id, amortizationable_id, amortizationable_type, date, amount, term, interest_rate, include_iva, include_insurance, payment, payment_frequency_id, amortization_method_id, last_payment_date)  VALUES ( NULL, 0988,  'App\\Models\\Loan',  '2024-09-11',  1100.0,  24,  3.0, 4.29, '0', 64.95, 4, 2, '2024-10-11');
        INSERT INTO amortizations (amortization_id, amortizationable_id, amortizationable_type, date, amount, term, interest_rate, include_iva, include_insurance, payment, payment_frequency_id, amortization_method_id, last_payment_date) VALUES ( NULL, 0988, 'App\\Models\\LoanApplication', '2024-09-11', 1100.0, 24, 3.0, 4.29, 0, 64.95, 4, 2, '2024-10-11');

        INSERT INTO clients (client_id, employee_id, registration_date, client_type_id, first_name, second_name, first_surname, second_surname, married_name, family_status_id, phone_number, cellphone_number, identification_type_id, identification_number, nit_homologation) 
        VALUES ('0989', '1', NOW(), 1, 'Saul', 'Abdiel', 'Morales', 'Lopez', '', 1, 's/a', 0, 1, '', 'true');
        INSERT INTO loan_applications (loan_application_id, loan_application_number, application_date, agency_id, client_id, employee_id, destination_id, guarantee_type_id, amount, term, status) VALUES (0989, LPAD(0989, 8, '0'), '2024-09-10', 1, 0989, 1, 1, 1, 400.0, 8, 'approved');
        INSERT INTO loans (loan_id, loan_number, loan_application_id, destination_id, approval_date, outlay_date, due_date, last_payment_date, next_payment_date, balance, status) VALUES (0989, LPAD(0989, 9, '0'), 0989, 1, '2024-09-10', '2024-09-12', NULL, '2024-10-29', NULL, 258.98, 'in_progress');
        INSERT INTO loan_deductions (loan_deduction_id, loan_id, financial_advice, iva_financial_advice, notarial_charges, registration_expenses, balance_cancellation, loan_cancellation_id, other_expenses, total_deductions, other_expenses_description) VALUES (0989, 0989, 12.0, 1.56, 0, 0, 0, NULL, 0.0, 13.56, '' );
        INSERT INTO outlay_conditions (outlay_condition_id, loan_id, type, date, place, amount, cash_to, check_to, bank, bank_account_number, bank_account_owner, local_account_number, local_account_owner) VALUES (NULL, 0989, 1, '2024-09-12', 'Agencia Central', 386.44, NULL, NULL, NULL, NULL, NULL, NULL, NULL);
        INSERT INTO amortizations (amortization_id, amortizationable_id, amortizationable_type, date, amount, term, interest_rate, include_iva, include_insurance, payment, payment_frequency_id, amortization_method_id, last_payment_date)  VALUES ( NULL, 0989,  'App\\Models\\Loan',  '2024-09-12',  400.0,  8,  3.3, 1.56, '0', 57.71, 3, 2, '2024-10-29');
        INSERT INTO amortizations (amortization_id, amortizationable_id, amortizationable_type, date, amount, term, interest_rate, include_iva, include_insurance, payment, payment_frequency_id, amortization_method_id, last_payment_date) VALUES ( NULL, 0989, 'App\\Models\\LoanApplication', '2024-09-12', 400.0, 8, 3.3, 1.56, 0, 57.71, 3, 2, '2024-10-29');

        INSERT INTO clients (client_id, employee_id, registration_date, client_type_id, first_name, second_name, first_surname, second_surname, married_name, family_status_id, phone_number, cellphone_number, identification_type_id, identification_number, nit_homologation) 
        VALUES ('0990', '2', NOW(), 1, 'Lisel', 'Merari', 'Hernandez', 'Funes', '', 1, 's/a', 0, 1, '', 'true');
        INSERT INTO loan_applications (loan_application_id, loan_application_number, application_date, agency_id, client_id, employee_id, destination_id, guarantee_type_id, amount, term, status) VALUES (0990, LPAD(0990, 8, '0'), '2024-09-11', 1, 0990, 2, 1, 1, 600.0, 9, 'approved');
        INSERT INTO loans (loan_id, loan_number, loan_application_id, destination_id, approval_date, outlay_date, due_date, last_payment_date, next_payment_date, balance, status) VALUES (0990, LPAD(0990, 9, '0'), 0990, 1, '2024-09-11', '2024-09-12', NULL, '2024-10-12', NULL, 547.0, 'in_progress');
        INSERT INTO loan_deductions (loan_deduction_id, loan_id, financial_advice, iva_financial_advice, notarial_charges, registration_expenses, balance_cancellation, loan_cancellation_id, other_expenses, total_deductions, other_expenses_description) VALUES (0990, 0990, 18.0, 2.34, 0, 0, 0, NULL, 0.0, 102.34, '' );
        INSERT INTO outlay_conditions (outlay_condition_id, loan_id, type, date, place, amount, cash_to, check_to, bank, bank_account_number, bank_account_owner, local_account_number, local_account_owner) VALUES (NULL, 0990, 1, '2024-09-12', 'Agencia Central', 497.66, NULL, NULL, NULL, NULL, NULL, NULL, NULL);
        INSERT INTO amortizations (amortization_id, amortizationable_id, amortizationable_type, date, amount, term, interest_rate, include_iva, include_insurance, payment, payment_frequency_id, amortization_method_id, last_payment_date)  VALUES ( NULL, 0990,  'App\\Models\\Loan',  '2024-09-12',  600.0,  9,  6.0, 2.34, '0', 88.21, 4, 2, '2024-10-12');
        INSERT INTO amortizations (amortization_id, amortizationable_id, amortizationable_type, date, amount, term, interest_rate, include_iva, include_insurance, payment, payment_frequency_id, amortization_method_id, last_payment_date) VALUES ( NULL, 0990, 'App\\Models\\LoanApplication', '2024-09-12', 600.0, 9, 6.0, 2.34, 0, 88.21, 1, 2, '2024-10-12');

        INSERT INTO clients (client_id, employee_id, registration_date, client_type_id, first_name, second_name, first_surname, second_surname, married_name, family_status_id, phone_number, cellphone_number, identification_type_id, identification_number, nit_homologation) 
        VALUES ('0991', '2', NOW(), 1, 'Maria', 'Martha', 'Morales', 'De', 'Artiga', 1, 's/a', 0, 1, '', 'true');
        INSERT INTO loan_applications (loan_application_id, loan_application_number, application_date, agency_id, client_id, employee_id, destination_id, guarantee_type_id, amount, term, status) VALUES (0991, LPAD(0991, 8, '0'), '2024-09-11', 1, 0991, 2, 1, 1, 300.0, 14, 'approved');
        INSERT INTO loans (loan_id, loan_number, loan_application_id, destination_id, approval_date, outlay_date, due_date, last_payment_date, next_payment_date, balance, status) VALUES (0991, LPAD(0991, 9, '0'), 0991, 1, '2024-09-11', '2024-09-12', NULL, '2024-10-31', NULL, 157.22999999999996, 'in_progress');
        INSERT INTO loan_deductions (loan_deduction_id, loan_id, financial_advice, iva_financial_advice, notarial_charges, registration_expenses, balance_cancellation, loan_cancellation_id, other_expenses, total_deductions, other_expenses_description) VALUES (0991, 0991, 9.0, 1.17, 0, 0, 0, NULL, 0.0, 10.17, '' );
        INSERT INTO outlay_conditions (outlay_condition_id, loan_id, type, date, place, amount, cash_to, check_to, bank, bank_account_number, bank_account_owner, local_account_number, local_account_owner) VALUES (NULL, 0991, 1, '2024-09-12', 'Agencia Central', 289.83, NULL, NULL, NULL, NULL, NULL, NULL, NULL);
        INSERT INTO amortizations (amortization_id, amortizationable_id, amortizationable_type, date, amount, term, interest_rate, include_iva, include_insurance, payment, payment_frequency_id, amortization_method_id, last_payment_date)  VALUES ( NULL, 0991,  'App\\Models\\Loan',  '2024-09-12',  300.0,  14,  1.5, 1.17, '0', 23.92, 1, 2, '2024-10-31');
        INSERT INTO amortizations (amortization_id, amortizationable_id, amortizationable_type, date, amount, term, interest_rate, include_iva, include_insurance, payment, payment_frequency_id, amortization_method_id, last_payment_date) VALUES ( NULL, 0991, 'App\\Models\\LoanApplication', '2024-09-12', 300.0, 14, 1.5, 1.17, 0, 23.92, 1, 2, '2024-10-31');

        INSERT INTO clients (client_id, employee_id, registration_date, client_type_id, first_name, second_name, first_surname, second_surname, married_name, family_status_id, phone_number, cellphone_number, identification_type_id, identification_number, nit_homologation) 
        VALUES ('0992', '2', NOW(), 1, 'Hector', 'Manuel', 'Valladares', 'Castillo', '', 1, 's/a', 0, 1, '', 'true');
        INSERT INTO loan_applications (loan_application_id, loan_application_number, application_date, agency_id, client_id, employee_id, destination_id, guarantee_type_id, amount, term, status) VALUES (0992, LPAD(0992, 8, '0'), '2024-09-12', 1, 0992, 2, 1, 1, 200.0, 14, 'approved');
        INSERT INTO loans (loan_id, loan_number, loan_application_id, destination_id, approval_date, outlay_date, due_date, last_payment_date, next_payment_date, balance, status) VALUES (0992, LPAD(0992, 9, '0'), 0992, 1, '2024-09-12', '2024-09-13', NULL, '2024-10-28', NULL, 119.62999999999998, 'in_progress');
        INSERT INTO loan_deductions (loan_deduction_id, loan_id, financial_advice, iva_financial_advice, notarial_charges, registration_expenses, balance_cancellation, loan_cancellation_id, other_expenses, total_deductions, other_expenses_description) VALUES (0992, 0992, 6.0, 0.78, 0, 0, 0, NULL, 0.0, 111.15, '' );
        INSERT INTO outlay_conditions (outlay_condition_id, loan_id, type, date, place, amount, cash_to, check_to, bank, bank_account_number, bank_account_owner, local_account_number, local_account_owner) VALUES (NULL, 0992, 1, '2024-09-13', 'Agencia Central', 88.85, NULL, NULL, NULL, NULL, NULL, NULL, NULL);
        INSERT INTO amortizations (amortization_id, amortizationable_id, amortizationable_type, date, amount, term, interest_rate, include_iva, include_insurance, payment, payment_frequency_id, amortization_method_id, last_payment_date)  VALUES ( NULL, 0992,  'App\\Models\\Loan',  '2024-09-13',  200.0,  14,  1.45, 0.78, '0', 15.89, 1, 2, '2024-10-28');
        INSERT INTO amortizations (amortization_id, amortizationable_id, amortizationable_type, date, amount, term, interest_rate, include_iva, include_insurance, payment, payment_frequency_id, amortization_method_id, last_payment_date) VALUES ( NULL, 0992, 'App\\Models\\LoanApplication', '2024-09-13', 200.0, 14, 1.45, 0.78, 0, 15.89, 1, 2, '2024-10-28');

        INSERT INTO clients (client_id, employee_id, registration_date, client_type_id, first_name, second_name, first_surname, second_surname, married_name, family_status_id, phone_number, cellphone_number, identification_type_id, identification_number, nit_homologation) 
        VALUES ('0993', '1', NOW(), 1, 'Bertha', 'Matute', 'De', 'Canjura', 'Canjura', 1, 's/a', 0, 1, '', 'true');
        INSERT INTO loan_applications (loan_application_id, loan_application_number, application_date, agency_id, client_id, employee_id, destination_id, guarantee_type_id, amount, term, status) VALUES (0993, LPAD(0993, 8, '0'), '2024-09-12', 1, 0993, 1, 1, 1, 800.0, 8, 'approved');
        INSERT INTO loans (loan_id, loan_number, loan_application_id, destination_id, approval_date, outlay_date, due_date, last_payment_date, next_payment_date, balance, status) VALUES (0993, LPAD(0993, 9, '0'), 0993, 1, '2024-09-12', '2024-09-13', NULL, '2024-10-31', NULL, 489.21, 'in_progress');
        INSERT INTO loan_deductions (loan_deduction_id, loan_id, financial_advice, iva_financial_advice, notarial_charges, registration_expenses, balance_cancellation, loan_cancellation_id, other_expenses, total_deductions, other_expenses_description) VALUES (0993, 0993, 24.0, 3.12, 0, 0, 0, NULL, 0.0, 27.12, '' );
        INSERT INTO outlay_conditions (outlay_condition_id, loan_id, type, date, place, amount, cash_to, check_to, bank, bank_account_number, bank_account_owner, local_account_number, local_account_owner) VALUES (NULL, 0993, 1, '2024-09-13', 'Agencia Central', 772.88, NULL, NULL, NULL, NULL, NULL, NULL, NULL);
        INSERT INTO amortizations (amortization_id, amortizationable_id, amortizationable_type, date, amount, term, interest_rate, include_iva, include_insurance, payment, payment_frequency_id, amortization_method_id, last_payment_date)  VALUES ( NULL, 0993,  'App\\Models\\Loan',  '2024-09-13',  800.0,  8,  3.3, 3.12, '0', 115.41, 3, 2, '2024-10-31');
        INSERT INTO amortizations (amortization_id, amortizationable_id, amortizationable_type, date, amount, term, interest_rate, include_iva, include_insurance, payment, payment_frequency_id, amortization_method_id, last_payment_date) VALUES ( NULL, 0993, 'App\\Models\\LoanApplication', '2024-09-13', 800.0, 8, 3.3, 3.12, 0, 115.41, 3, 2, '2024-10-31');

        INSERT INTO clients (client_id, employee_id, registration_date, client_type_id, first_name, second_name, first_surname, second_surname, married_name, family_status_id, phone_number, cellphone_number, identification_type_id, identification_number, nit_homologation) 
        VALUES ('0994', '1', NOW(), 1, 'Maria', 'Teresa', 'Diaz', 'Jimenez', '', 1, 's/a', 0, 1, '', 'true');
        INSERT INTO loan_applications (loan_application_id, loan_application_number, application_date, agency_id, client_id, employee_id, destination_id, guarantee_type_id, amount, term, status) VALUES (0994, LPAD(0994, 8, '0'), '2024-09-14', 1, 0994, 1, 1, 1, 400.0, 14, 'approved');
        INSERT INTO loans (loan_id, loan_number, loan_application_id, destination_id, approval_date, outlay_date, due_date, last_payment_date, next_payment_date, balance, status) VALUES (0994, LPAD(0994, 9, '0'), 0994, 1, '2024-09-14', '2024-09-16', NULL, '2024-10-31', NULL, 205.23999999999998, 'in_progress');
        INSERT INTO loan_deductions (loan_deduction_id, loan_id, financial_advice, iva_financial_advice, notarial_charges, registration_expenses, balance_cancellation, loan_cancellation_id, other_expenses, total_deductions, other_expenses_description) VALUES (0994, 0994, 12.0, 1.56, 0, 0, 0, NULL, 0.0, 13.56, '' );
        INSERT INTO outlay_conditions (outlay_condition_id, loan_id, type, date, place, amount, cash_to, check_to, bank, bank_account_number, bank_account_owner, local_account_number, local_account_owner) VALUES (NULL, 0994, 1, '2024-09-16', 'Agencia Central', 386.44, NULL, NULL, NULL, NULL, NULL, NULL, NULL);
        INSERT INTO amortizations (amortization_id, amortizationable_id, amortizationable_type, date, amount, term, interest_rate, include_iva, include_insurance, payment, payment_frequency_id, amortization_method_id, last_payment_date)  VALUES ( NULL, 0994,  'App\\Models\\Loan',  '2024-09-16',  400.0,  14,  1.45, 1.56, '0', 31.78, 1, 2, '2024-10-31');
        INSERT INTO amortizations (amortization_id, amortizationable_id, amortizationable_type, date, amount, term, interest_rate, include_iva, include_insurance, payment, payment_frequency_id, amortization_method_id, last_payment_date) VALUES ( NULL, 0994, 'App\\Models\\LoanApplication', '2024-09-16', 400.0, 14, 1.45, 1.56, 0, 31.78, 1, 2, '2024-10-31');

        INSERT INTO clients (client_id, employee_id, registration_date, client_type_id, first_name, second_name, first_surname, second_surname, married_name, family_status_id, phone_number, cellphone_number, identification_type_id, identification_number, nit_homologation) 
        VALUES ('0995', '1', NOW(), 1, 'Carlos', 'Alberto', 'Pleitez', 'Guerra', '', 1, 's/a', 0, 1, '', 'true');
        INSERT INTO loan_applications (loan_application_id, loan_application_number, application_date, agency_id, client_id, employee_id, destination_id, guarantee_type_id, amount, term, status) VALUES (0995, LPAD(0995, 8, '0'), '2024-09-06', 1, 0995, 1, 1, 1, 1000.0, 12, 'approved');
        INSERT INTO loans (loan_id, loan_number, loan_application_id, destination_id, approval_date, outlay_date, due_date, last_payment_date, next_payment_date, balance, status) VALUES (0995, LPAD(0995, 9, '0'), 0995, 1, '2024-09-06', '2024-09-08', NULL, '2024-10-17', NULL, 755.5799999999999, 'in_progress');
        INSERT INTO loan_deductions (loan_deduction_id, loan_id, financial_advice, iva_financial_advice, notarial_charges, registration_expenses, balance_cancellation, loan_cancellation_id, other_expenses, total_deductions, other_expenses_description) VALUES (0995, 0995, 30.0, 3.9, 0, 0, 0, NULL, 0.0, 628.69, '' );
        INSERT INTO outlay_conditions (outlay_condition_id, loan_id, type, date, place, amount, cash_to, check_to, bank, bank_account_number, bank_account_owner, local_account_number, local_account_owner) VALUES (NULL, 0995, 1, '2024-09-08', 'Agencia Central', 371.31, NULL, NULL, NULL, NULL, NULL, NULL, NULL);
        INSERT INTO amortizations (amortization_id, amortizationable_id, amortizationable_type, date, amount, term, interest_rate, include_iva, include_insurance, payment, payment_frequency_id, amortization_method_id, last_payment_date)  VALUES ( NULL, 0995,  'App\\Models\\Loan',  '2024-09-08',  1000.0,  12,  3.31, 3.9, '0', 102.33, 3, 2, '2024-10-17');
        INSERT INTO amortizations (amortization_id, amortizationable_id, amortizationable_type, date, amount, term, interest_rate, include_iva, include_insurance, payment, payment_frequency_id, amortization_method_id, last_payment_date) VALUES ( NULL, 0995, 'App\\Models\\LoanApplication', '2024-09-08', 1000.0, 12, 3.31, 3.9, 0, 102.33, 3, 2, '2024-10-17');

        INSERT INTO clients (client_id, employee_id, registration_date, client_type_id, first_name, second_name, first_surname, second_surname, married_name, family_status_id, phone_number, cellphone_number, identification_type_id, identification_number, nit_homologation) 
        VALUES ('0996', '2', NOW(), 1, 'Kareen', 'Elena', 'Ramos', 'Pinto', '', 1, 's/a', 0, 1, '', 'true');
        INSERT INTO loan_applications (loan_application_id, loan_application_number, application_date, agency_id, client_id, employee_id, destination_id, guarantee_type_id, amount, term, status) VALUES (0996, LPAD(0996, 8, '0'), '2024-09-17', 1, 0996, 2, 1, 1, 700.0, 14, 'approved');
        INSERT INTO loans (loan_id, loan_number, loan_application_id, destination_id, approval_date, outlay_date, due_date, last_payment_date, next_payment_date, balance, status) VALUES (0996, LPAD(0996, 9, '0'), 0996, 1, '2024-09-17', '2024-09-18', NULL, '2024-10-29', NULL, 413.6, 'in_progress');
        INSERT INTO loan_deductions (loan_deduction_id, loan_id, financial_advice, iva_financial_advice, notarial_charges, registration_expenses, balance_cancellation, loan_cancellation_id, other_expenses, total_deductions, other_expenses_description) VALUES (0996, 0996, 21.0, 2.73, 0, 0, 0, NULL, 0.0, 210.28, '' );
        INSERT INTO outlay_conditions (outlay_condition_id, loan_id, type, date, place, amount, cash_to, check_to, bank, bank_account_number, bank_account_owner, local_account_number, local_account_owner) VALUES (NULL, 0996, 1, '2024-09-18', 'Agencia Central', 489.72, NULL, NULL, NULL, NULL, NULL, NULL, NULL);
        INSERT INTO amortizations (amortization_id, amortizationable_id, amortizationable_type, date, amount, term, interest_rate, include_iva, include_insurance, payment, payment_frequency_id, amortization_method_id, last_payment_date)  VALUES ( NULL, 0996,  'App\\Models\\Loan',  '2024-09-18',  700.0,  14,  1.35, 2.73, '0', 55.21, 1, 2, '2024-10-29');
        INSERT INTO amortizations (amortization_id, amortizationable_id, amortizationable_type, date, amount, term, interest_rate, include_iva, include_insurance, payment, payment_frequency_id, amortization_method_id, last_payment_date) VALUES ( NULL, 0996, 'App\\Models\\LoanApplication', '2024-09-18', 700.0, 14, 1.35, 2.73, 0, 55.21, 1, 2, '2024-10-29');

        INSERT INTO clients (client_id, employee_id, registration_date, client_type_id, first_name, second_name, first_surname, second_surname, married_name, family_status_id, phone_number, cellphone_number, identification_type_id, identification_number, nit_homologation) 
        VALUES ('0997', '2', NOW(), 1, 'Mariluz', 'Mendoza', 'Pichinte', '', '', 1, 's/a', 0, 1, '', 'true');
        INSERT INTO loan_applications (loan_application_id, loan_application_number, application_date, agency_id, client_id, employee_id, destination_id, guarantee_type_id, amount, term, status) VALUES (0997, LPAD(0997, 8, '0'), '2024-09-17', 1, 0997, 2, 1, 1, 300.0, 8, 'approved');
        INSERT INTO loans (loan_id, loan_number, loan_application_id, destination_id, approval_date, outlay_date, due_date, last_payment_date, next_payment_date, balance, status) VALUES (0997, LPAD(0997, 9, '0'), 0997, 1, '2024-09-17', '2024-09-19', NULL, '2024-10-14', NULL, 272.82, 'in_progress');
        INSERT INTO loan_deductions (loan_deduction_id, loan_id, financial_advice, iva_financial_advice, notarial_charges, registration_expenses, balance_cancellation, loan_cancellation_id, other_expenses, total_deductions, other_expenses_description) VALUES (0997, 0997, 9.0, 1.17, 0, 0, 0, NULL, 0.0, 159.58, '' );
        INSERT INTO outlay_conditions (outlay_condition_id, loan_id, type, date, place, amount, cash_to, check_to, bank, bank_account_number, bank_account_owner, local_account_number, local_account_owner) VALUES (NULL, 0997, 1, '2024-09-19', 'Agencia Central', 140.42, NULL, NULL, NULL, NULL, NULL, NULL, NULL);
        INSERT INTO amortizations (amortization_id, amortizationable_id, amortizationable_type, date, amount, term, interest_rate, include_iva, include_insurance, payment, payment_frequency_id, amortization_method_id, last_payment_date)  VALUES ( NULL, 0997,  'App\\Models\\Loan',  '2024-09-19',  300.0,  8,  3.3, 1.17, '0', 43.28, 3, 2, '2024-10-14');
        INSERT INTO amortizations (amortization_id, amortizationable_id, amortizationable_type, date, amount, term, interest_rate, include_iva, include_insurance, payment, payment_frequency_id, amortization_method_id, last_payment_date) VALUES ( NULL, 0997, 'App\\Models\\LoanApplication', '2024-09-19', 300.0, 8, 3.3, 1.17, 0, 43.28, 3, 2, '2024-10-14');

        INSERT INTO clients (client_id, employee_id, registration_date, client_type_id, first_name, second_name, first_surname, second_surname, married_name, family_status_id, phone_number, cellphone_number, identification_type_id, identification_number, nit_homologation) 
        VALUES ('0998', '2', NOW(), 1, 'Ana', 'Cecilia', 'Cabrera', 'Ramirez', '', 1, 's/a', 0, 1, '', 'true');
        INSERT INTO loan_applications (loan_application_id, loan_application_number, application_date, agency_id, client_id, employee_id, destination_id, guarantee_type_id, amount, term, status) VALUES (0998, LPAD(0998, 8, '0'), '2024-09-18', 1, 0998, 2, 1, 1, 975.0, 10, 'approved');
        INSERT INTO loans (loan_id, loan_number, loan_application_id, destination_id, approval_date, outlay_date, due_date, last_payment_date, next_payment_date, balance, status) VALUES (0998, LPAD(0998, 9, '0'), 0998, 1, '2024-09-18', '2024-09-19', NULL, '2024-10-30', NULL, 403.85, 'in_progress');
        INSERT INTO loan_deductions (loan_deduction_id, loan_id, financial_advice, iva_financial_advice, notarial_charges, registration_expenses, balance_cancellation, loan_cancellation_id, other_expenses, total_deductions, other_expenses_description) VALUES (0998, 0998, 29.25, 3.8, 0, 0, 0, NULL, 0.0, 33.05, '' );
        INSERT INTO outlay_conditions (outlay_condition_id, loan_id, type, date, place, amount, cash_to, check_to, bank, bank_account_number, bank_account_owner, local_account_number, local_account_owner) VALUES (NULL, 0998, 1, '2024-09-19', 'Agencia Central', 941.95, NULL, NULL, NULL, NULL, NULL, NULL, NULL);
        INSERT INTO amortizations (amortization_id, amortizationable_id, amortizationable_type, date, amount, term, interest_rate, include_iva, include_insurance, payment, payment_frequency_id, amortization_method_id, last_payment_date)  VALUES ( NULL, 0998,  'App\\Models\\Loan',  '2024-09-19',  975.0,  10,  1.19, 3.8, '0', 103.99, 1, 2, '2024-10-30');
        INSERT INTO amortizations (amortization_id, amortizationable_id, amortizationable_type, date, amount, term, interest_rate, include_iva, include_insurance, payment, payment_frequency_id, amortization_method_id, last_payment_date) VALUES ( NULL, 0998, 'App\\Models\\LoanApplication', '2024-09-19', 975.0, 10, 1.19, 3.8, 0, 103.99, 1, 2, '2024-10-30');

        INSERT INTO clients (client_id, employee_id, registration_date, client_type_id, first_name, second_name, first_surname, second_surname, married_name, family_status_id, phone_number, cellphone_number, identification_type_id, identification_number, nit_homologation) 
        VALUES ('0999', '2', NOW(), 1, 'Zoila', 'Elena', 'Giron', 'De', 'Platero', 1, 's/a', 0, 1, '', 'true');
        INSERT INTO loan_applications (loan_application_id, loan_application_number, application_date, agency_id, client_id, employee_id, destination_id, guarantee_type_id, amount, term, status) VALUES (0999, LPAD(0999, 8, '0'), '2024-09-19', 1, 0999, 2, 1, 1, 800.0, 14, 'approved');
        INSERT INTO loans (loan_id, loan_number, loan_application_id, destination_id, approval_date, outlay_date, due_date, last_payment_date, next_payment_date, balance, status) VALUES (0999, LPAD(0999, 9, '0'), 0999, 1, '2024-09-19', '2024-09-20', NULL, '2024-10-25', NULL, 510.3, 'in_progress');
        INSERT INTO loan_deductions (loan_deduction_id, loan_id, financial_advice, iva_financial_advice, notarial_charges, registration_expenses, balance_cancellation, loan_cancellation_id, other_expenses, total_deductions, other_expenses_description) VALUES (0999, 0999, 24.0, 3.12, 0, 0, 0, NULL, 0.0, 385.82, '' );
        INSERT INTO outlay_conditions (outlay_condition_id, loan_id, type, date, place, amount, cash_to, check_to, bank, bank_account_number, bank_account_owner, local_account_number, local_account_owner) VALUES (NULL, 0999, 1, '2024-09-20', 'Agencia Central', 414.18, NULL, NULL, NULL, NULL, NULL, NULL, NULL);
        INSERT INTO amortizations (amortization_id, amortizationable_id, amortizationable_type, date, amount, term, interest_rate, include_iva, include_insurance, payment, payment_frequency_id, amortization_method_id, last_payment_date)  VALUES ( NULL, 0999,  'App\\Models\\Loan',  '2024-09-20',  800.0,  14,  1.45, 3.12, '0', 63.55, 1, 2, '2024-10-25');
        INSERT INTO amortizations (amortization_id, amortizationable_id, amortizationable_type, date, amount, term, interest_rate, include_iva, include_insurance, payment, payment_frequency_id, amortization_method_id, last_payment_date) VALUES ( NULL, 0999, 'App\\Models\\LoanApplication', '2024-09-20', 800.0, 14, 1.45, 3.12, 0, 63.55, 1, 2, '2024-10-25');
